,mean_fit_time,std_fit_time,mean_score_time,std_score_time,param_model__early_stopping,param_model__l2_regularization,param_model__learning_rate,param_model__loss,param_model__max_bins,param_model__max_depth,param_model__max_features,param_model__max_iter,param_model__max_leaf_nodes,param_model__min_samples_leaf,param_model__n_iter_no_change,param_model__validation_fraction,params,split0_test_score,split1_test_score,split2_test_score,split3_test_score,split4_test_score,mean_test_score,std_test_score,rank_test_score
0,2.838461399078369,0.3969700659922475,0.2694615364074707,0.023213960947077287,True,22.24402731350156,0.07490207577796125,squared_error,238,7,0.6701862669798289,224,31,23,12,0.11268338183958507,"OrderedDict({'model__early_stopping': True, 'model__l2_regularization': 22.24402731350156, 'model__learning_rate': 0.07490207577796125, 'model__loss': 'squared_error', 'model__max_bins': 238, 'model__max_depth': 7, 'model__max_features': 0.6701862669798289, 'model__max_iter': 224, 'model__max_leaf_nodes': 31, 'model__min_samples_leaf': 23, 'model__n_iter_no_change': 12, 'model__validation_fraction': 0.11268338183958507})",-1537.5722304051162,-1583.391058122465,-1579.9696151587912,-1561.05066787667,-1553.8587305676822,-1563.168460426145,16.956151476954346,58
1,2.2239494800567625,0.3114429699295909,0.21070547103881837,0.01673466117025444,True,26.39055316599914,0.04039842879896335,squared_error,238,5,0.627661707655715,185,50,29,12,0.19922939998623368,"OrderedDict({'model__early_stopping': True, 'model__l2_regularization': 26.39055316599914, 'model__learning_rate': 0.04039842879896335, 'model__loss': 'squared_error', 'model__max_bins': 238, 'model__max_depth': 5, 'model__max_features': 0.627661707655715, 'model__max_iter': 185, 'model__max_leaf_nodes': 50, 'model__min_samples_leaf': 29, 'model__n_iter_no_change': 12, 'model__validation_fraction': 0.19922939998623368})",-1744.9845987707417,-1771.6508611422898,-1784.5888360072438,-1767.5752859554743,-1755.259967057554,-1764.8119097866609,13.63742047640633,79
2,3.4894017696380617,0.49130755385697,0.30785574913024905,0.02091138794407842,True,27.437342353928234,0.03324971886296158,squared_error,238,7,0.6310896108101086,225,50,29,13,0.13814732328914414,"OrderedDict({'model__early_stopping': True, 'model__l2_regularization': 27.437342353928234, 'model__learning_rate': 0.03324971886296158, 'model__loss': 'squared_error', 'model__max_bins': 238, 'model__max_depth': 7, 'model__max_features': 0.6310896108101086, 'model__max_iter': 225, 'model__max_leaf_nodes': 50, 'model__min_samples_leaf': 29, 'model__n_iter_no_change': 13, 'model__validation_fraction': 0.13814732328914414})",-1628.2880616301838,-1669.313369127778,-1659.1771599583815,-1638.7361875829222,-1637.1028912964018,-1646.5235339191336,15.240830428586845,71
3,2.7950642108917236,0.36726879546632357,0.27873692512512205,0.018073158038300674,True,12.078237776263999,0.053934990946300665,squared_error,238,5,0.7511601065671764,237,100,18,10,0.1837530185101334,"OrderedDict({'model__early_stopping': True, 'model__l2_regularization': 12.078237776263999, 'model__learning_rate': 0.053934990946300665, 'model__loss': 'squared_error', 'model__max_bins': 238, 'model__max_depth': 5, 'model__max_features': 0.7511601065671764, 'model__max_iter': 237, 'model__max_leaf_nodes': 100, 'model__min_samples_leaf': 18, 'model__n_iter_no_change': 10, 'model__validation_fraction': 0.1837530185101334})",-1636.1168187269984,-1667.9615363159323,-1679.2234188848697,-1652.941029116069,-1640.2914173068702,-1655.3068440701477,16.318461818778875,73
4,3.326621580123901,0.5868300463303608,0.2863530158996582,0.021323859445677298,True,16.180540880277153,0.05028575898582114,squared_error,238,9,0.6848356144921364,215,31,23,12,0.18823904872625433,"OrderedDict({'model__early_stopping': True, 'model__l2_regularization': 16.180540880277153, 'model__learning_rate': 0.05028575898582114, 'model__loss': 'squared_error', 'model__max_bins': 238, 'model__max_depth': 9, 'model__max_features': 0.6848356144921364, 'model__max_iter': 215, 'model__max_leaf_nodes': 31, 'model__min_samples_leaf': 23, 'model__n_iter_no_change': 12, 'model__validation_fraction': 0.18823904872625433})",-1595.5502055997497,-1623.3208312918468,-1634.7814705372168,-1608.197298519612,-1603.156220749654,-1613.0012053396156,14.180361533504428,66
5,3.797480010986328,0.4262487136693179,0.3093315601348877,0.02839701205930976,True,28.066823777211614,0.03522190141730566,squared_error,238,7,0.6918049028301612,203,100,21,12,0.15646003731411653,"OrderedDict({'model__early_stopping': True, 'model__l2_regularization': 28.066823777211614, 'model__learning_rate': 0.03522190141730566, 'model__loss': 'squared_error', 'model__max_bins': 238, 'model__max_depth': 7, 'model__max_features': 0.6918049028301612, 'model__max_iter': 203, 'model__max_leaf_nodes': 100, 'model__min_samples_leaf': 21, 'model__n_iter_no_change': 12, 'model__validation_fraction': 0.15646003731411653})",-1589.0856997401352,-1637.0010874450177,-1630.163929205842,-1606.2690869952487,-1605.919904300736,-1613.6879415373958,17.524913970912383,67
6,3.4381793975830077,0.507097153653283,0.31464056968688964,0.03222884715768879,True,23.439202187728885,0.042663236427654315,squared_error,238,8,0.7297555019407451,192,50,23,14,0.16578527572970275,"OrderedDict({'model__early_stopping': True, 'model__l2_regularization': 23.439202187728885, 'model__learning_rate': 0.042663236427654315, 'model__loss': 'squared_error', 'model__max_bins': 238, 'model__max_depth': 8, 'model__max_features': 0.7297555019407451, 'model__max_iter': 192, 'model__max_leaf_nodes': 50, 'model__min_samples_leaf': 23, 'model__n_iter_no_change': 14, 'model__validation_fraction': 0.16578527572970275})",-1581.6033478754075,-1617.5252292563725,-1618.3777258685723,-1591.3694401798618,-1598.1129234880116,-1601.3977333336452,14.502348817989779,64
7,2.266062831878662,0.36698020154486705,0.22749433517456055,0.03542872792950035,True,27.47615492371132,0.04882031160593667,squared_error,238,5,0.7141555605357797,153,31,27,11,0.15727564251234588,"OrderedDict({'model__early_stopping': True, 'model__l2_regularization': 27.47615492371132, 'model__learning_rate': 0.04882031160593667, 'model__loss': 'squared_error', 'model__max_bins': 238, 'model__max_depth': 5, 'model__max_features': 0.7141555605357797, 'model__max_iter': 153, 'model__max_leaf_nodes': 31, 'model__min_samples_leaf': 27, 'model__n_iter_no_change': 11, 'model__validation_fraction': 0.15727564251234588})",-1742.062408527886,-1772.5964120457375,-1786.953764073791,-1758.8000489786364,-1746.719193220344,-1761.426365369279,16.580586855300872,78
8,2.880079174041748,0.41631762592592164,0.26513080596923827,0.026916416913992006,True,21.591428813732357,0.07053711968029762,squared_error,238,6,0.6000122101505346,187,50,14,13,0.14444018197484193,"OrderedDict({'model__early_stopping': True, 'model__l2_regularization': 21.591428813732357, 'model__learning_rate': 0.07053711968029762, 'model__loss': 'squared_error', 'model__max_bins': 238, 'model__max_depth': 6, 'model__max_features': 0.6000122101505346, 'model__max_iter': 187, 'model__max_leaf_nodes': 50, 'model__min_samples_leaf': 14, 'model__n_iter_no_change': 13, 'model__validation_fraction': 0.14444018197484193})",-1572.5473829317987,-1614.5649249681035,-1615.686529111298,-1595.2826277097245,-1578.7491819344016,-1595.3661293310652,17.76703408945642,63
9,2.774210500717163,0.4617107986242071,0.2325887680053711,0.02789061703690389,True,24.558627118639283,0.062070397352653704,squared_error,238,6,0.6625678612469257,165,100,26,13,0.10198475544816521,"OrderedDict({'model__early_stopping': True, 'model__l2_regularization': 24.558627118639283, 'model__learning_rate': 0.062070397352653704, 'model__loss': 'squared_error', 'model__max_bins': 238, 'model__max_depth': 6, 'model__max_features': 0.6625678612469257, 'model__max_iter': 165, 'model__max_leaf_nodes': 100, 'model__min_samples_leaf': 26, 'model__n_iter_no_change': 13, 'model__validation_fraction': 0.10198475544816521})",-1598.1877246565136,-1639.3502528180213,-1638.9033724944206,-1625.7439600214855,-1623.3000091681117,-1625.0970638317108,14.976835247538839,69
10,3.1333348751068115,0.43139272179101346,0.26696066856384276,0.02233681203830154,True,13.345298894051464,0.07999999999999999,squared_error,238,7,0.6,172,50,10,15,0.1432720614337367,"OrderedDict({'model__early_stopping': True, 'model__l2_regularization': 13.345298894051464, 'model__learning_rate': 0.07999999999999999, 'model__loss': 'squared_error', 'model__max_bins': 238, 'model__max_depth': 7, 'model__max_features': 0.6, 'model__max_iter': 172, 'model__max_leaf_nodes': 50, 'model__min_samples_leaf': 10, 'model__n_iter_no_change': 15, 'model__validation_fraction': 0.1432720614337367})",-1519.1439058881704,-1560.3845681110563,-1547.9649122886822,-1522.376111188606,-1522.9595394087826,-1534.5658073770596,16.536466449174046,55
11,4.468308925628662,0.4661701314359926,0.37013840675354004,0.026236973496382893,True,13.276730196794425,0.07999999999999999,squared_error,238,7,0.6934584820807193,250,100,10,11,0.1483801471924029,"OrderedDict({'model__early_stopping': True, 'model__l2_regularization': 13.276730196794425, 'model__learning_rate': 0.07999999999999999, 'model__loss': 'squared_error', 'model__max_bins': 238, 'model__max_depth': 7, 'model__max_features': 0.6934584820807193, 'model__max_iter': 250, 'model__max_leaf_nodes': 100, 'model__min_samples_leaf': 10, 'model__n_iter_no_change': 11, 'model__validation_fraction': 0.1483801471924029})",-1446.401349350677,-1473.517065214666,-1475.4284474141546,-1451.2426591382368,-1438.3220112552103,-1456.9823064745888,14.877937928577289,38
12,3.0170562267303467,0.4504875856642659,0.27858524322509765,0.030300402416317627,True,10.0,0.07999999999999999,squared_error,238,9,0.8,250,20,10,8,0.1,"OrderedDict({'model__early_stopping': True, 'model__l2_regularization': 10.0, 'model__learning_rate': 0.07999999999999999, 'model__loss': 'squared_error', 'model__max_bins': 238, 'model__max_depth': 9, 'model__max_features': 0.8, 'model__max_iter': 250, 'model__max_leaf_nodes': 20, 'model__min_samples_leaf': 10, 'model__n_iter_no_change': 8, 'model__validation_fraction': 0.1})",-1565.6664055865497,-1609.658206196331,-1609.9795341596978,-1591.8661987148973,-1582.8228251865628,-1591.9986339688078,16.809357634449107,62
13,4.4153406620025635,0.5642905335602361,0.3678562164306641,0.033114582846714986,True,11.662767241528433,0.07999999999999999,squared_error,238,7,0.6678676364893867,250,100,10,12,0.16427614595052803,"OrderedDict({'model__early_stopping': True, 'model__l2_regularization': 11.662767241528433, 'model__learning_rate': 0.07999999999999999, 'model__loss': 'squared_error', 'model__max_bins': 238, 'model__max_depth': 7, 'model__max_features': 0.6678676364893867, 'model__max_iter': 250, 'model__max_leaf_nodes': 100, 'model__min_samples_leaf': 10, 'model__n_iter_no_change': 12, 'model__validation_fraction': 0.16427614595052803})",-1446.6099935569596,-1470.4554706945778,-1482.0570148209115,-1451.053593934054,-1431.8697925544407,-1456.4091731121887,17.78762269970668,37
14,4.431971025466919,0.553107440831327,0.38164339065551756,0.04002553103995906,True,11.214445526794675,0.07999999999999999,squared_error,238,7,0.6,250,100,10,15,0.2,"OrderedDict({'model__early_stopping': True, 'model__l2_regularization': 11.214445526794675, 'model__learning_rate': 0.07999999999999999, 'model__loss': 'squared_error', 'model__max_bins': 238, 'model__max_depth': 7, 'model__max_features': 0.6, 'model__max_iter': 250, 'model__max_leaf_nodes': 100, 'model__min_samples_leaf': 10, 'model__n_iter_no_change': 15, 'model__validation_fraction': 0.2})",-1446.523947066029,-1467.4382577831914,-1478.8304965905822,-1446.6993112076475,-1430.2970516218859,-1453.9578128538672,17.13565067650357,35
15,4.282429027557373,0.5247235762627634,0.38087997436523435,0.03236293949981805,True,18.986276784844804,0.07999999999999999,squared_error,238,7,0.6,250,100,10,15,0.2,"OrderedDict({'model__early_stopping': True, 'model__l2_regularization': 18.986276784844804, 'model__learning_rate': 0.07999999999999999, 'model__loss': 'squared_error', 'model__max_bins': 238, 'model__max_depth': 7, 'model__max_features': 0.6, 'model__max_iter': 250, 'model__max_leaf_nodes': 100, 'model__min_samples_leaf': 10, 'model__n_iter_no_change': 15, 'model__validation_fraction': 0.2})",-1470.0684432681148,-1502.0706232984962,-1496.5213795163443,-1466.52312768909,-1460.042835072815,-1479.0452817689722,16.935532455390994,47
16,5.46593713760376,0.6721849898241664,0.4230355262756348,0.030495928834124223,True,10.026382863807411,0.07999999999999999,squared_error,238,7,0.6991519025233582,250,100,10,11,0.15005953991262722,"OrderedDict({'model__early_stopping': True, 'model__l2_regularization': 10.026382863807411, 'model__learning_rate': 0.07999999999999999, 'model__loss': 'squared_error', 'model__max_bins': 238, 'model__max_depth': 7, 'model__max_features': 0.6991519025233582, 'model__max_iter': 250, 'model__max_leaf_nodes': 100, 'model__min_samples_leaf': 10, 'model__n_iter_no_change': 11, 'model__validation_fraction': 0.15005953991262722})",-1441.982457460491,-1465.2307937734208,-1462.5771840263046,-1443.914759203521,-1416.44290911109,-1446.0296207149654,17.542705444231682,30
17,5.154802751541138,0.5894594730531231,0.43224449157714845,0.0429166573141867,True,10.0,0.07999999999999999,squared_error,238,7,0.8,250,50,10,8,0.1,"OrderedDict({'model__early_stopping': True, 'model__l2_regularization': 10.0, 'model__learning_rate': 0.07999999999999999, 'model__loss': 'squared_error', 'model__max_bins': 238, 'model__max_depth': 7, 'model__max_features': 0.8, 'model__max_iter': 250, 'model__max_leaf_nodes': 50, 'model__min_samples_leaf': 10, 'model__n_iter_no_change': 8, 'model__validation_fraction': 0.1})",-1460.4587459141544,-1494.6950587847473,-1484.0383962274323,-1473.9897035449317,-1453.8692357033979,-1473.410228034933,14.939404549505603,45
18,4.576321363449097,0.7358850598155315,0.3237259864807129,0.04221981975232815,True,10.0,0.03,squared_error,238,10,0.8,150,50,10,8,0.1,"OrderedDict({'model__early_stopping': True, 'model__l2_regularization': 10.0, 'model__learning_rate': 0.03, 'model__loss': 'squared_error', 'model__max_bins': 238, 'model__max_depth': 10, 'model__max_features': 0.8, 'model__max_iter': 150, 'model__max_leaf_nodes': 50, 'model__min_samples_leaf': 10, 'model__n_iter_no_change': 8, 'model__validation_fraction': 0.1})",-1657.8370955917285,-1693.062241214933,-1692.6243511606883,-1672.463410019096,-1661.7299132991218,-1675.5434022571135,14.91630422714697,75
19,6.171740484237671,0.8992484899769582,0.4737858295440674,0.045528363863968045,True,10.0,0.07999999999999999,squared_error,238,7,0.8,250,100,10,8,0.1,"OrderedDict({'model__early_stopping': True, 'model__l2_regularization': 10.0, 'model__learning_rate': 0.07999999999999999, 'model__loss': 'squared_error', 'model__max_bins': 238, 'model__max_depth': 7, 'model__max_features': 0.8, 'model__max_iter': 250, 'model__max_leaf_nodes': 100, 'model__min_samples_leaf': 10, 'model__n_iter_no_change': 8, 'model__validation_fraction': 0.1})",-1423.5530618823564,-1457.7477659181948,-1465.2920235371341,-1437.1221289837313,-1424.234265613861,-1441.5898491870553,17.14277599030123,27
20,4.61195969581604,0.11652963640449106,0.48496260643005373,0.1050837190250633,True,10.0,0.07999999999999999,squared_error,238,7,0.8,250,20,10,8,0.1,"OrderedDict({'model__early_stopping': True, 'model__l2_regularization': 10.0, 'model__learning_rate': 0.07999999999999999, 'model__loss': 'squared_error', 'model__max_bins': 238, 'model__max_depth': 7, 'model__max_features': 0.8, 'model__max_iter': 250, 'model__max_leaf_nodes': 20, 'model__min_samples_leaf': 10, 'model__n_iter_no_change': 8, 'model__validation_fraction': 0.1})",-1572.2838339913194,-1604.783240783116,-1605.4404436396492,-1594.5391884067726,-1580.6548914753457,-1591.5403196592404,13.167280716643269,61
21,5.735553503036499,0.7496263419905352,0.4298079013824463,0.03228592356703593,True,10.0,0.07999999999999999,squared_error,238,8,0.8,250,50,10,8,0.1,"OrderedDict({'model__early_stopping': True, 'model__l2_regularization': 10.0, 'model__learning_rate': 0.07999999999999999, 'model__loss': 'squared_error', 'model__max_bins': 238, 'model__max_depth': 8, 'model__max_features': 0.8, 'model__max_iter': 250, 'model__max_leaf_nodes': 50, 'model__min_samples_leaf': 10, 'model__n_iter_no_change': 8, 'model__validation_fraction': 0.1})",-1448.0049152697757,-1490.8064782279475,-1474.7580466992956,-1460.0973453812287,-1440.748042847831,-1462.8829656852156,18.109726532857433,41
22,3.2418882846832275,0.3802113274328283,0.28644309043884275,0.02415414022912531,True,29.999999999999996,0.03,squared_error,238,5,0.6,150,20,30,15,0.2,"OrderedDict({'model__early_stopping': True, 'model__l2_regularization': 29.999999999999996, 'model__learning_rate': 0.03, 'model__loss': 'squared_error', 'model__max_bins': 238, 'model__max_depth': 5, 'model__max_features': 0.6, 'model__max_iter': 150, 'model__max_leaf_nodes': 20, 'model__min_samples_leaf': 30, 'model__n_iter_no_change': 15, 'model__validation_fraction': 0.2})",-1858.5638663577608,-1885.083345318813,-1884.37573672735,-1878.3127073882217,-1856.4669634817935,-1872.5605238547876,12.525310651751573,80
23,6.05731987953186,0.9873532212895135,0.4272514820098877,0.05228219389853373,True,23.39964376524445,0.04107586857795234,squared_error,238,8,0.6234956907456806,200,100,19,12,0.1594895547493703,"OrderedDict({'model__early_stopping': True, 'model__l2_regularization': 23.39964376524445, 'model__learning_rate': 0.04107586857795234, 'model__loss': 'squared_error', 'model__max_bins': 238, 'model__max_depth': 8, 'model__max_features': 0.6234956907456806, 'model__max_iter': 200, 'model__max_leaf_nodes': 100, 'model__min_samples_leaf': 19, 'model__n_iter_no_change': 12, 'model__validation_fraction': 0.1594895547493703})",-1532.2524008525213,-1564.9477347181296,-1566.1674747033,-1537.0266200726023,-1542.1966816194329,-1548.5181823931973,14.268992496844051,57
24,6.127530717849732,0.8183022792265414,0.47463011741638184,0.03581886116981766,True,10.0,0.07999999999999999,squared_error,238,7,0.768062232155701,250,100,10,8,0.1,"OrderedDict({'model__early_stopping': True, 'model__l2_regularization': 10.0, 'model__learning_rate': 0.07999999999999999, 'model__loss': 'squared_error', 'model__max_bins': 238, 'model__max_depth': 7, 'model__max_features': 0.768062232155701, 'model__max_iter': 250, 'model__max_leaf_nodes': 100, 'model__min_samples_leaf': 10, 'model__n_iter_no_change': 8, 'model__validation_fraction': 0.1})",-1430.9249576777836,-1467.5696502063925,-1462.1563388180316,-1444.8619941317347,-1420.267372625885,-1445.1560626919654,17.96349639172494,29
25,7.103209161758423,1.0632464165417272,0.5027185440063476,0.054630648635652666,True,10.0,0.07999999999999999,squared_error,238,8,0.7452051273300584,250,100,10,8,0.10008296742003892,"OrderedDict({'model__early_stopping': True, 'model__l2_regularization': 10.0, 'model__learning_rate': 0.07999999999999999, 'model__loss': 'squared_error', 'model__max_bins': 238, 'model__max_depth': 8, 'model__max_features': 0.7452051273300584, 'model__max_iter': 250, 'model__max_leaf_nodes': 100, 'model__min_samples_leaf': 10, 'model__n_iter_no_change': 8, 'model__validation_fraction': 0.10008296742003892})",-1392.5245544072159,-1436.700946341259,-1433.0193239810947,-1417.4504007427936,-1391.2538558077201,-1414.1898162560165,19.325499231542807,17
26,7.074949073791504,1.0382544729151393,0.5204054355621338,0.0412127772577146,True,10.0,0.07999999999999999,squared_error,238,8,0.8,250,100,10,8,0.1,"OrderedDict({'model__early_stopping': True, 'model__l2_regularization': 10.0, 'model__learning_rate': 0.07999999999999999, 'model__loss': 'squared_error', 'model__max_bins': 238, 'model__max_depth': 8, 'model__max_features': 0.8, 'model__max_iter': 250, 'model__max_leaf_nodes': 100, 'model__min_samples_leaf': 10, 'model__n_iter_no_change': 8, 'model__validation_fraction': 0.1})",-1400.1987732583675,-1435.458048972921,-1437.4774269517686,-1420.7711108573749,-1394.290968157073,-1417.639265639501,17.72108296932199,19
27,7.190249586105347,1.142905995441022,0.5004398345947265,0.0526422306724665,True,10.0,0.07999999999999999,squared_error,238,8,0.6973136344824142,250,100,10,8,0.1,"OrderedDict({'model__early_stopping': True, 'model__l2_regularization': 10.0, 'model__learning_rate': 0.07999999999999999, 'model__loss': 'squared_error', 'model__max_bins': 238, 'model__max_depth': 8, 'model__max_features': 0.6973136344824142, 'model__max_iter': 250, 'model__max_leaf_nodes': 100, 'model__min_samples_leaf': 10, 'model__n_iter_no_change': 8, 'model__validation_fraction': 0.1})",-1396.2719894038748,-1438.0962308931391,-1437.5789794512173,-1412.1505363631127,-1396.7221871754607,-1416.163984657361,18.597893206867493,18
28,5.054980087280273,0.8176480171001709,0.41489858627319337,0.04271812855057757,True,10.0,0.07999999999999999,squared_error,238,8,0.8,250,50,30,8,0.1,"OrderedDict({'model__early_stopping': True, 'model__l2_regularization': 10.0, 'model__learning_rate': 0.07999999999999999, 'model__loss': 'squared_error', 'model__max_bins': 238, 'model__max_depth': 8, 'model__max_features': 0.8, 'model__max_iter': 250, 'model__max_leaf_nodes': 50, 'model__min_samples_leaf': 30, 'model__n_iter_no_change': 8, 'model__validation_fraction': 0.1})",-1466.029556528005,-1493.7597475963141,-1505.0023621621524,-1479.6632185905257,-1451.8355389131304,-1479.2580847580255,18.974826256417185,48
29,5.229331827163696,0.351779568598557,0.3976413726806641,0.028673965483738934,True,10.0,0.07999999999999999,squared_error,238,8,0.7770715591291665,250,50,10,8,0.1,"OrderedDict({'model__early_stopping': True, 'model__l2_regularization': 10.0, 'model__learning_rate': 0.07999999999999999, 'model__loss': 'squared_error', 'model__max_bins': 238, 'model__max_depth': 8, 'model__max_features': 0.7770715591291665, 'model__max_iter': 250, 'model__max_leaf_nodes': 50, 'model__min_samples_leaf': 10, 'model__n_iter_no_change': 8, 'model__validation_fraction': 0.1})",-1444.8198071543782,-1491.164266421742,-1476.0817856244894,-1456.0009595894933,-1437.6192369572195,-1461.1372111494645,19.85295050060439,40
30,5.168038606643677,0.6547721648222793,0.39569382667541503,0.02710714023857974,True,10.0,0.07999999999999999,squared_error,238,8,0.7941503206006846,250,50,10,8,0.1,"OrderedDict({'model__early_stopping': True, 'model__l2_regularization': 10.0, 'model__learning_rate': 0.07999999999999999, 'model__loss': 'squared_error', 'model__max_bins': 238, 'model__max_depth': 8, 'model__max_features': 0.7941503206006846, 'model__max_iter': 250, 'model__max_leaf_nodes': 50, 'model__min_samples_leaf': 10, 'model__n_iter_no_change': 8, 'model__validation_fraction': 0.1})",-1448.0049152697757,-1490.8064782279475,-1474.7580466992956,-1460.0973453812287,-1440.748042847831,-1462.8829656852156,18.109726532857433,41
31,5.3302747249603275,0.7634871485543254,0.41060991287231446,0.043522446225803695,True,10.0,0.07999999999999999,squared_error,238,8,0.6,250,50,10,8,0.1,"OrderedDict({'model__early_stopping': True, 'model__l2_regularization': 10.0, 'model__learning_rate': 0.07999999999999999, 'model__loss': 'squared_error', 'model__max_bins': 238, 'model__max_depth': 8, 'model__max_features': 0.6, 'model__max_iter': 250, 'model__max_leaf_nodes': 50, 'model__min_samples_leaf': 10, 'model__n_iter_no_change': 8, 'model__validation_fraction': 0.1})",-1446.221137949587,-1481.67613497664,-1484.665869412982,-1459.3284829775762,-1447.8234060782063,-1463.9430062789982,16.36521226806834,43
32,5.595149230957031,0.8222013281635409,0.4137937068939209,0.040975273589583985,True,10.0,0.07999999999999999,squared_error,238,9,0.8,250,50,10,8,0.1,"OrderedDict({'model__early_stopping': True, 'model__l2_regularization': 10.0, 'model__learning_rate': 0.07999999999999999, 'model__loss': 'squared_error', 'model__max_bins': 238, 'model__max_depth': 9, 'model__max_features': 0.8, 'model__max_iter': 250, 'model__max_leaf_nodes': 50, 'model__min_samples_leaf': 10, 'model__n_iter_no_change': 8, 'model__validation_fraction': 0.1})",-1436.5245028005195,-1472.259249196421,-1471.4000282937702,-1449.9241942694516,-1434.2425885795699,-1452.8701126279466,16.383762933048928,33
33,7.6277018070220945,1.1388611889686733,0.5194043636322021,0.0676943764731465,True,10.0,0.07999999999999999,squared_error,238,9,0.8,250,100,10,8,0.1,"OrderedDict({'model__early_stopping': True, 'model__l2_regularization': 10.0, 'model__learning_rate': 0.07999999999999999, 'model__loss': 'squared_error', 'model__max_bins': 238, 'model__max_depth': 9, 'model__max_features': 0.8, 'model__max_iter': 250, 'model__max_leaf_nodes': 100, 'model__min_samples_leaf': 10, 'model__n_iter_no_change': 8, 'model__validation_fraction': 0.1})",-1382.2464958199853,-1418.492959491206,-1422.232116738084,-1397.3787677834837,-1376.7359507007568,-1399.417258106703,18.4273296146158,3
34,5.769882154464722,0.9221799561542724,0.42510256767272947,0.06418732960968547,True,10.0,0.07999999999999999,squared_error,238,10,0.8,250,50,10,8,0.1,"OrderedDict({'model__early_stopping': True, 'model__l2_regularization': 10.0, 'model__learning_rate': 0.07999999999999999, 'model__loss': 'squared_error', 'model__max_bins': 238, 'model__max_depth': 10, 'model__max_features': 0.8, 'model__max_iter': 250, 'model__max_leaf_nodes': 50, 'model__min_samples_leaf': 10, 'model__n_iter_no_change': 8, 'model__validation_fraction': 0.1})",-1433.1856518914617,-1468.3422133592403,-1463.9172004808183,-1448.1506458403712,-1432.7140770958963,-1449.2619577335577,14.915409964016176,31
35,5.72024188041687,0.8657383030063696,0.4345419883728027,0.04158604530341983,True,29.999999999999996,0.07999999999999999,squared_error,238,10,0.8,250,50,10,8,0.1,"OrderedDict({'model__early_stopping': True, 'model__l2_regularization': 29.999999999999996, 'model__learning_rate': 0.07999999999999999, 'model__loss': 'squared_error', 'model__max_bins': 238, 'model__max_depth': 10, 'model__max_features': 0.8, 'model__max_iter': 250, 'model__max_leaf_nodes': 50, 'model__min_samples_leaf': 10, 'model__n_iter_no_change': 8, 'model__validation_fraction': 0.1})",-1465.3645321728727,-1507.8439236429626,-1512.9333014848064,-1483.2901197273495,-1469.1995196048108,-1487.7262793265604,19.509390828368527,49
36,3.671104383468628,0.4955654182889742,0.3438133239746094,0.039269321073695594,True,24.343716965968845,0.075137336674371,squared_error,238,5,0.7223675031370742,206,31,20,14,0.19700146827647458,"OrderedDict({'model__early_stopping': True, 'model__l2_regularization': 24.343716965968845, 'model__learning_rate': 0.075137336674371, 'model__loss': 'squared_error', 'model__max_bins': 238, 'model__max_depth': 5, 'model__max_features': 0.7223675031370742, 'model__max_iter': 206, 'model__max_leaf_nodes': 31, 'model__min_samples_leaf': 20, 'model__n_iter_no_change': 14, 'model__validation_fraction': 0.19700146827647458})",-1629.7131427641493,-1667.7080963916671,-1669.5834288948267,-1634.190825741569,-1635.0122684314213,-1647.2415524447267,17.579310938329417,72
37,3.7955432415008543,0.6101880652055428,0.3166186332702637,0.04085007579332817,True,15.08897316230273,0.0642211576823457,squared_error,238,6,0.6789363670850419,160,100,24,9,0.11881423971345648,"OrderedDict({'model__early_stopping': True, 'model__l2_regularization': 15.08897316230273, 'model__learning_rate': 0.0642211576823457, 'model__loss': 'squared_error', 'model__max_bins': 238, 'model__max_depth': 6, 'model__max_features': 0.6789363670850419, 'model__max_iter': 160, 'model__max_leaf_nodes': 100, 'model__min_samples_leaf': 24, 'model__n_iter_no_change': 9, 'model__validation_fraction': 0.11881423971345648})",-1590.2380389880452,-1633.4345537860993,-1629.1073173497134,-1589.5494098263803,-1597.2202912516175,-1607.9099222403713,19.31066264751482,65
38,5.77759861946106,0.9193209343553961,0.42941813468933104,0.03299110921766106,True,10.0,0.07999999999999999,squared_error,238,10,0.8,250,50,10,15,0.1,"OrderedDict({'model__early_stopping': True, 'model__l2_regularization': 10.0, 'model__learning_rate': 0.07999999999999999, 'model__loss': 'squared_error', 'model__max_bins': 238, 'model__max_depth': 10, 'model__max_features': 0.8, 'model__max_iter': 250, 'model__max_leaf_nodes': 50, 'model__min_samples_leaf': 10, 'model__n_iter_no_change': 15, 'model__validation_fraction': 0.1})",-1433.1856518914617,-1468.3422133592403,-1463.9172004808183,-1448.1506458403712,-1432.7140770958963,-1449.2619577335577,14.915409964016176,31
39,7.719347524642944,1.2365143966246532,0.5160808086395263,0.0406304435957669,True,10.0,0.07999999999999999,squared_error,238,9,0.8,250,100,10,12,0.1,"OrderedDict({'model__early_stopping': True, 'model__l2_regularization': 10.0, 'model__learning_rate': 0.07999999999999999, 'model__loss': 'squared_error', 'model__max_bins': 238, 'model__max_depth': 9, 'model__max_features': 0.8, 'model__max_iter': 250, 'model__max_leaf_nodes': 100, 'model__min_samples_leaf': 10, 'model__n_iter_no_change': 12, 'model__validation_fraction': 0.1})",-1382.2464958199853,-1418.492959491206,-1422.232116738084,-1397.3787677834837,-1376.7359507007568,-1399.417258106703,18.4273296146158,3
40,7.7636419296264645,1.2295125126234674,0.5179012775421142,0.07377283653228815,True,10.0,0.07999999999999999,squared_error,238,9,0.7942175333518565,250,100,10,10,0.10045312340006608,"OrderedDict({'model__early_stopping': True, 'model__l2_regularization': 10.0, 'model__learning_rate': 0.07999999999999999, 'model__loss': 'squared_error', 'model__max_bins': 238, 'model__max_depth': 9, 'model__max_features': 0.7942175333518565, 'model__max_iter': 250, 'model__max_leaf_nodes': 100, 'model__min_samples_leaf': 10, 'model__n_iter_no_change': 10, 'model__validation_fraction': 0.10045312340006608})",-1376.585731023728,-1427.3730195163237,-1423.1148286584098,-1401.3868388492508,-1378.5396243644082,-1401.400008482424,21.375108976106272,12
41,4.333710193634033,0.7180114268439406,0.38669610023498535,0.03798254150348922,True,17.38448027187098,0.054416989164061805,squared_error,238,6,0.75787804033911,227,31,29,14,0.14461825135596232,"OrderedDict({'model__early_stopping': True, 'model__l2_regularization': 17.38448027187098, 'model__learning_rate': 0.054416989164061805, 'model__loss': 'squared_error', 'model__max_bins': 238, 'model__max_depth': 6, 'model__max_features': 0.75787804033911, 'model__max_iter': 227, 'model__max_leaf_nodes': 31, 'model__min_samples_leaf': 29, 'model__n_iter_no_change': 14, 'model__validation_fraction': 0.14461825135596232})",-1603.5484033565021,-1636.0596595048198,-1649.7252774319081,-1609.269157560161,-1615.986378529457,-1622.9177752765695,17.325431526456462,68
42,7.904430389404297,1.1091584603430624,0.5320415019989013,0.04052292250385606,True,10.0,0.07999999999999999,squared_error,238,9,0.8,250,100,10,10,0.1,"OrderedDict({'model__early_stopping': True, 'model__l2_regularization': 10.0, 'model__learning_rate': 0.07999999999999999, 'model__loss': 'squared_error', 'model__max_bins': 238, 'model__max_depth': 9, 'model__max_features': 0.8, 'model__max_iter': 250, 'model__max_leaf_nodes': 100, 'model__min_samples_leaf': 10, 'model__n_iter_no_change': 10, 'model__validation_fraction': 0.1})",-1382.2464958199853,-1418.492959491206,-1422.232116738084,-1397.3787677834837,-1376.7359507007568,-1399.417258106703,18.4273296146158,3
43,7.972890710830688,1.1315795117951801,0.5358815670013428,0.023345803403430596,True,10.0,0.07999999999999999,squared_error,238,9,0.8,250,100,10,11,0.1,"OrderedDict({'model__early_stopping': True, 'model__l2_regularization': 10.0, 'model__learning_rate': 0.07999999999999999, 'model__loss': 'squared_error', 'model__max_bins': 238, 'model__max_depth': 9, 'model__max_features': 0.8, 'model__max_iter': 250, 'model__max_leaf_nodes': 100, 'model__min_samples_leaf': 10, 'model__n_iter_no_change': 11, 'model__validation_fraction': 0.1})",-1382.2464958199853,-1418.492959491206,-1422.232116738084,-1397.3787677834837,-1376.7359507007568,-1399.417258106703,18.4273296146158,3
44,7.681014680862427,1.2439423058555157,0.5272656917572022,0.04803757123987317,True,10.0,0.07999999999999999,squared_error,238,9,0.8,250,100,10,13,0.1,"OrderedDict({'model__early_stopping': True, 'model__l2_regularization': 10.0, 'model__learning_rate': 0.07999999999999999, 'model__loss': 'squared_error', 'model__max_bins': 238, 'model__max_depth': 9, 'model__max_features': 0.8, 'model__max_iter': 250, 'model__max_leaf_nodes': 100, 'model__min_samples_leaf': 10, 'model__n_iter_no_change': 13, 'model__validation_fraction': 0.1})",-1382.2464958199853,-1418.492959491206,-1422.232116738084,-1397.3787677834837,-1376.7359507007568,-1399.417258106703,18.4273296146158,3
45,7.576880884170532,0.9953163679120641,0.5117747783660889,0.07220665632450135,True,10.0,0.07999999999999999,squared_error,238,9,0.8,250,100,10,10,0.10055210793809324,"OrderedDict({'model__early_stopping': True, 'model__l2_regularization': 10.0, 'model__learning_rate': 0.07999999999999999, 'model__loss': 'squared_error', 'model__max_bins': 238, 'model__max_depth': 9, 'model__max_features': 0.8, 'model__max_iter': 250, 'model__max_leaf_nodes': 100, 'model__min_samples_leaf': 10, 'model__n_iter_no_change': 10, 'model__validation_fraction': 0.10055210793809324})",-1381.2036654442245,-1441.9938280249912,-1419.9856327358195,-1403.6764355142027,-1378.3624339967078,-1405.0443991431894,23.96113489730452,15
46,7.7167750835418705,1.15298004686492,0.5160131454467773,0.0493976397152533,True,10.0,0.07999999999999999,squared_error,238,9,0.8,250,100,10,15,0.1,"OrderedDict({'model__early_stopping': True, 'model__l2_regularization': 10.0, 'model__learning_rate': 0.07999999999999999, 'model__loss': 'squared_error', 'model__max_bins': 238, 'model__max_depth': 9, 'model__max_features': 0.8, 'model__max_iter': 250, 'model__max_leaf_nodes': 100, 'model__min_samples_leaf': 10, 'model__n_iter_no_change': 15, 'model__validation_fraction': 0.1})",-1382.2464958199853,-1418.492959491206,-1422.232116738084,-1397.3787677834837,-1376.7359507007568,-1399.417258106703,18.4273296146158,3
47,3.6353923797607424,0.5240219473638202,0.3151144504547119,0.03727510080240742,True,13.746051077719544,0.060337857712671854,squared_error,238,10,0.6801676977286923,198,20,13,11,0.16282865911597738,"OrderedDict({'model__early_stopping': True, 'model__l2_regularization': 13.746051077719544, 'model__learning_rate': 0.060337857712671854, 'model__loss': 'squared_error', 'model__max_bins': 238, 'model__max_depth': 10, 'model__max_features': 0.6801676977286923, 'model__max_iter': 198, 'model__max_leaf_nodes': 20, 'model__min_samples_leaf': 13, 'model__n_iter_no_change': 11, 'model__validation_fraction': 0.16282865911597738})",-1648.913335196089,-1679.8799895850077,-1675.2349759619851,-1662.195662397234,-1654.3949593108432,-1664.123784490232,11.844340731479361,74
48,4.5559337615966795,0.7252512394915397,0.3787431240081787,0.020954850539414798,True,13.319453202023135,0.07146225755882601,squared_error,238,9,0.7171691105295687,171,50,29,11,0.14061651548886672,"OrderedDict({'model__early_stopping': True, 'model__l2_regularization': 13.319453202023135, 'model__learning_rate': 0.07146225755882601, 'model__loss': 'squared_error', 'model__max_bins': 238, 'model__max_depth': 9, 'model__max_features': 0.7171691105295687, 'model__max_iter': 171, 'model__max_leaf_nodes': 50, 'model__min_samples_leaf': 29, 'model__n_iter_no_change': 11, 'model__validation_fraction': 0.14061651548886672})",-1507.717345588042,-1550.254350271758,-1547.1967038974801,-1525.4990970568633,-1512.0205792923987,-1528.5376152213084,17.52316676626198,53
49,6.310150623321533,0.8057889800243131,0.47029953002929686,0.042464136328714,True,29.618175027661685,0.05354877170498821,squared_error,238,8,0.6004776463787502,223,100,14,8,0.10637137713615102,"OrderedDict({'model__early_stopping': True, 'model__l2_regularization': 29.618175027661685, 'model__learning_rate': 0.05354877170498821, 'model__loss': 'squared_error', 'model__max_bins': 238, 'model__max_depth': 8, 'model__max_features': 0.6004776463787502, 'model__max_iter': 223, 'model__max_leaf_nodes': 100, 'model__min_samples_leaf': 14, 'model__n_iter_no_change': 8, 'model__validation_fraction': 0.10637137713615102})",-1489.471581282643,-1526.9045056932343,-1529.2768430333144,-1498.7824731845258,-1501.2607882790905,-1509.1392382945617,15.982973070676103,50
50,5.598629474639893,0.7452721005559898,0.40890893936157224,0.05756033606771674,True,10.0,0.07999999999999999,squared_error,238,10,0.6,250,50,10,15,0.1,"OrderedDict({'model__early_stopping': True, 'model__l2_regularization': 10.0, 'model__learning_rate': 0.07999999999999999, 'model__loss': 'squared_error', 'model__max_bins': 238, 'model__max_depth': 10, 'model__max_features': 0.6, 'model__max_iter': 250, 'model__max_leaf_nodes': 50, 'model__min_samples_leaf': 10, 'model__n_iter_no_change': 15, 'model__validation_fraction': 0.1})",-1435.8387534197727,-1473.1258278130745,-1474.0868693995928,-1459.8842120304164,-1438.7193408899498,-1456.331000710561,16.37110357705162,36
51,4.12834529876709,0.6099165682314558,0.36158003807067873,0.030864722552367666,True,21.37752646374347,0.04095098801248552,squared_error,238,8,0.6424133302544828,182,31,24,9,0.14264895326524915,"OrderedDict({'model__early_stopping': True, 'model__l2_regularization': 21.37752646374347, 'model__learning_rate': 0.04095098801248552, 'model__loss': 'squared_error', 'model__max_bins': 238, 'model__max_depth': 8, 'model__max_features': 0.6424133302544828, 'model__max_iter': 182, 'model__max_leaf_nodes': 31, 'model__min_samples_leaf': 24, 'model__n_iter_no_change': 9, 'model__validation_fraction': 0.14264895326524915})",-1666.4930841114544,-1700.2889689224644,-1700.034278266252,-1674.5138548200525,-1673.7932072836127,-1683.024678680767,14.271159739536285,76
52,7.757426071166992,1.1559295362784818,0.5230845928192138,0.047489942227331446,True,10.0,0.07999999999999999,squared_error,238,9,0.8,250,100,10,14,0.1,"OrderedDict({'model__early_stopping': True, 'model__l2_regularization': 10.0, 'model__learning_rate': 0.07999999999999999, 'model__loss': 'squared_error', 'model__max_bins': 238, 'model__max_depth': 9, 'model__max_features': 0.8, 'model__max_iter': 250, 'model__max_leaf_nodes': 100, 'model__min_samples_leaf': 10, 'model__n_iter_no_change': 14, 'model__validation_fraction': 0.1})",-1382.2464958199853,-1418.492959491206,-1422.232116738084,-1397.3787677834837,-1376.7359507007568,-1399.417258106703,18.4273296146158,3
53,8.043747615814208,1.133737340960881,0.5034700393676758,0.04544362285201656,True,10.0,0.07999999999999999,squared_error,238,10,0.8,250,100,10,15,0.1,"OrderedDict({'model__early_stopping': True, 'model__l2_regularization': 10.0, 'model__learning_rate': 0.07999999999999999, 'model__loss': 'squared_error', 'model__max_bins': 238, 'model__max_depth': 10, 'model__max_features': 0.8, 'model__max_iter': 250, 'model__max_leaf_nodes': 100, 'model__min_samples_leaf': 10, 'model__n_iter_no_change': 15, 'model__validation_fraction': 0.1})",-1378.6811133067304,-1414.0441059961397,-1413.3834282538583,-1391.8877545721123,-1366.0033789308595,-1392.7999562119398,18.93791758429925,1
54,7.954226064682007,1.2865281395426722,0.5116747379302978,0.05698952497675163,True,10.0,0.07999999999999999,squared_error,238,10,0.8,250,100,10,8,0.1,"OrderedDict({'model__early_stopping': True, 'model__l2_regularization': 10.0, 'model__learning_rate': 0.07999999999999999, 'model__loss': 'squared_error', 'model__max_bins': 238, 'model__max_depth': 10, 'model__max_features': 0.8, 'model__max_iter': 250, 'model__max_leaf_nodes': 100, 'model__min_samples_leaf': 10, 'model__n_iter_no_change': 8, 'model__validation_fraction': 0.1})",-1378.6811133067304,-1414.0441059961397,-1413.3834282538583,-1391.8877545721123,-1366.0033789308595,-1392.7999562119398,18.93791758429925,1
55,7.938807153701783,1.14896129632126,0.5145840167999267,0.05112317542025871,True,10.0,0.07999999999999999,squared_error,238,10,0.8,250,100,10,15,0.2,"OrderedDict({'model__early_stopping': True, 'model__l2_regularization': 10.0, 'model__learning_rate': 0.07999999999999999, 'model__loss': 'squared_error', 'model__max_bins': 238, 'model__max_depth': 10, 'model__max_features': 0.8, 'model__max_iter': 250, 'model__max_leaf_nodes': 100, 'model__min_samples_leaf': 10, 'model__n_iter_no_change': 15, 'model__validation_fraction': 0.2})",-1385.5783047774873,-1424.1049630973755,-1421.8673775400819,-1394.0429802623723,-1378.9690881793401,-1400.9125427713313,18.65925188271312,11
56,5.892560863494873,0.765198365288538,0.4561617374420166,0.032712503291918896,True,16.879155006494948,0.05121987546813999,squared_error,238,8,0.7379618616730197,216,100,22,13,0.1898388185897167,"OrderedDict({'model__early_stopping': True, 'model__l2_regularization': 16.879155006494948, 'model__learning_rate': 0.05121987546813999, 'model__loss': 'squared_error', 'model__max_bins': 238, 'model__max_depth': 8, 'model__max_features': 0.7379618616730197, 'model__max_iter': 216, 'model__max_leaf_nodes': 100, 'model__min_samples_leaf': 22, 'model__n_iter_no_change': 13, 'model__validation_fraction': 0.1898388185897167})",-1497.822781253772,-1534.6505791063091,-1539.956598077175,-1502.7548363228786,-1505.9116128901715,-1516.2192815300614,17.48795852662383,51
57,4.669548082351684,0.7809134767242565,0.40030851364135744,0.03173643198193694,True,17.693030945311605,0.05737806207948085,squared_error,238,6,0.794541160783456,222,50,13,15,0.14978056785589047,"OrderedDict({'model__early_stopping': True, 'model__l2_regularization': 17.693030945311605, 'model__learning_rate': 0.05737806207948085, 'model__loss': 'squared_error', 'model__max_bins': 238, 'model__max_depth': 6, 'model__max_features': 0.794541160783456, 'model__max_iter': 222, 'model__max_leaf_nodes': 50, 'model__min_samples_leaf': 13, 'model__n_iter_no_change': 15, 'model__validation_fraction': 0.14978056785589047})",-1563.1432489386834,-1605.0578584610726,-1604.7582070731473,-1589.3802822851524,-1583.2874891694742,-1589.125417185506,15.539924267615337,60
58,5.60273060798645,0.8284698864260686,0.35532569885253906,0.035681131992482025,True,10.0,0.07999999999999999,squared_error,238,10,0.8,150,100,10,15,0.1,"OrderedDict({'model__early_stopping': True, 'model__l2_regularization': 10.0, 'model__learning_rate': 0.07999999999999999, 'model__loss': 'squared_error', 'model__max_bins': 238, 'model__max_depth': 10, 'model__max_features': 0.8, 'model__max_iter': 150, 'model__max_leaf_nodes': 100, 'model__min_samples_leaf': 10, 'model__n_iter_no_change': 15, 'model__validation_fraction': 0.1})",-1426.5066074280771,-1461.1386684334423,-1461.9851285594934,-1439.23148381916,-1417.1419514180661,-1441.200767931648,18.045124593542592,26
59,8.103031206130982,1.1828124588084752,0.526333999633789,0.056204056153082785,True,11.11111678460342,0.058292126399714164,squared_error,238,10,0.7782245517090809,243,100,11,14,0.1036722846284992,"OrderedDict({'model__early_stopping': True, 'model__l2_regularization': 11.11111678460342, 'model__learning_rate': 0.058292126399714164, 'model__loss': 'squared_error', 'model__max_bins': 238, 'model__max_depth': 10, 'model__max_features': 0.7782245517090809, 'model__max_iter': 243, 'model__max_leaf_nodes': 100, 'model__min_samples_leaf': 11, 'model__n_iter_no_change': 14, 'model__validation_fraction': 0.1036722846284992})",-1410.0436753909637,-1441.7264890450585,-1444.8761572392812,-1420.3748029725948,-1404.267090810721,-1424.2576430917238,16.41352619203346,23
60,7.238088464736938,1.2152560791416946,0.5414961814880371,0.058641949489942974,True,10.706627045184174,0.076127914183678,squared_error,238,10,0.7601642759630138,237,100,23,11,0.10847082171082362,"OrderedDict({'model__early_stopping': True, 'model__l2_regularization': 10.706627045184174, 'model__learning_rate': 0.076127914183678, 'model__loss': 'squared_error', 'model__max_bins': 238, 'model__max_depth': 10, 'model__max_features': 0.7601642759630138, 'model__max_iter': 237, 'model__max_leaf_nodes': 100, 'model__min_samples_leaf': 23, 'model__n_iter_no_change': 11, 'model__validation_fraction': 0.10847082171082362})",-1396.005550255783,-1440.8937529991888,-1441.515167836918,-1416.3079743817264,-1400.1296652706765,-1418.9704221488585,19.382188125354478,20
61,8.54781436920166,1.1309259461352186,0.5391130924224854,0.04093509896209067,True,29.907848333938578,0.03246396750056234,squared_error,238,10,0.603364679761239,246,100,14,10,0.13514747355758652,"OrderedDict({'model__early_stopping': True, 'model__l2_regularization': 29.907848333938578, 'model__learning_rate': 0.03246396750056234, 'model__loss': 'squared_error', 'model__max_bins': 238, 'model__max_depth': 10, 'model__max_features': 0.603364679761239, 'model__max_iter': 246, 'model__max_leaf_nodes': 100, 'model__min_samples_leaf': 14, 'model__n_iter_no_change': 10, 'model__validation_fraction': 0.13514747355758652})",-1498.4301372725367,-1532.061303474871,-1535.0001108088193,-1515.0765146557765,-1504.4999545136416,-1517.013604145129,14.530221339507614,52
62,7.604519510269165,1.0480849951410616,0.5006845474243165,0.06228743901966168,True,10.071238080885868,0.07538757298585984,squared_error,238,10,0.7717870231061629,239,100,10,8,0.11581643044463805,"OrderedDict({'model__early_stopping': True, 'model__l2_regularization': 10.071238080885868, 'model__learning_rate': 0.07538757298585984, 'model__loss': 'squared_error', 'model__max_bins': 238, 'model__max_depth': 10, 'model__max_features': 0.7717870231061629, 'model__max_iter': 239, 'model__max_leaf_nodes': 100, 'model__min_samples_leaf': 10, 'model__n_iter_no_change': 8, 'model__validation_fraction': 0.11581643044463805})",-1375.3733777511286,-1445.06734268642,-1419.752493146131,-1397.906849251518,-1385.104244363869,-1404.6408614398133,25.084950576795034,14
63,7.726920652389526,1.234489847807812,0.5674360752105713,0.05708785916940278,True,19.963274829562316,0.07681331730803503,squared_error,238,10,0.7757077212465503,249,100,15,12,0.18997657393409456,"OrderedDict({'model__early_stopping': True, 'model__l2_regularization': 19.963274829562316, 'model__learning_rate': 0.07681331730803503, 'model__loss': 'squared_error', 'model__max_bins': 238, 'model__max_depth': 10, 'model__max_features': 0.7757077212465503, 'model__max_iter': 249, 'model__max_leaf_nodes': 100, 'model__min_samples_leaf': 15, 'model__n_iter_no_change': 12, 'model__validation_fraction': 0.18997657393409456})",-1407.7193652027324,-1449.1359184155644,-1441.7195787621943,-1425.0230357814469,-1401.5145670479044,-1425.0224930419686,18.50551686743418,24
64,3.9308996200561523,0.6198449316902065,0.32186212539672854,0.02966900612635587,True,10.676978829630633,0.07680888419215759,squared_error,238,10,0.7226466241307128,179,31,13,13,0.1795836698453472,"OrderedDict({'model__early_stopping': True, 'model__l2_regularization': 10.676978829630633, 'model__learning_rate': 0.07680888419215759, 'model__loss': 'squared_error', 'model__max_bins': 238, 'model__max_depth': 10, 'model__max_features': 0.7226466241307128, 'model__max_iter': 179, 'model__max_leaf_nodes': 31, 'model__min_samples_leaf': 13, 'model__n_iter_no_change': 13, 'model__validation_fraction': 0.1795836698453472})",-1546.997126266421,-1586.7677194557973,-1583.734981276571,-1567.0946211856065,-1552.7703955941179,-1567.4729687557028,15.951861245065455,59
65,4.201451349258423,0.5316800598701136,0.39332356452941897,0.03409415102264866,True,10.36622146516805,0.03005389823895568,squared_error,238,10,0.736039425384911,245,20,23,13,0.14928939158800186,"OrderedDict({'model__early_stopping': True, 'model__l2_regularization': 10.36622146516805, 'model__learning_rate': 0.03005389823895568, 'model__loss': 'squared_error', 'model__max_bins': 238, 'model__max_depth': 10, 'model__max_features': 0.736039425384911, 'model__max_iter': 245, 'model__max_leaf_nodes': 20, 'model__min_samples_leaf': 23, 'model__n_iter_no_change': 13, 'model__validation_fraction': 0.14928939158800186})",-1719.4037669461675,-1757.5079763559283,-1759.6832518010865,-1743.2646208087472,-1718.4794817145842,-1739.6678195253025,17.840421466498356,77
66,7.707487869262695,1.0815701466675556,0.5028523445129395,0.032043545006733426,True,10.111122456755087,0.07873658689568042,squared_error,238,10,0.6363183799717226,233,100,13,10,0.11399453389870043,"OrderedDict({'model__early_stopping': True, 'model__l2_regularization': 10.111122456755087, 'model__learning_rate': 0.07873658689568042, 'model__loss': 'squared_error', 'model__max_bins': 238, 'model__max_depth': 10, 'model__max_features': 0.6363183799717226, 'model__max_iter': 233, 'model__max_leaf_nodes': 100, 'model__min_samples_leaf': 13, 'model__n_iter_no_change': 10, 'model__validation_fraction': 0.11399453389870043})",-1377.2005242321352,-1422.359129628726,-1421.899933141853,-1404.8631220701607,-1377.4353938818517,-1400.7516205909455,20.14616878036141,10
67,7.2574433326721195,1.0930224477733634,0.48369927406311036,0.04378347220927798,True,21.69383227868919,0.07368229210347887,squared_error,238,10,0.6808297750328248,218,100,10,9,0.10509426332985353,"OrderedDict({'model__early_stopping': True, 'model__l2_regularization': 21.69383227868919, 'model__learning_rate': 0.07368229210347887, 'model__loss': 'squared_error', 'model__max_bins': 238, 'model__max_depth': 10, 'model__max_features': 0.6808297750328248, 'model__max_iter': 218, 'model__max_leaf_nodes': 100, 'model__min_samples_leaf': 10, 'model__n_iter_no_change': 9, 'model__validation_fraction': 0.10509426332985353})",-1413.003331115035,-1464.1319902271396,-1445.8441055733558,-1428.3273470422923,-1404.3026843194532,-1431.1218916554549,21.733714768258263,25
68,7.199900817871094,1.0651117171147984,0.49824070930480957,0.050256686459628566,True,10.482401597931112,0.07800842543844631,squared_error,238,9,0.6454924530876402,235,100,13,9,0.19950730423971963,"OrderedDict({'model__early_stopping': True, 'model__l2_regularization': 10.482401597931112, 'model__learning_rate': 0.07800842543844631, 'model__loss': 'squared_error', 'model__max_bins': 238, 'model__max_depth': 9, 'model__max_features': 0.6454924530876402, 'model__max_iter': 235, 'model__max_leaf_nodes': 100, 'model__min_samples_leaf': 13, 'model__n_iter_no_change': 9, 'model__validation_fraction': 0.19950730423971963})",-1414.5616756950192,-1439.1558145057877,-1437.456012182427,-1416.014670001486,-1391.06210378079,-1419.6500552331017,17.628983793915957,21
69,5.525168943405151,0.7785353645474479,0.3740837574005127,0.03299947793663666,True,10.536762974929728,0.07968831162792703,squared_error,238,9,0.7790820777655191,156,100,11,10,0.16004096067885926,"OrderedDict({'model__early_stopping': True, 'model__l2_regularization': 10.536762974929728, 'model__learning_rate': 0.07968831162792703, 'model__loss': 'squared_error', 'model__max_bins': 238, 'model__max_depth': 9, 'model__max_features': 0.7790820777655191, 'model__max_iter': 156, 'model__max_leaf_nodes': 100, 'model__min_samples_leaf': 11, 'model__n_iter_no_change': 10, 'model__validation_fraction': 0.16004096067885926})",-1446.3894935789463,-1476.3786330826,-1471.1305445451565,-1443.5100038418677,-1428.8813325941585,-1453.2580015285457,17.834871718231316,34
70,8.013917398452758,1.1114740442673186,0.546403455734253,0.050488235392205025,True,10.204698494378416,0.044410663801673585,squared_error,238,9,0.7363027629477804,249,100,14,11,0.1229204061458098,"OrderedDict({'model__early_stopping': True, 'model__l2_regularization': 10.204698494378416, 'model__learning_rate': 0.044410663801673585, 'model__loss': 'squared_error', 'model__max_bins': 238, 'model__max_depth': 9, 'model__max_features': 0.7363027629477804, 'model__max_iter': 249, 'model__max_leaf_nodes': 100, 'model__min_samples_leaf': 14, 'model__n_iter_no_change': 11, 'model__validation_fraction': 0.1229204061458098})",-1446.676523463122,-1485.3640033262789,-1487.2809196226058,-1459.6279832239127,-1449.4154675703667,-1465.6729794412572,17.41466917142163,44
71,7.684672880172729,1.191320030511042,0.5121850967407227,0.04867701070143735,True,12.11418531299858,0.07976631339715423,squared_error,238,10,0.6280366336312094,238,100,12,13,0.1099442389205445,"OrderedDict({'model__early_stopping': True, 'model__l2_regularization': 12.11418531299858, 'model__learning_rate': 0.07976631339715423, 'model__loss': 'squared_error', 'model__max_bins': 238, 'model__max_depth': 10, 'model__max_features': 0.6280366336312094, 'model__max_iter': 238, 'model__max_leaf_nodes': 100, 'model__min_samples_leaf': 12, 'model__n_iter_no_change': 13, 'model__validation_fraction': 0.1099442389205445})",-1389.5097897260102,-1428.0932666315498,-1421.0158618430187,-1400.3156834661859,-1379.5939385148138,-1403.7057080363156,18.378183978645275,13
72,7.932473278045654,1.3722792326874387,0.5411249160766601,0.045199348701559165,True,10.433869254391666,0.076085228708718,squared_error,238,10,0.6445435712478088,244,100,16,14,0.10378668788081752,"OrderedDict({'model__early_stopping': True, 'model__l2_regularization': 10.433869254391666, 'model__learning_rate': 0.076085228708718, 'model__loss': 'squared_error', 'model__max_bins': 238, 'model__max_depth': 10, 'model__max_features': 0.6445435712478088, 'model__max_iter': 244, 'model__max_leaf_nodes': 100, 'model__min_samples_leaf': 16, 'model__n_iter_no_change': 14, 'model__validation_fraction': 0.10378668788081752})",-1384.1755398168914,-1430.456933667881,-1423.2485763647842,-1407.0170037198152,-1380.3907476133343,-1405.0577602365413,20.121585816440334,16
73,7.988133382797241,1.1872474883749053,0.5534068584442139,0.04786650882147519,True,10.526752121787592,0.0604592203529303,squared_error,238,10,0.621037112627921,250,100,16,9,0.12081884124209921,"OrderedDict({'model__early_stopping': True, 'model__l2_regularization': 10.526752121787592, 'model__learning_rate': 0.0604592203529303, 'model__loss': 'squared_error', 'model__max_bins': 238, 'model__max_depth': 10, 'model__max_features': 0.621037112627921, 'model__max_iter': 250, 'model__max_leaf_nodes': 100, 'model__min_samples_leaf': 16, 'model__n_iter_no_change': 9, 'model__validation_fraction': 0.12081884124209921})",-1406.8219967258817,-1444.0229516924082,-1437.4129859109535,-1419.1536025076196,-1397.1477561380277,-1420.9118585949782,17.735602974804642,22
74,4.733229637145996,0.7343343184865353,0.3862881660461426,0.0449141209088756,True,10.158638499151648,0.07276624127165297,squared_error,238,8,0.6552855388750909,247,31,12,13,0.10481886029564551,"OrderedDict({'model__early_stopping': True, 'model__l2_regularization': 10.158638499151648, 'model__learning_rate': 0.07276624127165297, 'model__loss': 'squared_error', 'model__max_bins': 238, 'model__max_depth': 8, 'model__max_features': 0.6552855388750909, 'model__max_iter': 247, 'model__max_leaf_nodes': 31, 'model__min_samples_leaf': 12, 'model__n_iter_no_change': 13, 'model__validation_fraction': 0.10481886029564551})",-1518.9054907316404,-1551.7810096732935,-1546.5494069402025,-1531.6665770846787,-1522.6301144041504,-1534.3065197667934,12.928615693355846,54
75,4.6898606300354,0.6694529696439521,0.431319522857666,0.023983113535171637,True,25.830669066160414,0.07654760546973406,squared_error,238,10,0.617018043585632,243,31,30,13,0.12948021759946932,"OrderedDict({'model__early_stopping': True, 'model__l2_regularization': 25.830669066160414, 'model__learning_rate': 0.07654760546973406, 'model__loss': 'squared_error', 'model__max_bins': 238, 'model__max_depth': 10, 'model__max_features': 0.617018043585632, 'model__max_iter': 243, 'model__max_leaf_nodes': 31, 'model__min_samples_leaf': 30, 'model__n_iter_no_change': 13, 'model__validation_fraction': 0.12948021759946932})",-1534.5586823029967,-1560.62888354491,-1561.7776620452141,-1538.4043145584155,-1536.3688483909596,-1546.3476781684992,12.195833076316319,56
76,6.925532865524292,1.0014019317796519,0.5375461101531982,0.06452539789115103,True,11.920671153504152,0.07840309041720231,squared_error,238,9,0.6102286198792036,249,100,29,9,0.13975211566607681,"OrderedDict({'model__early_stopping': True, 'model__l2_regularization': 11.920671153504152, 'model__learning_rate': 0.07840309041720231, 'model__loss': 'squared_error', 'model__max_bins': 238, 'model__max_depth': 9, 'model__max_features': 0.6102286198792036, 'model__max_iter': 249, 'model__max_leaf_nodes': 100, 'model__min_samples_leaf': 29, 'model__n_iter_no_change': 9, 'model__validation_fraction': 0.13975211566607681})",-1429.6617635983064,-1461.7578998498234,-1464.58597492761,-1442.6132529682145,-1423.5126928281209,-1444.426316834415,16.525462088401458,28
77,5.58929328918457,0.8848663937760134,0.4073066234588623,0.044389190538511945,True,10.697770767564636,0.0788348982929024,squared_error,238,10,0.6250953100754687,161,100,28,8,0.11334974853348234,"OrderedDict({'model__early_stopping': True, 'model__l2_regularization': 10.697770767564636, 'model__learning_rate': 0.0788348982929024, 'model__loss': 'squared_error', 'model__max_bins': 238, 'model__max_depth': 10, 'model__max_features': 0.6250953100754687, 'model__max_iter': 161, 'model__max_leaf_nodes': 100, 'model__min_samples_leaf': 28, 'model__n_iter_no_change': 8, 'model__validation_fraction': 0.11334974853348234})",-1440.8802875083056,-1482.290284619253,-1476.8449373968251,-1455.7168316996394,-1436.5489498448233,-1458.4562582137692,18.452933103614583,39
78,7.575960111618042,0.7697112444231496,0.5149965763092041,0.047020954402805584,True,10.267737433493275,0.045166385171507124,squared_error,238,10,0.7135756709040968,232,100,30,13,0.12019172522818317,"OrderedDict({'model__early_stopping': True, 'model__l2_regularization': 10.267737433493275, 'model__learning_rate': 0.045166385171507124, 'model__loss': 'squared_error', 'model__max_bins': 238, 'model__max_depth': 10, 'model__max_features': 0.7135756709040968, 'model__max_iter': 232, 'model__max_leaf_nodes': 100, 'model__min_samples_leaf': 30, 'model__n_iter_no_change': 13, 'model__validation_fraction': 0.12019172522818317})",-1451.7706823212507,-1495.7431419279915,-1499.972916996928,-1465.5292047975502,-1454.062797048282,-1473.4157486184004,20.537959427402654,46
79,3.8852660179138185,0.6110616195257829,0.37217082977294924,0.03722368998831431,True,10.681838469142624,0.07382436673051321,squared_error,238,5,0.6730158849032108,242,20,26,12,0.12161372764666491,"OrderedDict({'model__early_stopping': True, 'model__l2_regularization': 10.681838469142624, 'model__learning_rate': 0.07382436673051321, 'model__loss': 'squared_error', 'model__max_bins': 238, 'model__max_depth': 5, 'model__max_features': 0.6730158849032108, 'model__max_iter': 242, 'model__max_leaf_nodes': 20, 'model__min_samples_leaf': 26, 'model__n_iter_no_change': 12, 'model__validation_fraction': 0.12161372764666491})",-1620.3415104294602,-1649.7767524479373,-1660.3683052156798,-1625.9202202164313,-1617.0667607875932,-1634.6947098194205,17.206696940487138,70
