,mean_fit_time,std_fit_time,mean_score_time,std_score_time,param_selector__selection_method,param_selector__n_features_to_select,param_selector__model_name,param_selector__k,param_scaler__scaler_name,param_outlier_remover__z_columns,param_outlier_remover__threshold,param_outlier_remover__sev_outliers_cols,param_outlier_remover__outlier_method,param_outlier_remover__n_neighbors,param_outlier_remover__model_columns,param_outlier_remover__mod_outliers_cols,param_outlier_remover__contamination_LOF,param_outlier_remover__contamination_IF,param_model__n_estimators,param_model__min_samples_split,param_model__min_samples_leaf,param_model__min_impurity_decrease,param_model__max_samples,param_model__max_features,param_model__max_depth,param_model__criterion,param_model,param_imputer__knn_scaling_method,param_imputer__knn_neighbors,param_imputer__imputation_method,param_encoder__method,params,split0_test_score,split1_test_score,split2_test_score,split3_test_score,split4_test_score,mean_test_score,std_test_score,rank_test_score
0,96.46863231658935,0.6820493424672587,0.3199142932891846,0.015313540651317993,rfe,20,rf,21,minmax,"['car_age', 'mileage', 'tax', 'mpg']",2,"['car_age', 'mileage', 'engineSize']",Isolation_Forest,30,"['car_age', 'mileage', 'tax', 'mpg']","['car_age', 'mileage', 'tax', 'mpg']",0.5,0.15,310,47,40,0.2,0.8,sqrt,60,friedman_mse,RandomForestRegressor(),standard,19,simple,onehot,"{'selector__selection_method': 'rfe', 'selector__n_features_to_select': 20, 'selector__model_name': 'rf', 'selector__k': 21, 'scaler__scaler_name': 'minmax', 'outlier_remover__z_columns': ['car_age', 'mileage', 'tax', 'mpg'], 'outlier_remover__threshold': 2, 'outlier_remover__sev_outliers_cols': ['car_age', 'mileage', 'engineSize'], 'outlier_remover__outlier_method': 'Isolation_Forest', 'outlier_remover__n_neighbors': 30, 'outlier_remover__model_columns': ['car_age', 'mileage', 'tax', 'mpg'], 'outlier_remover__mod_outliers_cols': ['car_age', 'mileage', 'tax', 'mpg'], 'outlier_remover__contamination_LOF': 0.5, 'outlier_remover__contamination_IF': 0.15, 'model__n_estimators': 310, 'model__min_samples_split': 47, 'model__min_samples_leaf': 40, 'model__min_impurity_decrease': 0.2, 'model__max_samples': 0.8, 'model__max_features': 'sqrt', 'model__max_depth': 60, 'model__criterion': 'friedman_mse', 'model': RandomForestRegressor(), 'imputer__knn_scaling_method': 'standard', 'imputer__knn_neighbors': 19, 'imputer__imputation_method': 'simple', 'encoder__method': 'onehot'}",-2443.4247404210687,-2490.2403682329436,-2386.878721155161,-2444.168354237905,-2461.265834665402,-2445.195603742496,33.74117106168151,30
1,4361.524897766113,32.692013817171464,1.4402310848236084,0.027324014038250317,rfe,23,rf,22,robust,"['car_age', 'mileage', 'tax', 'mpg']",3,"['car_age', 'mileage', 'engineSize']",IQR,30,"['car_age', 'mileage', 'tax', 'mpg', 'engineSize']","['car_age', 'mileage', 'tax', 'mpg']",0.5,0.3,360,77,25,0.2,,sqrt,30,absolute_error,RandomForestRegressor(),minmax,16,knn_brandwise,onehot,"{'selector__selection_method': 'rfe', 'selector__n_features_to_select': 23, 'selector__model_name': 'rf', 'selector__k': 22, 'scaler__scaler_name': 'robust', 'outlier_remover__z_columns': ['car_age', 'mileage', 'tax', 'mpg'], 'outlier_remover__threshold': 3, 'outlier_remover__sev_outliers_cols': ['car_age', 'mileage', 'engineSize'], 'outlier_remover__outlier_method': 'IQR', 'outlier_remover__n_neighbors': 30, 'outlier_remover__model_columns': ['car_age', 'mileage', 'tax', 'mpg', 'engineSize'], 'outlier_remover__mod_outliers_cols': ['car_age', 'mileage', 'tax', 'mpg'], 'outlier_remover__contamination_LOF': 0.5, 'outlier_remover__contamination_IF': 0.3, 'model__n_estimators': 360, 'model__min_samples_split': 77, 'model__min_samples_leaf': 25, 'model__min_impurity_decrease': 0.2, 'model__max_samples': None, 'model__max_features': 'sqrt', 'model__max_depth': 30, 'model__criterion': 'absolute_error', 'model': RandomForestRegressor(), 'imputer__knn_scaling_method': 'minmax', 'imputer__knn_neighbors': 16, 'imputer__imputation_method': 'knn_brandwise', 'encoder__method': 'onehot'}",-2208.040591294651,-2241.242560875288,-2149.071073178312,-2213.578922418206,-2233.931937040206,-2209.1730169613325,32.478909487862964,12
2,282.888401222229,0.9112712376701407,0.1894082546234131,0.0012942863846491463,rfe,10,rf,20,robust,"['car_age', 'mileage', 'tax', 'mpg']",2,"['car_age', 'mileage']",z_score,50,"['car_age', 'mileage', 'tax', 'mpg']","['car_age', 'mileage', 'tax', 'mpg']",0.5,0.5,260,77,60,0.5,,0.8,40,poisson,RandomForestRegressor(),robust,15,simple,onehot,"{'selector__selection_method': 'rfe', 'selector__n_features_to_select': 10, 'selector__model_name': 'rf', 'selector__k': 20, 'scaler__scaler_name': 'robust', 'outlier_remover__z_columns': ['car_age', 'mileage', 'tax', 'mpg'], 'outlier_remover__threshold': 2, 'outlier_remover__sev_outliers_cols': ['car_age', 'mileage'], 'outlier_remover__outlier_method': 'z_score', 'outlier_remover__n_neighbors': 50, 'outlier_remover__model_columns': ['car_age', 'mileage', 'tax', 'mpg'], 'outlier_remover__mod_outliers_cols': ['car_age', 'mileage', 'tax', 'mpg'], 'outlier_remover__contamination_LOF': 0.5, 'outlier_remover__contamination_IF': 0.5, 'model__n_estimators': 260, 'model__min_samples_split': 77, 'model__min_samples_leaf': 60, 'model__min_impurity_decrease': 0.5, 'model__max_samples': None, 'model__max_features': 0.8, 'model__max_depth': 40, 'model__criterion': 'poisson', 'model': RandomForestRegressor(), 'imputer__knn_scaling_method': 'robust', 'imputer__knn_neighbors': 15, 'imputer__imputation_method': 'simple', 'encoder__method': 'onehot'}",-2469.0337948384035,-2455.3668295864445,-2396.0668854115906,-2464.0568369164853,-2493.0096227740955,-2455.506793905404,32.235593602881146,32
3,67.31760821342468,0.5717321734020192,0.3032830238342285,0.0010951233170101264,rfe,18,rf,18,robust,"['car_age', 'mileage', 'tax', 'mpg']",3,"['car_age', 'mileage']",Isolation_Forest,30,"['car_age', 'mileage', 'tax', 'mpg', 'engineSize']","['car_age', 'mileage', 'tax', 'mpg']",0.15,0.5,430,62,60,0.3,0.3,0.8,60,friedman_mse,RandomForestRegressor(),minmax,18,simple,onehot,"{'selector__selection_method': 'rfe', 'selector__n_features_to_select': 18, 'selector__model_name': 'rf', 'selector__k': 18, 'scaler__scaler_name': 'robust', 'outlier_remover__z_columns': ['car_age', 'mileage', 'tax', 'mpg'], 'outlier_remover__threshold': 3, 'outlier_remover__sev_outliers_cols': ['car_age', 'mileage'], 'outlier_remover__outlier_method': 'Isolation_Forest', 'outlier_remover__n_neighbors': 30, 'outlier_remover__model_columns': ['car_age', 'mileage', 'tax', 'mpg', 'engineSize'], 'outlier_remover__mod_outliers_cols': ['car_age', 'mileage', 'tax', 'mpg'], 'outlier_remover__contamination_LOF': 0.15, 'outlier_remover__contamination_IF': 0.5, 'model__n_estimators': 430, 'model__min_samples_split': 62, 'model__min_samples_leaf': 60, 'model__min_impurity_decrease': 0.3, 'model__max_samples': 0.3, 'model__max_features': 0.8, 'model__max_depth': 60, 'model__criterion': 'friedman_mse', 'model': RandomForestRegressor(), 'imputer__knn_scaling_method': 'minmax', 'imputer__knn_neighbors': 18, 'imputer__imputation_method': 'simple', 'encoder__method': 'onehot'}",-3263.056713430193,-3318.4544861986406,-3174.2580496409414,-3299.4123694814257,-3251.291200150536,-3261.2945637803473,49.79709045952013,47
4,77.97852759361267,0.24545196154236146,0.2790712833404541,0.0007697397406593777,rfe,22,rf,19,minmax,"['car_age', 'mileage', 'tax', 'mpg']",3,"['car_age', 'mileage']",IQR,50,"['car_age', 'mileage', 'tax', 'mpg', 'engineSize']","['car_age', 'mileage', 'tax', 'mpg']",0.5,0.15,330,137,60,0.2,0.3,0.5,60,friedman_mse,RandomForestRegressor(),robust,20,simple,onehot,"{'selector__selection_method': 'rfe', 'selector__n_features_to_select': 22, 'selector__model_name': 'rf', 'selector__k': 19, 'scaler__scaler_name': 'minmax', 'outlier_remover__z_columns': ['car_age', 'mileage', 'tax', 'mpg'], 'outlier_remover__threshold': 3, 'outlier_remover__sev_outliers_cols': ['car_age', 'mileage'], 'outlier_remover__outlier_method': 'IQR', 'outlier_remover__n_neighbors': 50, 'outlier_remover__model_columns': ['car_age', 'mileage', 'tax', 'mpg', 'engineSize'], 'outlier_remover__mod_outliers_cols': ['car_age', 'mileage', 'tax', 'mpg'], 'outlier_remover__contamination_LOF': 0.5, 'outlier_remover__contamination_IF': 0.15, 'model__n_estimators': 330, 'model__min_samples_split': 137, 'model__min_samples_leaf': 60, 'model__min_impurity_decrease': 0.2, 'model__max_samples': 0.3, 'model__max_features': 0.5, 'model__max_depth': 60, 'model__criterion': 'friedman_mse', 'model': RandomForestRegressor(), 'imputer__knn_scaling_method': 'robust', 'imputer__knn_neighbors': 20, 'imputer__imputation_method': 'simple', 'encoder__method': 'onehot'}",-2388.206786839521,-2381.025704249788,-2308.427047363982,-2391.335165662663,-2414.006387682263,-2376.6002183596433,35.82797447878084,23
5,2983.8368843078615,15.946002178641388,1.3705897808074952,0.02766920209833667,model,20,rf,16,minmax,"['car_age', 'mileage', 'tax', 'mpg']",2,"['car_age', 'mileage', 'engineSize']",LOF,50,"['car_age', 'mileage', 'tax', 'mpg']","['car_age', 'mileage', 'tax', 'mpg']",0.15,0.3,350,137,50,0.5,0.5,0.8,60,absolute_error,RandomForestRegressor(),robust,18,knn_brandwise,onehot,"{'selector__selection_method': 'model', 'selector__n_features_to_select': 20, 'selector__model_name': 'rf', 'selector__k': 16, 'scaler__scaler_name': 'minmax', 'outlier_remover__z_columns': ['car_age', 'mileage', 'tax', 'mpg'], 'outlier_remover__threshold': 2, 'outlier_remover__sev_outliers_cols': ['car_age', 'mileage', 'engineSize'], 'outlier_remover__outlier_method': 'LOF', 'outlier_remover__n_neighbors': 50, 'outlier_remover__model_columns': ['car_age', 'mileage', 'tax', 'mpg'], 'outlier_remover__mod_outliers_cols': ['car_age', 'mileage', 'tax', 'mpg'], 'outlier_remover__contamination_LOF': 0.15, 'outlier_remover__contamination_IF': 0.3, 'model__n_estimators': 350, 'model__min_samples_split': 137, 'model__min_samples_leaf': 50, 'model__min_impurity_decrease': 0.5, 'model__max_samples': 0.5, 'model__max_features': 0.8, 'model__max_depth': 60, 'model__criterion': 'absolute_error', 'model': RandomForestRegressor(), 'imputer__knn_scaling_method': 'robust', 'imputer__knn_neighbors': 18, 'imputer__imputation_method': 'knn_brandwise', 'encoder__method': 'onehot'}",-2249.3242263902603,-2261.5298563437223,-2173.8544069007658,-2260.232492619267,-2273.5819665657496,-2243.7045897639528,35.76086606284443,16
6,12.226391220092774,0.10534762065359708,1.2111653804779052,0.0308223681966477,kbest,16,rf,13,robust,"['car_age', 'mileage', 'tax', 'mpg']",2,"['car_age', 'mileage', 'engineSize']",LOF,70,"['car_age', 'mileage', 'tax', 'mpg']","['car_age', 'mileage', 'tax', 'mpg']",0.5,0.5,220,137,50,0.2,,1.0,10,friedman_mse,RandomForestRegressor(),robust,15,knn_brandwise,onehot,"{'selector__selection_method': 'kbest', 'selector__n_features_to_select': 16, 'selector__model_name': 'rf', 'selector__k': 13, 'scaler__scaler_name': 'robust', 'outlier_remover__z_columns': ['car_age', 'mileage', 'tax', 'mpg'], 'outlier_remover__threshold': 2, 'outlier_remover__sev_outliers_cols': ['car_age', 'mileage', 'engineSize'], 'outlier_remover__outlier_method': 'LOF', 'outlier_remover__n_neighbors': 70, 'outlier_remover__model_columns': ['car_age', 'mileage', 'tax', 'mpg'], 'outlier_remover__mod_outliers_cols': ['car_age', 'mileage', 'tax', 'mpg'], 'outlier_remover__contamination_LOF': 0.5, 'outlier_remover__contamination_IF': 0.5, 'model__n_estimators': 220, 'model__min_samples_split': 137, 'model__min_samples_leaf': 50, 'model__min_impurity_decrease': 0.2, 'model__max_samples': None, 'model__max_features': 1.0, 'model__max_depth': 10, 'model__criterion': 'friedman_mse', 'model': RandomForestRegressor(), 'imputer__knn_scaling_method': 'robust', 'imputer__knn_neighbors': 15, 'imputer__imputation_method': 'knn_brandwise', 'encoder__method': 'onehot'}",-2419.8511794582682,-2416.6623988621727,-2358.759108337456,-2411.73356238165,-2442.8010119623964,-2409.9614522003885,27.73433420262449,26
7,44.96825332641602,0.09931927829348765,0.22894487380981446,0.001222794263433531,model,10,rf,20,minmax,"['car_age', 'mileage', 'tax', 'mpg']",2,"['car_age', 'mileage']",IQR,70,"['car_age', 'mileage', 'tax', 'mpg', 'engineSize']","['tax', 'mpg']",0.3,0.15,320,167,45,0.5,,1.0,10,poisson,RandomForestRegressor(),standard,20,simple,onehot,"{'selector__selection_method': 'model', 'selector__n_features_to_select': 10, 'selector__model_name': 'rf', 'selector__k': 20, 'scaler__scaler_name': 'minmax', 'outlier_remover__z_columns': ['car_age', 'mileage', 'tax', 'mpg'], 'outlier_remover__threshold': 2, 'outlier_remover__sev_outliers_cols': ['car_age', 'mileage'], 'outlier_remover__outlier_method': 'IQR', 'outlier_remover__n_neighbors': 70, 'outlier_remover__model_columns': ['car_age', 'mileage', 'tax', 'mpg', 'engineSize'], 'outlier_remover__mod_outliers_cols': ['tax', 'mpg'], 'outlier_remover__contamination_LOF': 0.3, 'outlier_remover__contamination_IF': 0.15, 'model__n_estimators': 320, 'model__min_samples_split': 167, 'model__min_samples_leaf': 45, 'model__min_impurity_decrease': 0.5, 'model__max_samples': None, 'model__max_features': 1.0, 'model__max_depth': 10, 'model__criterion': 'poisson', 'model': RandomForestRegressor(), 'imputer__knn_scaling_method': 'standard', 'imputer__knn_neighbors': 20, 'imputer__imputation_method': 'simple', 'encoder__method': 'onehot'}",-2345.2208974782125,-2349.4884068244064,-2296.932456332917,-2356.81677738966,-2380.532004843007,-2345.7981085736405,27.311748590186845,18
8,7.3690894603729244,0.03750818927906986,0.21292829513549805,0.0020663518536954283,kbest,21,rf,17,minmax,"['car_age', 'mileage', 'tax', 'mpg']",2,"['car_age', 'mileage', 'engineSize']",IQR,70,"['car_age', 'mileage', 'tax', 'mpg', 'engineSize']","['car_age', 'mileage', 'tax', 'mpg']",0.5,0.15,280,197,35,0.3,0.3,1.0,30,poisson,RandomForestRegressor(),standard,19,simple,onehot,"{'selector__selection_method': 'kbest', 'selector__n_features_to_select': 21, 'selector__model_name': 'rf', 'selector__k': 17, 'scaler__scaler_name': 'minmax', 'outlier_remover__z_columns': ['car_age', 'mileage', 'tax', 'mpg'], 'outlier_remover__threshold': 2, 'outlier_remover__sev_outliers_cols': ['car_age', 'mileage', 'engineSize'], 'outlier_remover__outlier_method': 'IQR', 'outlier_remover__n_neighbors': 70, 'outlier_remover__model_columns': ['car_age', 'mileage', 'tax', 'mpg', 'engineSize'], 'outlier_remover__mod_outliers_cols': ['car_age', 'mileage', 'tax', 'mpg'], 'outlier_remover__contamination_LOF': 0.5, 'outlier_remover__contamination_IF': 0.15, 'model__n_estimators': 280, 'model__min_samples_split': 197, 'model__min_samples_leaf': 35, 'model__min_impurity_decrease': 0.3, 'model__max_samples': 0.3, 'model__max_features': 1.0, 'model__max_depth': 30, 'model__criterion': 'poisson', 'model': RandomForestRegressor(), 'imputer__knn_scaling_method': 'standard', 'imputer__knn_neighbors': 19, 'imputer__imputation_method': 'simple', 'encoder__method': 'onehot'}",-2391.794480759274,-2377.65045364029,-2310.9478769142215,-2378.350447186902,-2418.77214351333,-2375.5030804028033,35.546348771467386,22
9,1628.8949018001556,38.22888432953408,1.3305280208587646,0.039322319764205575,kbest,11,rf,23,robust,"['car_age', 'mileage', 'tax', 'mpg']",2,"['car_age', 'mileage', 'engineSize']",z_score,30,"['car_age', 'mileage', 'tax', 'mpg', 'engineSize']","['car_age', 'mileage', 'tax', 'mpg']",0.5,0.5,370,92,50,0.5,0.5,sqrt,50,absolute_error,RandomForestRegressor(),standard,15,knn_brandwise,onehot,"{'selector__selection_method': 'kbest', 'selector__n_features_to_select': 11, 'selector__model_name': 'rf', 'selector__k': 23, 'scaler__scaler_name': 'robust', 'outlier_remover__z_columns': ['car_age', 'mileage', 'tax', 'mpg'], 'outlier_remover__threshold': 2, 'outlier_remover__sev_outliers_cols': ['car_age', 'mileage', 'engineSize'], 'outlier_remover__outlier_method': 'z_score', 'outlier_remover__n_neighbors': 30, 'outlier_remover__model_columns': ['car_age', 'mileage', 'tax', 'mpg', 'engineSize'], 'outlier_remover__mod_outliers_cols': ['car_age', 'mileage', 'tax', 'mpg'], 'outlier_remover__contamination_LOF': 0.5, 'outlier_remover__contamination_IF': 0.5, 'model__n_estimators': 370, 'model__min_samples_split': 92, 'model__min_samples_leaf': 50, 'model__min_impurity_decrease': 0.5, 'model__max_samples': 0.5, 'model__max_features': 'sqrt', 'model__max_depth': 50, 'model__criterion': 'absolute_error', 'model': RandomForestRegressor(), 'imputer__knn_scaling_method': 'standard', 'imputer__knn_neighbors': 15, 'imputer__imputation_method': 'knn_brandwise', 'encoder__method': 'onehot'}",-2454.793993578969,-2491.4991823412756,-2446.6637613724283,-2501.415543653434,-2490.049379378062,-2476.8843720648338,21.86302178910209,35
10,2214.408446884155,10.566504240673702,0.233030366897583,0.0018186031695175424,rfe,20,rf,17,minmax,"['car_age', 'mileage', 'tax', 'mpg']",2,"['car_age', 'mileage']",IQR,30,"['car_age', 'mileage', 'tax', 'mpg', 'engineSize']","['car_age', 'mileage', 'tax', 'mpg']",0.3,0.3,300,197,40,0.3,0.3,1.0,30,absolute_error,RandomForestRegressor(),robust,18,simple,onehot,"{'selector__selection_method': 'rfe', 'selector__n_features_to_select': 20, 'selector__model_name': 'rf', 'selector__k': 17, 'scaler__scaler_name': 'minmax', 'outlier_remover__z_columns': ['car_age', 'mileage', 'tax', 'mpg'], 'outlier_remover__threshold': 2, 'outlier_remover__sev_outliers_cols': ['car_age', 'mileage'], 'outlier_remover__outlier_method': 'IQR', 'outlier_remover__n_neighbors': 30, 'outlier_remover__model_columns': ['car_age', 'mileage', 'tax', 'mpg', 'engineSize'], 'outlier_remover__mod_outliers_cols': ['car_age', 'mileage', 'tax', 'mpg'], 'outlier_remover__contamination_LOF': 0.3, 'outlier_remover__contamination_IF': 0.3, 'model__n_estimators': 300, 'model__min_samples_split': 197, 'model__min_samples_leaf': 40, 'model__min_impurity_decrease': 0.3, 'model__max_samples': 0.3, 'model__max_features': 1.0, 'model__max_depth': 30, 'model__criterion': 'absolute_error', 'model': RandomForestRegressor(), 'imputer__knn_scaling_method': 'robust', 'imputer__knn_neighbors': 18, 'imputer__imputation_method': 'simple', 'encoder__method': 'onehot'}",-2399.4621154985193,-2428.5866467039596,-2313.244104091258,-2419.4824730156643,-2418.8839709753856,-2395.9318620569575,42.420498694450934,24
11,133.4281524181366,0.2429789611062089,1.393375825881958,0.061307471292057145,rfe,17,rf,12,minmax,"['car_age', 'mileage', 'tax', 'mpg']",3,"['car_age', 'mileage', 'engineSize']",Isolation_Forest,70,"['car_age', 'mileage', 'tax', 'mpg']","['tax', 'mpg']",0.15,0.3,360,77,40,0.2,,0.8,60,poisson,RandomForestRegressor(),standard,18,knn_brandwise,onehot,"{'selector__selection_method': 'rfe', 'selector__n_features_to_select': 17, 'selector__model_name': 'rf', 'selector__k': 12, 'scaler__scaler_name': 'minmax', 'outlier_remover__z_columns': ['car_age', 'mileage', 'tax', 'mpg'], 'outlier_remover__threshold': 3, 'outlier_remover__sev_outliers_cols': ['car_age', 'mileage', 'engineSize'], 'outlier_remover__outlier_method': 'Isolation_Forest', 'outlier_remover__n_neighbors': 70, 'outlier_remover__model_columns': ['car_age', 'mileage', 'tax', 'mpg'], 'outlier_remover__mod_outliers_cols': ['tax', 'mpg'], 'outlier_remover__contamination_LOF': 0.15, 'outlier_remover__contamination_IF': 0.3, 'model__n_estimators': 360, 'model__min_samples_split': 77, 'model__min_samples_leaf': 40, 'model__min_impurity_decrease': 0.2, 'model__max_samples': None, 'model__max_features': 0.8, 'model__max_depth': 60, 'model__criterion': 'poisson', 'model': RandomForestRegressor(), 'imputer__knn_scaling_method': 'standard', 'imputer__knn_neighbors': 18, 'imputer__imputation_method': 'knn_brandwise', 'encoder__method': 'onehot'}",-2433.3245810954236,-2514.7988312589637,-2404.622018844911,-2491.116256249045,-2481.374732221524,-2465.0472839339736,40.19685530696088,33
12,9.77346453666687,0.07091651539061998,0.25081543922424315,0.002822370723182381,model,15,rf,15,minmax,"['car_age', 'mileage', 'tax', 'mpg']",3,"['car_age', 'mileage', 'engineSize']",Isolation_Forest,50,"['car_age', 'mileage', 'tax', 'mpg', 'engineSize']","['car_age', 'mileage', 'tax', 'mpg']",0.15,0.5,370,77,60,0.2,0.3,log2,40,squared_error,RandomForestRegressor(),minmax,16,simple,onehot,"{'selector__selection_method': 'model', 'selector__n_features_to_select': 15, 'selector__model_name': 'rf', 'selector__k': 15, 'scaler__scaler_name': 'minmax', 'outlier_remover__z_columns': ['car_age', 'mileage', 'tax', 'mpg'], 'outlier_remover__threshold': 3, 'outlier_remover__sev_outliers_cols': ['car_age', 'mileage', 'engineSize'], 'outlier_remover__outlier_method': 'Isolation_Forest', 'outlier_remover__n_neighbors': 50, 'outlier_remover__model_columns': ['car_age', 'mileage', 'tax', 'mpg', 'engineSize'], 'outlier_remover__mod_outliers_cols': ['car_age', 'mileage', 'tax', 'mpg'], 'outlier_remover__contamination_LOF': 0.15, 'outlier_remover__contamination_IF': 0.5, 'model__n_estimators': 370, 'model__min_samples_split': 77, 'model__min_samples_leaf': 60, 'model__min_impurity_decrease': 0.2, 'model__max_samples': 0.3, 'model__max_features': 'log2', 'model__max_depth': 40, 'model__criterion': 'squared_error', 'model': RandomForestRegressor(), 'imputer__knn_scaling_method': 'minmax', 'imputer__knn_neighbors': 16, 'imputer__imputation_method': 'simple', 'encoder__method': 'onehot'}",-3608.5637270546595,-3711.7652328327426,-3536.776447103098,-3701.935128781438,-3681.2035191930386,-3648.048810992995,66.33756575568759,50
13,11.22579641342163,0.22283279331160277,1.3340800285339356,0.03186695544254597,kbest,14,rf,18,standard,"['car_age', 'mileage', 'tax', 'mpg']",2,"['car_age', 'mileage', 'engineSize']",z_score,50,"['car_age', 'mileage', 'tax', 'mpg', 'engineSize']","['tax', 'mpg']",0.15,0.15,290,92,65,0.2,0.3,0.8,50,squared_error,RandomForestRegressor(),minmax,20,knn_brandwise,onehot,"{'selector__selection_method': 'kbest', 'selector__n_features_to_select': 14, 'selector__model_name': 'rf', 'selector__k': 18, 'scaler__scaler_name': 'standard', 'outlier_remover__z_columns': ['car_age', 'mileage', 'tax', 'mpg'], 'outlier_remover__threshold': 2, 'outlier_remover__sev_outliers_cols': ['car_age', 'mileage', 'engineSize'], 'outlier_remover__outlier_method': 'z_score', 'outlier_remover__n_neighbors': 50, 'outlier_remover__model_columns': ['car_age', 'mileage', 'tax', 'mpg', 'engineSize'], 'outlier_remover__mod_outliers_cols': ['tax', 'mpg'], 'outlier_remover__contamination_LOF': 0.15, 'outlier_remover__contamination_IF': 0.15, 'model__n_estimators': 290, 'model__min_samples_split': 92, 'model__min_samples_leaf': 65, 'model__min_impurity_decrease': 0.2, 'model__max_samples': 0.3, 'model__max_features': 0.8, 'model__max_depth': 50, 'model__criterion': 'squared_error', 'model': RandomForestRegressor(), 'imputer__knn_scaling_method': 'minmax', 'imputer__knn_neighbors': 20, 'imputer__imputation_method': 'knn_brandwise', 'encoder__method': 'onehot'}",-2370.9685630927406,-2367.170263865297,-2299.0288583349675,-2375.747232429586,-2400.7717214151294,-2362.737327827544,33.9471529124961,21
14,16.35114860534668,0.1218357211865815,0.3434295654296875,0.011095571563949528,model,19,rf,16,standard,"['car_age', 'mileage', 'tax', 'mpg']",3,"['car_age', 'mileage', 'engineSize']",Isolation_Forest,50,"['car_age', 'mileage', 'tax', 'mpg', 'engineSize']","['tax', 'mpg']",0.3,0.3,430,182,65,0.2,0.5,sqrt,20,squared_error,RandomForestRegressor(),minmax,16,simple,onehot,"{'selector__selection_method': 'model', 'selector__n_features_to_select': 19, 'selector__model_name': 'rf', 'selector__k': 16, 'scaler__scaler_name': 'standard', 'outlier_remover__z_columns': ['car_age', 'mileage', 'tax', 'mpg'], 'outlier_remover__threshold': 3, 'outlier_remover__sev_outliers_cols': ['car_age', 'mileage', 'engineSize'], 'outlier_remover__outlier_method': 'Isolation_Forest', 'outlier_remover__n_neighbors': 50, 'outlier_remover__model_columns': ['car_age', 'mileage', 'tax', 'mpg', 'engineSize'], 'outlier_remover__mod_outliers_cols': ['tax', 'mpg'], 'outlier_remover__contamination_LOF': 0.3, 'outlier_remover__contamination_IF': 0.3, 'model__n_estimators': 430, 'model__min_samples_split': 182, 'model__min_samples_leaf': 65, 'model__min_impurity_decrease': 0.2, 'model__max_samples': 0.5, 'model__max_features': 'sqrt', 'model__max_depth': 20, 'model__criterion': 'squared_error', 'model': RandomForestRegressor(), 'imputer__knn_scaling_method': 'minmax', 'imputer__knn_neighbors': 16, 'imputer__imputation_method': 'simple', 'encoder__method': 'onehot'}",-2971.5683180429887,-2978.668612612984,-2940.2185592893866,-2928.9016514023124,-3034.1061189334328,-2970.6926520562206,36.77175161649842,45
15,1964.8240295886994,2.6083189995859595,1.3034661293029786,0.031092722383502122,rfe,18,rf,11,standard,"['car_age', 'mileage', 'tax', 'mpg']",2,"['car_age', 'mileage']",Isolation_Forest,50,"['car_age', 'mileage', 'tax', 'mpg']","['car_age', 'mileage', 'tax', 'mpg']",0.5,0.5,320,167,45,0.3,0.8,0.8,50,absolute_error,RandomForestRegressor(),robust,18,knn_brandwise,onehot,"{'selector__selection_method': 'rfe', 'selector__n_features_to_select': 18, 'selector__model_name': 'rf', 'selector__k': 11, 'scaler__scaler_name': 'standard', 'outlier_remover__z_columns': ['car_age', 'mileage', 'tax', 'mpg'], 'outlier_remover__threshold': 2, 'outlier_remover__sev_outliers_cols': ['car_age', 'mileage'], 'outlier_remover__outlier_method': 'Isolation_Forest', 'outlier_remover__n_neighbors': 50, 'outlier_remover__model_columns': ['car_age', 'mileage', 'tax', 'mpg'], 'outlier_remover__mod_outliers_cols': ['car_age', 'mileage', 'tax', 'mpg'], 'outlier_remover__contamination_LOF': 0.5, 'outlier_remover__contamination_IF': 0.5, 'model__n_estimators': 320, 'model__min_samples_split': 167, 'model__min_samples_leaf': 45, 'model__min_impurity_decrease': 0.3, 'model__max_samples': 0.8, 'model__max_features': 0.8, 'model__max_depth': 50, 'model__criterion': 'absolute_error', 'model': RandomForestRegressor(), 'imputer__knn_scaling_method': 'robust', 'imputer__knn_neighbors': 18, 'imputer__imputation_method': 'knn_brandwise', 'encoder__method': 'onehot'}",-2983.0012679952292,-2989.195940070747,-2812.326830783153,-2991.5539069698566,-2932.9178238531663,-2941.7991539344303,68.20786681160493,44
16,15.047910737991334,0.04505296276966816,0.2270411491394043,0.004499406366751689,model,13,rf,23,standard,"['car_age', 'mileage', 'tax', 'mpg']",3,"['car_age', 'mileage']",LOF,30,"['car_age', 'mileage', 'tax', 'mpg']","['car_age', 'mileage', 'tax', 'mpg']",0.5,0.15,270,32,60,0.2,0.5,0.8,30,squared_error,RandomForestRegressor(),robust,18,simple,onehot,"{'selector__selection_method': 'model', 'selector__n_features_to_select': 13, 'selector__model_name': 'rf', 'selector__k': 23, 'scaler__scaler_name': 'standard', 'outlier_remover__z_columns': ['car_age', 'mileage', 'tax', 'mpg'], 'outlier_remover__threshold': 3, 'outlier_remover__sev_outliers_cols': ['car_age', 'mileage'], 'outlier_remover__outlier_method': 'LOF', 'outlier_remover__n_neighbors': 30, 'outlier_remover__model_columns': ['car_age', 'mileage', 'tax', 'mpg'], 'outlier_remover__mod_outliers_cols': ['car_age', 'mileage', 'tax', 'mpg'], 'outlier_remover__contamination_LOF': 0.5, 'outlier_remover__contamination_IF': 0.15, 'model__n_estimators': 270, 'model__min_samples_split': 32, 'model__min_samples_leaf': 60, 'model__min_impurity_decrease': 0.2, 'model__max_samples': 0.5, 'model__max_features': 0.8, 'model__max_depth': 30, 'model__criterion': 'squared_error', 'model': RandomForestRegressor(), 'imputer__knn_scaling_method': 'robust', 'imputer__knn_neighbors': 18, 'imputer__imputation_method': 'simple', 'encoder__method': 'onehot'}",-2484.7035616312032,-2506.505960589008,-2401.8804078145604,-2470.3822720827334,-2496.991802241335,-2472.0928008717683,37.13748285873881,34
17,22.47840633392334,0.17681168256036925,0.21558923721313478,0.000294694136516763,model,23,rf,13,standard,"['car_age', 'mileage', 'tax', 'mpg']",2,"['car_age', 'mileage', 'engineSize']",IQR,50,"['car_age', 'mileage', 'tax', 'mpg', 'engineSize']","['tax', 'mpg']",0.3,0.15,200,47,40,0.5,0.8,sqrt,30,friedman_mse,RandomForestRegressor(),minmax,18,simple,onehot,"{'selector__selection_method': 'model', 'selector__n_features_to_select': 23, 'selector__model_name': 'rf', 'selector__k': 13, 'scaler__scaler_name': 'standard', 'outlier_remover__z_columns': ['car_age', 'mileage', 'tax', 'mpg'], 'outlier_remover__threshold': 2, 'outlier_remover__sev_outliers_cols': ['car_age', 'mileage', 'engineSize'], 'outlier_remover__outlier_method': 'IQR', 'outlier_remover__n_neighbors': 50, 'outlier_remover__model_columns': ['car_age', 'mileage', 'tax', 'mpg', 'engineSize'], 'outlier_remover__mod_outliers_cols': ['tax', 'mpg'], 'outlier_remover__contamination_LOF': 0.3, 'outlier_remover__contamination_IF': 0.15, 'model__n_estimators': 200, 'model__min_samples_split': 47, 'model__min_samples_leaf': 40, 'model__min_impurity_decrease': 0.5, 'model__max_samples': 0.8, 'model__max_features': 'sqrt', 'model__max_depth': 30, 'model__criterion': 'friedman_mse', 'model': RandomForestRegressor(), 'imputer__knn_scaling_method': 'minmax', 'imputer__knn_neighbors': 18, 'imputer__imputation_method': 'simple', 'encoder__method': 'onehot'}",-2238.2011622862547,-2246.6188568008115,-2165.798572925074,-2228.0819105807846,-2246.0166835993946,-2224.943437238464,30.32371279512076,14
18,30.043494367599486,0.12025821407733653,1.428385066986084,0.030658558345982807,model,18,rf,17,robust,"['car_age', 'mileage', 'tax', 'mpg']",3,"['car_age', 'mileage']",IQR,30,"['car_age', 'mileage', 'tax', 'mpg', 'engineSize']","['tax', 'mpg']",0.5,0.5,420,197,20,0.2,0.5,sqrt,30,friedman_mse,RandomForestRegressor(),standard,16,knn_brandwise,onehot,"{'selector__selection_method': 'model', 'selector__n_features_to_select': 18, 'selector__model_name': 'rf', 'selector__k': 17, 'scaler__scaler_name': 'robust', 'outlier_remover__z_columns': ['car_age', 'mileage', 'tax', 'mpg'], 'outlier_remover__threshold': 3, 'outlier_remover__sev_outliers_cols': ['car_age', 'mileage'], 'outlier_remover__outlier_method': 'IQR', 'outlier_remover__n_neighbors': 30, 'outlier_remover__model_columns': ['car_age', 'mileage', 'tax', 'mpg', 'engineSize'], 'outlier_remover__mod_outliers_cols': ['tax', 'mpg'], 'outlier_remover__contamination_LOF': 0.5, 'outlier_remover__contamination_IF': 0.5, 'model__n_estimators': 420, 'model__min_samples_split': 197, 'model__min_samples_leaf': 20, 'model__min_impurity_decrease': 0.2, 'model__max_samples': 0.5, 'model__max_features': 'sqrt', 'model__max_depth': 30, 'model__criterion': 'friedman_mse', 'model': RandomForestRegressor(), 'imputer__knn_scaling_method': 'standard', 'imputer__knn_neighbors': 16, 'imputer__imputation_method': 'knn_brandwise', 'encoder__method': 'onehot'}",-2229.9798733198477,-2239.088734058839,-2167.5100391924975,-2215.762852310138,-2242.842171577609,-2219.0367340917865,27.401651198055273,13
19,571.5163848400116,3.220781138161764,1.1792405128479004,0.028025762915473013,model,14,rf,19,minmax,"['car_age', 'mileage', 'tax', 'mpg']",3,"['car_age', 'mileage']",Isolation_Forest,30,"['car_age', 'mileage', 'tax', 'mpg']","['tax', 'mpg']",0.15,0.3,130,17,20,0.3,0.5,0.5,20,absolute_error,RandomForestRegressor(),robust,19,knn_brandwise,onehot,"{'selector__selection_method': 'model', 'selector__n_features_to_select': 14, 'selector__model_name': 'rf', 'selector__k': 19, 'scaler__scaler_name': 'minmax', 'outlier_remover__z_columns': ['car_age', 'mileage', 'tax', 'mpg'], 'outlier_remover__threshold': 3, 'outlier_remover__sev_outliers_cols': ['car_age', 'mileage'], 'outlier_remover__outlier_method': 'Isolation_Forest', 'outlier_remover__n_neighbors': 30, 'outlier_remover__model_columns': ['car_age', 'mileage', 'tax', 'mpg'], 'outlier_remover__mod_outliers_cols': ['tax', 'mpg'], 'outlier_remover__contamination_LOF': 0.15, 'outlier_remover__contamination_IF': 0.3, 'model__n_estimators': 130, 'model__min_samples_split': 17, 'model__min_samples_leaf': 20, 'model__min_impurity_decrease': 0.3, 'model__max_samples': 0.5, 'model__max_features': 0.5, 'model__max_depth': 20, 'model__criterion': 'absolute_error', 'model': RandomForestRegressor(), 'imputer__knn_scaling_method': 'robust', 'imputer__knn_neighbors': 19, 'imputer__imputation_method': 'knn_brandwise', 'encoder__method': 'onehot'}",-2332.671775381578,-2416.155613435594,-2300.4946113347,-2341.860768673869,-2359.3075596642398,-2350.098065697996,38.158736177831436,20
20,561.7262972354889,6.77233935373094,0.11608166694641113,0.003235927328205533,kbest,24,rf,17,minmax,"['car_age', 'mileage', 'tax', 'mpg']",3,"['car_age', 'mileage', 'engineSize']",IQR,50,"['car_age', 'mileage', 'tax', 'mpg', 'engineSize']","['tax', 'mpg']",0.3,0.15,120,122,25,0.2,0.5,sqrt,30,absolute_error,RandomForestRegressor(),standard,18,simple,onehot,"{'selector__selection_method': 'kbest', 'selector__n_features_to_select': 24, 'selector__model_name': 'rf', 'selector__k': 17, 'scaler__scaler_name': 'minmax', 'outlier_remover__z_columns': ['car_age', 'mileage', 'tax', 'mpg'], 'outlier_remover__threshold': 3, 'outlier_remover__sev_outliers_cols': ['car_age', 'mileage', 'engineSize'], 'outlier_remover__outlier_method': 'IQR', 'outlier_remover__n_neighbors': 50, 'outlier_remover__model_columns': ['car_age', 'mileage', 'tax', 'mpg', 'engineSize'], 'outlier_remover__mod_outliers_cols': ['tax', 'mpg'], 'outlier_remover__contamination_LOF': 0.3, 'outlier_remover__contamination_IF': 0.15, 'model__n_estimators': 120, 'model__min_samples_split': 122, 'model__min_samples_leaf': 25, 'model__min_impurity_decrease': 0.2, 'model__max_samples': 0.5, 'model__max_features': 'sqrt', 'model__max_depth': 30, 'model__criterion': 'absolute_error', 'model': RandomForestRegressor(), 'imputer__knn_scaling_method': 'standard', 'imputer__knn_neighbors': 18, 'imputer__imputation_method': 'simple', 'encoder__method': 'onehot'}",-2266.2357732806845,-2271.6533538993094,-2187.6706043654713,-2256.381731275503,-2275.025104207801,-2251.3933134057543,32.47983175057073,17
21,20.451001691818238,0.25877044279996686,0.25508766174316405,0.0007803047440111357,model,19,rf,17,minmax,"['car_age', 'mileage', 'tax', 'mpg']",3,"['car_age', 'mileage']",LOF,30,"['car_age', 'mileage', 'tax', 'mpg', 'engineSize']","['tax', 'mpg']",0.15,0.3,310,137,60,0.5,0.3,0.5,30,squared_error,RandomForestRegressor(),standard,17,simple,onehot,"{'selector__selection_method': 'model', 'selector__n_features_to_select': 19, 'selector__model_name': 'rf', 'selector__k': 17, 'scaler__scaler_name': 'minmax', 'outlier_remover__z_columns': ['car_age', 'mileage', 'tax', 'mpg'], 'outlier_remover__threshold': 3, 'outlier_remover__sev_outliers_cols': ['car_age', 'mileage'], 'outlier_remover__outlier_method': 'LOF', 'outlier_remover__n_neighbors': 30, 'outlier_remover__model_columns': ['car_age', 'mileage', 'tax', 'mpg', 'engineSize'], 'outlier_remover__mod_outliers_cols': ['tax', 'mpg'], 'outlier_remover__contamination_LOF': 0.15, 'outlier_remover__contamination_IF': 0.3, 'model__n_estimators': 310, 'model__min_samples_split': 137, 'model__min_samples_leaf': 60, 'model__min_impurity_decrease': 0.5, 'model__max_samples': 0.3, 'model__max_features': 0.5, 'model__max_depth': 30, 'model__criterion': 'squared_error', 'model': RandomForestRegressor(), 'imputer__knn_scaling_method': 'standard', 'imputer__knn_neighbors': 17, 'imputer__imputation_method': 'simple', 'encoder__method': 'onehot'}",-2434.9784928364616,-2441.174820527807,-2355.226673331689,-2437.3634503459202,-2455.252983157357,-2424.799284039847,35.48917782267982,28
22,109.55921459197998,0.631403485713264,1.1505670547485352,0.034393517820146546,rfe,22,rf,20,standard,"['car_age', 'mileage', 'tax', 'mpg']",2,"['car_age', 'mileage']",Isolation_Forest,50,"['car_age', 'mileage', 'tax', 'mpg']","['tax', 'mpg']",0.15,0.5,150,62,60,0.2,0.3,sqrt,40,absolute_error,RandomForestRegressor(),minmax,17,knn_brandwise,onehot,"{'selector__selection_method': 'rfe', 'selector__n_features_to_select': 22, 'selector__model_name': 'rf', 'selector__k': 20, 'scaler__scaler_name': 'standard', 'outlier_remover__z_columns': ['car_age', 'mileage', 'tax', 'mpg'], 'outlier_remover__threshold': 2, 'outlier_remover__sev_outliers_cols': ['car_age', 'mileage'], 'outlier_remover__outlier_method': 'Isolation_Forest', 'outlier_remover__n_neighbors': 50, 'outlier_remover__model_columns': ['car_age', 'mileage', 'tax', 'mpg'], 'outlier_remover__mod_outliers_cols': ['tax', 'mpg'], 'outlier_remover__contamination_LOF': 0.15, 'outlier_remover__contamination_IF': 0.5, 'model__n_estimators': 150, 'model__min_samples_split': 62, 'model__min_samples_leaf': 60, 'model__min_impurity_decrease': 0.2, 'model__max_samples': 0.3, 'model__max_features': 'sqrt', 'model__max_depth': 40, 'model__criterion': 'absolute_error', 'model': RandomForestRegressor(), 'imputer__knn_scaling_method': 'minmax', 'imputer__knn_neighbors': 17, 'imputer__imputation_method': 'knn_brandwise', 'encoder__method': 'onehot'}",-3586.014278600417,-3670.101458593835,-3552.5026877262258,-3610.7440757316485,-3605.5123309639766,-3604.9749663232205,38.43924837891675,49
23,129.4186333656311,3.72192204176858,1.2245187759399414,0.05198917757963468,rfe,20,rf,23,minmax,"['car_age', 'mileage', 'tax', 'mpg']",2,"['car_age', 'mileage']",IQR,30,"['car_age', 'mileage', 'tax', 'mpg', 'engineSize']","['car_age', 'mileage', 'tax', 'mpg']",0.15,0.5,110,77,15,0.2,,0.8,10,friedman_mse,RandomForestRegressor(),minmax,19,knn_brandwise,onehot,"{'selector__selection_method': 'rfe', 'selector__n_features_to_select': 20, 'selector__model_name': 'rf', 'selector__k': 23, 'scaler__scaler_name': 'minmax', 'outlier_remover__z_columns': ['car_age', 'mileage', 'tax', 'mpg'], 'outlier_remover__threshold': 2, 'outlier_remover__sev_outliers_cols': ['car_age', 'mileage'], 'outlier_remover__outlier_method': 'IQR', 'outlier_remover__n_neighbors': 30, 'outlier_remover__model_columns': ['car_age', 'mileage', 'tax', 'mpg', 'engineSize'], 'outlier_remover__mod_outliers_cols': ['car_age', 'mileage', 'tax', 'mpg'], 'outlier_remover__contamination_LOF': 0.15, 'outlier_remover__contamination_IF': 0.5, 'model__n_estimators': 110, 'model__min_samples_split': 77, 'model__min_samples_leaf': 15, 'model__min_impurity_decrease': 0.2, 'model__max_samples': None, 'model__max_features': 0.8, 'model__max_depth': 10, 'model__criterion': 'friedman_mse', 'model': RandomForestRegressor(), 'imputer__knn_scaling_method': 'minmax', 'imputer__knn_neighbors': 19, 'imputer__imputation_method': 'knn_brandwise', 'encoder__method': 'onehot'}",-2046.9745530041603,-2068.279633045671,-2033.815711153452,-2071.3545001873686,-2098.563487096529,-2063.7975768974366,22.216169045545506,3
24,5.824113988876343,0.05591070244622985,1.155332612991333,0.026920104346643006,kbest,16,rf,22,standard,"['car_age', 'mileage', 'tax', 'mpg']",2,"['car_age', 'mileage']",LOF,30,"['car_age', 'mileage', 'tax', 'mpg', 'engineSize']","['tax', 'mpg']",0.5,0.15,130,122,45,0.5,0.3,sqrt,60,squared_error,RandomForestRegressor(),minmax,15,knn_brandwise,onehot,"{'selector__selection_method': 'kbest', 'selector__n_features_to_select': 16, 'selector__model_name': 'rf', 'selector__k': 22, 'scaler__scaler_name': 'standard', 'outlier_remover__z_columns': ['car_age', 'mileage', 'tax', 'mpg'], 'outlier_remover__threshold': 2, 'outlier_remover__sev_outliers_cols': ['car_age', 'mileage'], 'outlier_remover__outlier_method': 'LOF', 'outlier_remover__n_neighbors': 30, 'outlier_remover__model_columns': ['car_age', 'mileage', 'tax', 'mpg', 'engineSize'], 'outlier_remover__mod_outliers_cols': ['tax', 'mpg'], 'outlier_remover__contamination_LOF': 0.5, 'outlier_remover__contamination_IF': 0.15, 'model__n_estimators': 130, 'model__min_samples_split': 122, 'model__min_samples_leaf': 45, 'model__min_impurity_decrease': 0.5, 'model__max_samples': 0.3, 'model__max_features': 'sqrt', 'model__max_depth': 60, 'model__criterion': 'squared_error', 'model': RandomForestRegressor(), 'imputer__knn_scaling_method': 'minmax', 'imputer__knn_neighbors': 15, 'imputer__imputation_method': 'knn_brandwise', 'encoder__method': 'onehot'}",-2807.5890196353835,-2848.169063959782,-2727.551031504725,-2825.015152219248,-2840.9076937958303,-2809.846392222994,43.4537571011243,43
25,11.638289403915405,0.16717864243070812,1.4379560470581054,0.0989255740377272,kbest,14,rf,15,standard,"['car_age', 'mileage', 'tax', 'mpg']",2,"['car_age', 'mileage']",z_score,30,"['car_age', 'mileage', 'tax', 'mpg', 'engineSize']","['tax', 'mpg']",0.15,0.15,380,62,30,0.5,0.8,log2,20,poisson,RandomForestRegressor(),standard,17,knn_brandwise,onehot,"{'selector__selection_method': 'kbest', 'selector__n_features_to_select': 14, 'selector__model_name': 'rf', 'selector__k': 15, 'scaler__scaler_name': 'standard', 'outlier_remover__z_columns': ['car_age', 'mileage', 'tax', 'mpg'], 'outlier_remover__threshold': 2, 'outlier_remover__sev_outliers_cols': ['car_age', 'mileage'], 'outlier_remover__outlier_method': 'z_score', 'outlier_remover__n_neighbors': 30, 'outlier_remover__model_columns': ['car_age', 'mileage', 'tax', 'mpg', 'engineSize'], 'outlier_remover__mod_outliers_cols': ['tax', 'mpg'], 'outlier_remover__contamination_LOF': 0.15, 'outlier_remover__contamination_IF': 0.15, 'model__n_estimators': 380, 'model__min_samples_split': 62, 'model__min_samples_leaf': 30, 'model__min_impurity_decrease': 0.5, 'model__max_samples': 0.8, 'model__max_features': 'log2', 'model__max_depth': 20, 'model__criterion': 'poisson', 'model': RandomForestRegressor(), 'imputer__knn_scaling_method': 'standard', 'imputer__knn_neighbors': 17, 'imputer__imputation_method': 'knn_brandwise', 'encoder__method': 'onehot'}",-2440.049426231205,-2460.487554362873,-2389.004744679062,-2436.8439755519394,-2466.7967347594695,-2438.63648711691,27.345888316695962,29
26,286.52925219535825,1.6824589993850931,1.438329553604126,0.07229102785550921,rfe,11,rf,18,standard,"['car_age', 'mileage', 'tax', 'mpg']",3,"['car_age', 'mileage', 'engineSize']",z_score,30,"['car_age', 'mileage', 'tax', 'mpg', 'engineSize']","['car_age', 'mileage', 'tax', 'mpg']",0.3,0.3,300,152,65,0.2,,sqrt,40,friedman_mse,RandomForestRegressor(),standard,15,knn_brandwise,onehot,"{'selector__selection_method': 'rfe', 'selector__n_features_to_select': 11, 'selector__model_name': 'rf', 'selector__k': 18, 'scaler__scaler_name': 'standard', 'outlier_remover__z_columns': ['car_age', 'mileage', 'tax', 'mpg'], 'outlier_remover__threshold': 3, 'outlier_remover__sev_outliers_cols': ['car_age', 'mileage', 'engineSize'], 'outlier_remover__outlier_method': 'z_score', 'outlier_remover__n_neighbors': 30, 'outlier_remover__model_columns': ['car_age', 'mileage', 'tax', 'mpg', 'engineSize'], 'outlier_remover__mod_outliers_cols': ['car_age', 'mileage', 'tax', 'mpg'], 'outlier_remover__contamination_LOF': 0.3, 'outlier_remover__contamination_IF': 0.3, 'model__n_estimators': 300, 'model__min_samples_split': 152, 'model__min_samples_leaf': 65, 'model__min_impurity_decrease': 0.2, 'model__max_samples': None, 'model__max_features': 'sqrt', 'model__max_depth': 40, 'model__criterion': 'friedman_mse', 'model': RandomForestRegressor(), 'imputer__knn_scaling_method': 'standard', 'imputer__knn_neighbors': 15, 'imputer__imputation_method': 'knn_brandwise', 'encoder__method': 'onehot'}",-2356.44921553043,-2361.5994293822464,-2289.017068318593,-2353.009333155911,-2375.37443742703,-2347.0898967628423,30.018766650006683,19
27,758.8777154445648,4.569704547091838,1.2050979614257813,0.03722617165543966,model,24,rf,24,robust,"['car_age', 'mileage', 'tax', 'mpg']",2,"['car_age', 'mileage', 'engineSize']",IQR,70,"['car_age', 'mileage', 'tax', 'mpg', 'engineSize']","['tax', 'mpg']",0.5,0.5,160,152,15,0.5,0.5,log2,50,absolute_error,RandomForestRegressor(),minmax,20,knn_brandwise,onehot,"{'selector__selection_method': 'model', 'selector__n_features_to_select': 24, 'selector__model_name': 'rf', 'selector__k': 24, 'scaler__scaler_name': 'robust', 'outlier_remover__z_columns': ['car_age', 'mileage', 'tax', 'mpg'], 'outlier_remover__threshold': 2, 'outlier_remover__sev_outliers_cols': ['car_age', 'mileage', 'engineSize'], 'outlier_remover__outlier_method': 'IQR', 'outlier_remover__n_neighbors': 70, 'outlier_remover__model_columns': ['car_age', 'mileage', 'tax', 'mpg', 'engineSize'], 'outlier_remover__mod_outliers_cols': ['tax', 'mpg'], 'outlier_remover__contamination_LOF': 0.5, 'outlier_remover__contamination_IF': 0.5, 'model__n_estimators': 160, 'model__min_samples_split': 152, 'model__min_samples_leaf': 15, 'model__min_impurity_decrease': 0.5, 'model__max_samples': 0.5, 'model__max_features': 'log2', 'model__max_depth': 50, 'model__criterion': 'absolute_error', 'model': RandomForestRegressor(), 'imputer__knn_scaling_method': 'minmax', 'imputer__knn_neighbors': 20, 'imputer__imputation_method': 'knn_brandwise', 'encoder__method': 'onehot'}",-2417.174652229352,-2439.6864509295824,-2349.4894621997364,-2425.5092555038173,-2428.6943392539824,-2412.110832023294,32.13105493306012,27
28,7.987908029556275,0.09842034777439738,1.155342435836792,0.06480408859247214,kbest,21,rf,16,standard,"['car_age', 'mileage', 'tax', 'mpg']",3,"['car_age', 'mileage', 'engineSize']",IQR,30,"['car_age', 'mileage', 'tax', 'mpg', 'engineSize']","['tax', 'mpg']",0.3,0.3,100,152,40,0.5,0.8,0.5,20,squared_error,RandomForestRegressor(),minmax,16,knn_brandwise,onehot,"{'selector__selection_method': 'kbest', 'selector__n_features_to_select': 21, 'selector__model_name': 'rf', 'selector__k': 16, 'scaler__scaler_name': 'standard', 'outlier_remover__z_columns': ['car_age', 'mileage', 'tax', 'mpg'], 'outlier_remover__threshold': 3, 'outlier_remover__sev_outliers_cols': ['car_age', 'mileage', 'engineSize'], 'outlier_remover__outlier_method': 'IQR', 'outlier_remover__n_neighbors': 30, 'outlier_remover__model_columns': ['car_age', 'mileage', 'tax', 'mpg', 'engineSize'], 'outlier_remover__mod_outliers_cols': ['tax', 'mpg'], 'outlier_remover__contamination_LOF': 0.3, 'outlier_remover__contamination_IF': 0.3, 'model__n_estimators': 100, 'model__min_samples_split': 152, 'model__min_samples_leaf': 40, 'model__min_impurity_decrease': 0.5, 'model__max_samples': 0.8, 'model__max_features': 0.5, 'model__max_depth': 20, 'model__criterion': 'squared_error', 'model': RandomForestRegressor(), 'imputer__knn_scaling_method': 'minmax', 'imputer__knn_neighbors': 16, 'imputer__imputation_method': 'knn_brandwise', 'encoder__method': 'onehot'}",-2097.088804044476,-2099.965331028328,-2040.967009034475,-2099.597124277263,-2129.431244179045,-2093.409902512717,28.783967080581142,5
29,16.055148220062257,0.13951381085557646,1.3567705154418945,0.05798152744261078,model,21,rf,20,minmax,"['car_age', 'mileage', 'tax', 'mpg']",2,"['car_age', 'mileage']",Isolation_Forest,50,"['car_age', 'mileage', 'tax', 'mpg', 'engineSize']","['car_age', 'mileage', 'tax', 'mpg']",0.15,0.5,330,107,60,0.2,0.5,sqrt,50,poisson,RandomForestRegressor(),standard,17,knn_brandwise,onehot,"{'selector__selection_method': 'model', 'selector__n_features_to_select': 21, 'selector__model_name': 'rf', 'selector__k': 20, 'scaler__scaler_name': 'minmax', 'outlier_remover__z_columns': ['car_age', 'mileage', 'tax', 'mpg'], 'outlier_remover__threshold': 2, 'outlier_remover__sev_outliers_cols': ['car_age', 'mileage'], 'outlier_remover__outlier_method': 'Isolation_Forest', 'outlier_remover__n_neighbors': 50, 'outlier_remover__model_columns': ['car_age', 'mileage', 'tax', 'mpg', 'engineSize'], 'outlier_remover__mod_outliers_cols': ['car_age', 'mileage', 'tax', 'mpg'], 'outlier_remover__contamination_LOF': 0.15, 'outlier_remover__contamination_IF': 0.5, 'model__n_estimators': 330, 'model__min_samples_split': 107, 'model__min_samples_leaf': 60, 'model__min_impurity_decrease': 0.2, 'model__max_samples': 0.5, 'model__max_features': 'sqrt', 'model__max_depth': 50, 'model__criterion': 'poisson', 'model': RandomForestRegressor(), 'imputer__knn_scaling_method': 'standard', 'imputer__knn_neighbors': 17, 'imputer__imputation_method': 'knn_brandwise', 'encoder__method': 'onehot'}",-3554.4238551798103,-3618.136133768003,-3535.0114042152845,-3624.749662665098,-3638.6484385217977,-3594.1938988699994,41.39399825419448,48
30,19.579414749145506,0.1088511285579043,0.32923583984375,0.0019468726480837135,kbest,20,rf,23,robust,"['car_age', 'mileage', 'tax', 'mpg']",2,"['car_age', 'mileage']",Isolation_Forest,70,"['car_age', 'mileage', 'tax', 'mpg', 'engineSize']","['car_age', 'mileage', 'tax', 'mpg']",0.15,0.15,320,122,40,0.5,,0.8,20,squared_error,RandomForestRegressor(),robust,15,simple,onehot,"{'selector__selection_method': 'kbest', 'selector__n_features_to_select': 20, 'selector__model_name': 'rf', 'selector__k': 23, 'scaler__scaler_name': 'robust', 'outlier_remover__z_columns': ['car_age', 'mileage', 'tax', 'mpg'], 'outlier_remover__threshold': 2, 'outlier_remover__sev_outliers_cols': ['car_age', 'mileage'], 'outlier_remover__outlier_method': 'Isolation_Forest', 'outlier_remover__n_neighbors': 70, 'outlier_remover__model_columns': ['car_age', 'mileage', 'tax', 'mpg', 'engineSize'], 'outlier_remover__mod_outliers_cols': ['car_age', 'mileage', 'tax', 'mpg'], 'outlier_remover__contamination_LOF': 0.15, 'outlier_remover__contamination_IF': 0.15, 'model__n_estimators': 320, 'model__min_samples_split': 122, 'model__min_samples_leaf': 40, 'model__min_impurity_decrease': 0.5, 'model__max_samples': None, 'model__max_features': 0.8, 'model__max_depth': 20, 'model__criterion': 'squared_error', 'model': RandomForestRegressor(), 'imputer__knn_scaling_method': 'robust', 'imputer__knn_neighbors': 15, 'imputer__imputation_method': 'simple', 'encoder__method': 'onehot'}",-2250.170939132262,-2260.4230405172584,-2186.7893039827295,-2249.0906429655347,-2254.5243888429586,-2240.1996630881486,27.001204015704797,15
31,141.6471435070038,0.45612968602517406,0.25795717239379884,0.0006376935949106639,rfe,17,rf,24,robust,"['car_age', 'mileage', 'tax', 'mpg']",2,"['car_age', 'mileage']",LOF,50,"['car_age', 'mileage', 'tax', 'mpg']","['car_age', 'mileage', 'tax', 'mpg']",0.15,0.15,240,17,30,0.3,0.5,0.5,40,squared_error,RandomForestRegressor(),minmax,18,simple,onehot,"{'selector__selection_method': 'rfe', 'selector__n_features_to_select': 17, 'selector__model_name': 'rf', 'selector__k': 24, 'scaler__scaler_name': 'robust', 'outlier_remover__z_columns': ['car_age', 'mileage', 'tax', 'mpg'], 'outlier_remover__threshold': 2, 'outlier_remover__sev_outliers_cols': ['car_age', 'mileage'], 'outlier_remover__outlier_method': 'LOF', 'outlier_remover__n_neighbors': 50, 'outlier_remover__model_columns': ['car_age', 'mileage', 'tax', 'mpg'], 'outlier_remover__mod_outliers_cols': ['car_age', 'mileage', 'tax', 'mpg'], 'outlier_remover__contamination_LOF': 0.15, 'outlier_remover__contamination_IF': 0.15, 'model__n_estimators': 240, 'model__min_samples_split': 17, 'model__min_samples_leaf': 30, 'model__min_impurity_decrease': 0.3, 'model__max_samples': 0.5, 'model__max_features': 0.5, 'model__max_depth': 40, 'model__criterion': 'squared_error', 'model': RandomForestRegressor(), 'imputer__knn_scaling_method': 'minmax', 'imputer__knn_neighbors': 18, 'imputer__imputation_method': 'simple', 'encoder__method': 'onehot'}",-2129.089202313342,-2131.0492826053514,-2065.8509415113062,-2126.599964462844,-2148.3709244271095,-2120.1920630639906,28.231561142290992,7
32,202.6817059993744,1.1755756947543918,0.19137163162231446,0.0017814332678146652,rfe,15,rf,19,robust,"['car_age', 'mileage', 'tax', 'mpg']",3,"['car_age', 'mileage', 'engineSize']",LOF,50,"['car_age', 'mileage', 'tax', 'mpg', 'engineSize']","['car_age', 'mileage', 'tax', 'mpg']",0.5,0.15,230,32,20,0.3,0.3,log2,40,absolute_error,RandomForestRegressor(),standard,16,simple,onehot,"{'selector__selection_method': 'rfe', 'selector__n_features_to_select': 15, 'selector__model_name': 'rf', 'selector__k': 19, 'scaler__scaler_name': 'robust', 'outlier_remover__z_columns': ['car_age', 'mileage', 'tax', 'mpg'], 'outlier_remover__threshold': 3, 'outlier_remover__sev_outliers_cols': ['car_age', 'mileage', 'engineSize'], 'outlier_remover__outlier_method': 'LOF', 'outlier_remover__n_neighbors': 50, 'outlier_remover__model_columns': ['car_age', 'mileage', 'tax', 'mpg', 'engineSize'], 'outlier_remover__mod_outliers_cols': ['car_age', 'mileage', 'tax', 'mpg'], 'outlier_remover__contamination_LOF': 0.5, 'outlier_remover__contamination_IF': 0.15, 'model__n_estimators': 230, 'model__min_samples_split': 32, 'model__min_samples_leaf': 20, 'model__min_impurity_decrease': 0.3, 'model__max_samples': 0.3, 'model__max_features': 'log2', 'model__max_depth': 40, 'model__criterion': 'absolute_error', 'model': RandomForestRegressor(), 'imputer__knn_scaling_method': 'standard', 'imputer__knn_neighbors': 16, 'imputer__imputation_method': 'simple', 'encoder__method': 'onehot'}",-2550.859592257178,-2602.422832024264,-2479.932840465256,-2556.1700874487074,-2567.0522969593258,-2551.2875298309464,39.94711806112155,37
33,162.8278983592987,1.6271833005911909,0.2372197151184082,0.011527865040910922,rfe,13,rf,23,standard,"['car_age', 'mileage', 'tax', 'mpg']",2,"['car_age', 'mileage', 'engineSize']",LOF,30,"['car_age', 'mileage', 'tax', 'mpg', 'engineSize']","['car_age', 'mileage', 'tax', 'mpg']",0.3,0.15,360,107,60,0.5,,log2,30,poisson,RandomForestRegressor(),standard,15,simple,onehot,"{'selector__selection_method': 'rfe', 'selector__n_features_to_select': 13, 'selector__model_name': 'rf', 'selector__k': 23, 'scaler__scaler_name': 'standard', 'outlier_remover__z_columns': ['car_age', 'mileage', 'tax', 'mpg'], 'outlier_remover__threshold': 2, 'outlier_remover__sev_outliers_cols': ['car_age', 'mileage', 'engineSize'], 'outlier_remover__outlier_method': 'LOF', 'outlier_remover__n_neighbors': 30, 'outlier_remover__model_columns': ['car_age', 'mileage', 'tax', 'mpg', 'engineSize'], 'outlier_remover__mod_outliers_cols': ['car_age', 'mileage', 'tax', 'mpg'], 'outlier_remover__contamination_LOF': 0.3, 'outlier_remover__contamination_IF': 0.15, 'model__n_estimators': 360, 'model__min_samples_split': 107, 'model__min_samples_leaf': 60, 'model__min_impurity_decrease': 0.5, 'model__max_samples': None, 'model__max_features': 'log2', 'model__max_depth': 30, 'model__criterion': 'poisson', 'model': RandomForestRegressor(), 'imputer__knn_scaling_method': 'standard', 'imputer__knn_neighbors': 15, 'imputer__imputation_method': 'simple', 'encoder__method': 'onehot'}",-2628.8032669889835,-2667.443629685106,-2564.4902408166245,-2612.971405752338,-2636.793160321894,-2622.100340712989,33.82035803215287,40
34,15.366154956817628,0.3386318228948185,1.3852219104766845,0.06635327431887243,kbest,19,rf,24,robust,"['car_age', 'mileage', 'tax', 'mpg']",3,"['car_age', 'mileage', 'engineSize']",LOF,30,"['car_age', 'mileage', 'tax', 'mpg']","['car_age', 'mileage', 'tax', 'mpg']",0.15,0.15,180,2,15,0.2,,0.5,30,friedman_mse,RandomForestRegressor(),robust,19,knn_brandwise,onehot,"{'selector__selection_method': 'kbest', 'selector__n_features_to_select': 19, 'selector__model_name': 'rf', 'selector__k': 24, 'scaler__scaler_name': 'robust', 'outlier_remover__z_columns': ['car_age', 'mileage', 'tax', 'mpg'], 'outlier_remover__threshold': 3, 'outlier_remover__sev_outliers_cols': ['car_age', 'mileage', 'engineSize'], 'outlier_remover__outlier_method': 'LOF', 'outlier_remover__n_neighbors': 30, 'outlier_remover__model_columns': ['car_age', 'mileage', 'tax', 'mpg'], 'outlier_remover__mod_outliers_cols': ['car_age', 'mileage', 'tax', 'mpg'], 'outlier_remover__contamination_LOF': 0.15, 'outlier_remover__contamination_IF': 0.15, 'model__n_estimators': 180, 'model__min_samples_split': 2, 'model__min_samples_leaf': 15, 'model__min_impurity_decrease': 0.2, 'model__max_samples': None, 'model__max_features': 0.5, 'model__max_depth': 30, 'model__criterion': 'friedman_mse', 'model': RandomForestRegressor(), 'imputer__knn_scaling_method': 'robust', 'imputer__knn_neighbors': 19, 'imputer__imputation_method': 'knn_brandwise', 'encoder__method': 'onehot'}",-1841.2783889319644,-1855.977879935724,-1792.899196567966,-1824.8403189500975,-1879.3381553688869,-1838.866787950928,29.142059498482684,1
35,39.80828943252563,0.3490773726642365,0.13739709854125975,0.002754354990806285,rfe,24,rf,21,minmax,"['car_age', 'mileage', 'tax', 'mpg']",2,"['car_age', 'mileage', 'engineSize']",z_score,70,"['car_age', 'mileage', 'tax', 'mpg', 'engineSize']","['tax', 'mpg']",0.15,0.15,170,17,50,0.5,0.8,log2,10,friedman_mse,RandomForestRegressor(),robust,18,simple,onehot,"{'selector__selection_method': 'rfe', 'selector__n_features_to_select': 24, 'selector__model_name': 'rf', 'selector__k': 21, 'scaler__scaler_name': 'minmax', 'outlier_remover__z_columns': ['car_age', 'mileage', 'tax', 'mpg'], 'outlier_remover__threshold': 2, 'outlier_remover__sev_outliers_cols': ['car_age', 'mileage', 'engineSize'], 'outlier_remover__outlier_method': 'z_score', 'outlier_remover__n_neighbors': 70, 'outlier_remover__model_columns': ['car_age', 'mileage', 'tax', 'mpg', 'engineSize'], 'outlier_remover__mod_outliers_cols': ['tax', 'mpg'], 'outlier_remover__contamination_LOF': 0.15, 'outlier_remover__contamination_IF': 0.15, 'model__n_estimators': 170, 'model__min_samples_split': 17, 'model__min_samples_leaf': 50, 'model__min_impurity_decrease': 0.5, 'model__max_samples': 0.8, 'model__max_features': 'log2', 'model__max_depth': 10, 'model__criterion': 'friedman_mse', 'model': RandomForestRegressor(), 'imputer__knn_scaling_method': 'robust', 'imputer__knn_neighbors': 18, 'imputer__imputation_method': 'simple', 'encoder__method': 'onehot'}",-2495.60167028948,-2515.4449658840576,-2428.4252212720635,-2499.2782435941212,-2525.6146008362057,-2492.872940375186,34.01027797353177,36
36,325.29613223075864,3.0699214546899105,1.201235294342041,0.050893059165028565,kbest,22,rf,21,standard,"['car_age', 'mileage', 'tax', 'mpg']",2,"['car_age', 'mileage', 'engineSize']",IQR,50,"['car_age', 'mileage', 'tax', 'mpg']","['car_age', 'mileage', 'tax', 'mpg']",0.15,0.3,170,47,65,0.3,0.3,log2,60,absolute_error,RandomForestRegressor(),robust,20,knn_brandwise,onehot,"{'selector__selection_method': 'kbest', 'selector__n_features_to_select': 22, 'selector__model_name': 'rf', 'selector__k': 21, 'scaler__scaler_name': 'standard', 'outlier_remover__z_columns': ['car_age', 'mileage', 'tax', 'mpg'], 'outlier_remover__threshold': 2, 'outlier_remover__sev_outliers_cols': ['car_age', 'mileage', 'engineSize'], 'outlier_remover__outlier_method': 'IQR', 'outlier_remover__n_neighbors': 50, 'outlier_remover__model_columns': ['car_age', 'mileage', 'tax', 'mpg'], 'outlier_remover__mod_outliers_cols': ['car_age', 'mileage', 'tax', 'mpg'], 'outlier_remover__contamination_LOF': 0.15, 'outlier_remover__contamination_IF': 0.3, 'model__n_estimators': 170, 'model__min_samples_split': 47, 'model__min_samples_leaf': 65, 'model__min_impurity_decrease': 0.3, 'model__max_samples': 0.3, 'model__max_features': 'log2', 'model__max_depth': 60, 'model__criterion': 'absolute_error', 'model': RandomForestRegressor(), 'imputer__knn_scaling_method': 'robust', 'imputer__knn_neighbors': 20, 'imputer__imputation_method': 'knn_brandwise', 'encoder__method': 'onehot'}",-2562.467512533148,-2618.300158140255,-2509.8213522249966,-2605.630971978103,-2624.609907161496,-2584.1659804075994,43.03381556773443,38
37,260.2567457675934,1.0479649818439114,0.19747161865234375,0.0010962049140362101,rfe,11,rf,14,robust,"['car_age', 'mileage', 'tax', 'mpg']",3,"['car_age', 'mileage']",z_score,30,"['car_age', 'mileage', 'tax', 'mpg']","['car_age', 'mileage', 'tax', 'mpg']",0.3,0.3,290,137,60,0.3,0.3,sqrt,30,poisson,RandomForestRegressor(),standard,16,simple,onehot,"{'selector__selection_method': 'rfe', 'selector__n_features_to_select': 11, 'selector__model_name': 'rf', 'selector__k': 14, 'scaler__scaler_name': 'robust', 'outlier_remover__z_columns': ['car_age', 'mileage', 'tax', 'mpg'], 'outlier_remover__threshold': 3, 'outlier_remover__sev_outliers_cols': ['car_age', 'mileage'], 'outlier_remover__outlier_method': 'z_score', 'outlier_remover__n_neighbors': 30, 'outlier_remover__model_columns': ['car_age', 'mileage', 'tax', 'mpg'], 'outlier_remover__mod_outliers_cols': ['car_age', 'mileage', 'tax', 'mpg'], 'outlier_remover__contamination_LOF': 0.3, 'outlier_remover__contamination_IF': 0.3, 'model__n_estimators': 290, 'model__min_samples_split': 137, 'model__min_samples_leaf': 60, 'model__min_impurity_decrease': 0.3, 'model__max_samples': 0.3, 'model__max_features': 'sqrt', 'model__max_depth': 30, 'model__criterion': 'poisson', 'model': RandomForestRegressor(), 'imputer__knn_scaling_method': 'standard', 'imputer__knn_neighbors': 16, 'imputer__imputation_method': 'simple', 'encoder__method': 'onehot'}",-2607.092226877986,-2627.8715104897205,-2538.6788408095563,-2619.6624203800707,-2632.9391160395453,-2605.248822919376,34.41293586429846,39
38,33.74403605461121,0.10704756803945191,0.4062511444091797,0.0006923876416626178,model,19,rf,16,minmax,"['car_age', 'mileage', 'tax', 'mpg']",3,"['car_age', 'mileage']",IQR,50,"['car_age', 'mileage', 'tax', 'mpg']","['car_age', 'mileage', 'tax', 'mpg']",0.5,0.15,330,62,15,0.2,0.8,0.5,40,friedman_mse,RandomForestRegressor(),robust,19,simple,onehot,"{'selector__selection_method': 'model', 'selector__n_features_to_select': 19, 'selector__model_name': 'rf', 'selector__k': 16, 'scaler__scaler_name': 'minmax', 'outlier_remover__z_columns': ['car_age', 'mileage', 'tax', 'mpg'], 'outlier_remover__threshold': 3, 'outlier_remover__sev_outliers_cols': ['car_age', 'mileage'], 'outlier_remover__outlier_method': 'IQR', 'outlier_remover__n_neighbors': 50, 'outlier_remover__model_columns': ['car_age', 'mileage', 'tax', 'mpg'], 'outlier_remover__mod_outliers_cols': ['car_age', 'mileage', 'tax', 'mpg'], 'outlier_remover__contamination_LOF': 0.5, 'outlier_remover__contamination_IF': 0.15, 'model__n_estimators': 330, 'model__min_samples_split': 62, 'model__min_samples_leaf': 15, 'model__min_impurity_decrease': 0.2, 'model__max_samples': 0.8, 'model__max_features': 0.5, 'model__max_depth': 40, 'model__criterion': 'friedman_mse', 'model': RandomForestRegressor(), 'imputer__knn_scaling_method': 'robust', 'imputer__knn_neighbors': 19, 'imputer__imputation_method': 'simple', 'encoder__method': 'onehot'}",-1901.5543803232795,-1906.8664248640775,-1852.5289217823702,-1903.9133779593137,-1924.3670451206121,-1897.846030009931,24.03720714691931,2
39,211.42823100090027,0.38940430268867166,0.2621895790100098,0.006565664590133839,rfe,11,rf,16,minmax,"['car_age', 'mileage', 'tax', 'mpg']",2,"['car_age', 'mileage', 'engineSize']",Isolation_Forest,70,"['car_age', 'mileage', 'tax', 'mpg', 'engineSize']","['car_age', 'mileage', 'tax', 'mpg']",0.15,0.15,300,47,55,0.3,0.3,0.5,40,squared_error,RandomForestRegressor(),standard,20,simple,onehot,"{'selector__selection_method': 'rfe', 'selector__n_features_to_select': 11, 'selector__model_name': 'rf', 'selector__k': 16, 'scaler__scaler_name': 'minmax', 'outlier_remover__z_columns': ['car_age', 'mileage', 'tax', 'mpg'], 'outlier_remover__threshold': 2, 'outlier_remover__sev_outliers_cols': ['car_age', 'mileage', 'engineSize'], 'outlier_remover__outlier_method': 'Isolation_Forest', 'outlier_remover__n_neighbors': 70, 'outlier_remover__model_columns': ['car_age', 'mileage', 'tax', 'mpg', 'engineSize'], 'outlier_remover__mod_outliers_cols': ['car_age', 'mileage', 'tax', 'mpg'], 'outlier_remover__contamination_LOF': 0.15, 'outlier_remover__contamination_IF': 0.15, 'model__n_estimators': 300, 'model__min_samples_split': 47, 'model__min_samples_leaf': 55, 'model__min_impurity_decrease': 0.3, 'model__max_samples': 0.3, 'model__max_features': 0.5, 'model__max_depth': 40, 'model__criterion': 'squared_error', 'model': RandomForestRegressor(), 'imputer__knn_scaling_method': 'standard', 'imputer__knn_neighbors': 20, 'imputer__imputation_method': 'simple', 'encoder__method': 'onehot'}",-2654.8705394825465,-2679.964543066484,-2580.873201827929,-2651.5007958229266,-2669.1845798337054,-2647.278732006718,34.7372543981188,41
40,5567.515074586869,1267.4373489932218,0.16200656890869142,0.011300754093206952,kbest,14,rf,19,robust,"['car_age', 'mileage', 'tax', 'mpg']",2,"['car_age', 'mileage', 'engineSize']",IQR,50,"['car_age', 'mileage', 'tax', 'mpg']","['car_age', 'mileage', 'tax', 'mpg']",0.3,0.5,170,197,40,0.5,0.8,1.0,60,absolute_error,RandomForestRegressor(),minmax,15,simple,onehot,"{'selector__selection_method': 'kbest', 'selector__n_features_to_select': 14, 'selector__model_name': 'rf', 'selector__k': 19, 'scaler__scaler_name': 'robust', 'outlier_remover__z_columns': ['car_age', 'mileage', 'tax', 'mpg'], 'outlier_remover__threshold': 2, 'outlier_remover__sev_outliers_cols': ['car_age', 'mileage', 'engineSize'], 'outlier_remover__outlier_method': 'IQR', 'outlier_remover__n_neighbors': 50, 'outlier_remover__model_columns': ['car_age', 'mileage', 'tax', 'mpg'], 'outlier_remover__mod_outliers_cols': ['car_age', 'mileage', 'tax', 'mpg'], 'outlier_remover__contamination_LOF': 0.3, 'outlier_remover__contamination_IF': 0.5, 'model__n_estimators': 170, 'model__min_samples_split': 197, 'model__min_samples_leaf': 40, 'model__min_impurity_decrease': 0.5, 'model__max_samples': 0.8, 'model__max_features': 1.0, 'model__max_depth': 60, 'model__criterion': 'absolute_error', 'model': RandomForestRegressor(), 'imputer__knn_scaling_method': 'minmax', 'imputer__knn_neighbors': 15, 'imputer__imputation_method': 'simple', 'encoder__method': 'onehot'}",-2200.636279735981,-2202.5105297795326,-2121.6247519501385,-2195.5604679478743,-2216.244325159312,-2187.315270914568,33.55134245726367,9
41,99.47560925483704,0.30239005368330457,1.1873347282409668,0.022677097942994537,rfe,19,rf,12,minmax,"['car_age', 'mileage', 'tax', 'mpg']",3,"['car_age', 'mileage']",LOF,50,"['car_age', 'mileage', 'tax', 'mpg']","['tax', 'mpg']",0.3,0.5,100,137,30,0.2,0.8,0.5,60,poisson,RandomForestRegressor(),standard,17,knn_brandwise,onehot,"{'selector__selection_method': 'rfe', 'selector__n_features_to_select': 19, 'selector__model_name': 'rf', 'selector__k': 12, 'scaler__scaler_name': 'minmax', 'outlier_remover__z_columns': ['car_age', 'mileage', 'tax', 'mpg'], 'outlier_remover__threshold': 3, 'outlier_remover__sev_outliers_cols': ['car_age', 'mileage'], 'outlier_remover__outlier_method': 'LOF', 'outlier_remover__n_neighbors': 50, 'outlier_remover__model_columns': ['car_age', 'mileage', 'tax', 'mpg'], 'outlier_remover__mod_outliers_cols': ['tax', 'mpg'], 'outlier_remover__contamination_LOF': 0.3, 'outlier_remover__contamination_IF': 0.5, 'model__n_estimators': 100, 'model__min_samples_split': 137, 'model__min_samples_leaf': 30, 'model__min_impurity_decrease': 0.2, 'model__max_samples': 0.8, 'model__max_features': 0.5, 'model__max_depth': 60, 'model__criterion': 'poisson', 'model': RandomForestRegressor(), 'imputer__knn_scaling_method': 'standard', 'imputer__knn_neighbors': 17, 'imputer__imputation_method': 'knn_brandwise', 'encoder__method': 'onehot'}",-2216.9594367244517,-2229.3263993523424,-2143.7100769876974,-2215.773305992031,-2227.428382547532,-2206.639520320811,31.92777106643802,11
42,170.8785096168518,0.41013611542038414,1.454704761505127,0.038117947246904545,rfe,15,rf,19,minmax,"['car_age', 'mileage', 'tax', 'mpg']",3,"['car_age', 'mileage', 'engineSize']",LOF,70,"['car_age', 'mileage', 'tax', 'mpg', 'engineSize']","['car_age', 'mileage', 'tax', 'mpg']",0.3,0.5,410,197,20,0.3,,1.0,20,friedman_mse,RandomForestRegressor(),minmax,16,knn_brandwise,onehot,"{'selector__selection_method': 'rfe', 'selector__n_features_to_select': 15, 'selector__model_name': 'rf', 'selector__k': 19, 'scaler__scaler_name': 'minmax', 'outlier_remover__z_columns': ['car_age', 'mileage', 'tax', 'mpg'], 'outlier_remover__threshold': 3, 'outlier_remover__sev_outliers_cols': ['car_age', 'mileage', 'engineSize'], 'outlier_remover__outlier_method': 'LOF', 'outlier_remover__n_neighbors': 70, 'outlier_remover__model_columns': ['car_age', 'mileage', 'tax', 'mpg', 'engineSize'], 'outlier_remover__mod_outliers_cols': ['car_age', 'mileage', 'tax', 'mpg'], 'outlier_remover__contamination_LOF': 0.3, 'outlier_remover__contamination_IF': 0.5, 'model__n_estimators': 410, 'model__min_samples_split': 197, 'model__min_samples_leaf': 20, 'model__min_impurity_decrease': 0.3, 'model__max_samples': None, 'model__max_features': 1.0, 'model__max_depth': 20, 'model__criterion': 'friedman_mse', 'model': RandomForestRegressor(), 'imputer__knn_scaling_method': 'minmax', 'imputer__knn_neighbors': 16, 'imputer__imputation_method': 'knn_brandwise', 'encoder__method': 'onehot'}",-2183.3902842587177,-2196.11416358712,-2148.6604884343756,-2200.919967139049,-2231.0812920665603,-2192.0332390971644,26.744249808434567,10
43,9711.172174596786,876.7649178472581,1.253788375854492,0.07466097315845457,model,18,rf,23,minmax,"['car_age', 'mileage', 'tax', 'mpg']",2,"['car_age', 'mileage']",LOF,50,"['car_age', 'mileage', 'tax', 'mpg', 'engineSize']","['tax', 'mpg']",0.15,0.15,220,2,60,0.3,,0.8,60,absolute_error,RandomForestRegressor(),robust,19,knn_brandwise,onehot,"{'selector__selection_method': 'model', 'selector__n_features_to_select': 18, 'selector__model_name': 'rf', 'selector__k': 23, 'scaler__scaler_name': 'minmax', 'outlier_remover__z_columns': ['car_age', 'mileage', 'tax', 'mpg'], 'outlier_remover__threshold': 2, 'outlier_remover__sev_outliers_cols': ['car_age', 'mileage'], 'outlier_remover__outlier_method': 'LOF', 'outlier_remover__n_neighbors': 50, 'outlier_remover__model_columns': ['car_age', 'mileage', 'tax', 'mpg', 'engineSize'], 'outlier_remover__mod_outliers_cols': ['tax', 'mpg'], 'outlier_remover__contamination_LOF': 0.15, 'outlier_remover__contamination_IF': 0.15, 'model__n_estimators': 220, 'model__min_samples_split': 2, 'model__min_samples_leaf': 60, 'model__min_impurity_decrease': 0.3, 'model__max_samples': None, 'model__max_features': 0.8, 'model__max_depth': 60, 'model__criterion': 'absolute_error', 'model': RandomForestRegressor(), 'imputer__knn_scaling_method': 'robust', 'imputer__knn_neighbors': 19, 'imputer__imputation_method': 'knn_brandwise', 'encoder__method': 'onehot'}",-2130.036640192647,-2141.9657566783335,-2066.1366307696912,-2146.752401067407,-2166.553070440485,-2130.288899829713,34.17034734803797,8
44,133.68115787506105,1.330588449618513,0.2625185489654541,0.0014776207484519745,rfe,19,rf,18,robust,"['car_age', 'mileage', 'tax', 'mpg']",3,"['car_age', 'mileage', 'engineSize']",IQR,50,"['car_age', 'mileage', 'tax', 'mpg']","['tax', 'mpg']",0.5,0.3,260,107,30,0.5,0.5,0.5,40,friedman_mse,RandomForestRegressor(),standard,19,simple,onehot,"{'selector__selection_method': 'rfe', 'selector__n_features_to_select': 19, 'selector__model_name': 'rf', 'selector__k': 18, 'scaler__scaler_name': 'robust', 'outlier_remover__z_columns': ['car_age', 'mileage', 'tax', 'mpg'], 'outlier_remover__threshold': 3, 'outlier_remover__sev_outliers_cols': ['car_age', 'mileage', 'engineSize'], 'outlier_remover__outlier_method': 'IQR', 'outlier_remover__n_neighbors': 50, 'outlier_remover__model_columns': ['car_age', 'mileage', 'tax', 'mpg'], 'outlier_remover__mod_outliers_cols': ['tax', 'mpg'], 'outlier_remover__contamination_LOF': 0.5, 'outlier_remover__contamination_IF': 0.3, 'model__n_estimators': 260, 'model__min_samples_split': 107, 'model__min_samples_leaf': 30, 'model__min_impurity_decrease': 0.5, 'model__max_samples': 0.5, 'model__max_features': 0.5, 'model__max_depth': 40, 'model__criterion': 'friedman_mse', 'model': RandomForestRegressor(), 'imputer__knn_scaling_method': 'standard', 'imputer__knn_neighbors': 19, 'imputer__imputation_method': 'simple', 'encoder__method': 'onehot'}",-2121.645003191034,-2115.50292637512,-2049.081059357301,-2111.0752672874705,-2139.6935459089536,-2107.3995604239763,30.744290739848733,6
45,1.6239867687225342,0.02494246140445966,0.12332124710083008,0.0012424813019993946,kbest,14,rf,11,minmax,"['car_age', 'mileage', 'tax', 'mpg']",2,"['car_age', 'mileage', 'engineSize']",LOF,50,"['car_age', 'mileage', 'tax', 'mpg']","['tax', 'mpg']",0.5,0.5,170,137,15,0.2,0.3,log2,10,poisson,RandomForestRegressor(),standard,17,simple,onehot,"{'selector__selection_method': 'kbest', 'selector__n_features_to_select': 14, 'selector__model_name': 'rf', 'selector__k': 11, 'scaler__scaler_name': 'minmax', 'outlier_remover__z_columns': ['car_age', 'mileage', 'tax', 'mpg'], 'outlier_remover__threshold': 2, 'outlier_remover__sev_outliers_cols': ['car_age', 'mileage', 'engineSize'], 'outlier_remover__outlier_method': 'LOF', 'outlier_remover__n_neighbors': 50, 'outlier_remover__model_columns': ['car_age', 'mileage', 'tax', 'mpg'], 'outlier_remover__mod_outliers_cols': ['tax', 'mpg'], 'outlier_remover__contamination_LOF': 0.5, 'outlier_remover__contamination_IF': 0.5, 'model__n_estimators': 170, 'model__min_samples_split': 137, 'model__min_samples_leaf': 15, 'model__min_impurity_decrease': 0.2, 'model__max_samples': 0.3, 'model__max_features': 'log2', 'model__max_depth': 10, 'model__criterion': 'poisson', 'model': RandomForestRegressor(), 'imputer__knn_scaling_method': 'standard', 'imputer__knn_neighbors': 17, 'imputer__imputation_method': 'simple', 'encoder__method': 'onehot'}",-2709.321714256396,-2779.6411949832186,-2646.2770349399966,-2717.0513842998434,-2750.111159589722,-2720.4804976138357,44.76694177467843,42
46,14.59334397315979,0.32299724260416735,1.399051809310913,0.05289056240019785,kbest,23,rf,11,minmax,"['car_age', 'mileage', 'tax', 'mpg']",2,"['car_age', 'mileage', 'engineSize']",Isolation_Forest,70,"['car_age', 'mileage', 'tax', 'mpg']","['car_age', 'mileage', 'tax', 'mpg']",0.15,0.5,430,182,55,0.3,0.8,1.0,40,squared_error,RandomForestRegressor(),robust,20,knn_brandwise,onehot,"{'selector__selection_method': 'kbest', 'selector__n_features_to_select': 23, 'selector__model_name': 'rf', 'selector__k': 11, 'scaler__scaler_name': 'minmax', 'outlier_remover__z_columns': ['car_age', 'mileage', 'tax', 'mpg'], 'outlier_remover__threshold': 2, 'outlier_remover__sev_outliers_cols': ['car_age', 'mileage', 'engineSize'], 'outlier_remover__outlier_method': 'Isolation_Forest', 'outlier_remover__n_neighbors': 70, 'outlier_remover__model_columns': ['car_age', 'mileage', 'tax', 'mpg'], 'outlier_remover__mod_outliers_cols': ['car_age', 'mileage', 'tax', 'mpg'], 'outlier_remover__contamination_LOF': 0.15, 'outlier_remover__contamination_IF': 0.5, 'model__n_estimators': 430, 'model__min_samples_split': 182, 'model__min_samples_leaf': 55, 'model__min_impurity_decrease': 0.3, 'model__max_samples': 0.8, 'model__max_features': 1.0, 'model__max_depth': 40, 'model__criterion': 'squared_error', 'model': RandomForestRegressor(), 'imputer__knn_scaling_method': 'robust', 'imputer__knn_neighbors': 20, 'imputer__imputation_method': 'knn_brandwise', 'encoder__method': 'onehot'}",-3186.933704850357,-3206.3551555721397,-3050.3680878193477,-3193.3601835667255,-3166.996096476286,-3160.8026456569714,56.66040431681992,46
47,25.925015354156493,0.14872345567445608,1.503908348083496,0.06857099092631763,kbest,12,rf,17,standard,"['car_age', 'mileage', 'tax', 'mpg']",3,"['car_age', 'mileage']",z_score,50,"['car_age', 'mileage', 'tax', 'mpg', 'engineSize']","['car_age', 'mileage', 'tax', 'mpg']",0.5,0.3,410,17,55,0.3,0.8,0.8,50,friedman_mse,RandomForestRegressor(),robust,16,knn_brandwise,onehot,"{'selector__selection_method': 'kbest', 'selector__n_features_to_select': 12, 'selector__model_name': 'rf', 'selector__k': 17, 'scaler__scaler_name': 'standard', 'outlier_remover__z_columns': ['car_age', 'mileage', 'tax', 'mpg'], 'outlier_remover__threshold': 3, 'outlier_remover__sev_outliers_cols': ['car_age', 'mileage'], 'outlier_remover__outlier_method': 'z_score', 'outlier_remover__n_neighbors': 50, 'outlier_remover__model_columns': ['car_age', 'mileage', 'tax', 'mpg', 'engineSize'], 'outlier_remover__mod_outliers_cols': ['car_age', 'mileage', 'tax', 'mpg'], 'outlier_remover__contamination_LOF': 0.5, 'outlier_remover__contamination_IF': 0.3, 'model__n_estimators': 410, 'model__min_samples_split': 17, 'model__min_samples_leaf': 55, 'model__min_impurity_decrease': 0.3, 'model__max_samples': 0.8, 'model__max_features': 0.8, 'model__max_depth': 50, 'model__criterion': 'friedman_mse', 'model': RandomForestRegressor(), 'imputer__knn_scaling_method': 'robust', 'imputer__knn_neighbors': 16, 'imputer__imputation_method': 'knn_brandwise', 'encoder__method': 'onehot'}",-2070.62338638159,-2078.582437097938,-2025.434200922272,-2080.462162780654,-2115.6538882985933,-2074.1512150962094,28.87119227711795,4
48,12.236784744262696,0.061510405929248516,0.30329604148864747,0.0028174122825557224,model,19,rf,13,robust,"['car_age', 'mileage', 'tax', 'mpg']",2,"['car_age', 'mileage', 'engineSize']",LOF,30,"['car_age', 'mileage', 'tax', 'mpg', 'engineSize']","['tax', 'mpg']",0.5,0.3,340,92,20,0.2,0.5,sqrt,30,friedman_mse,RandomForestRegressor(),standard,16,simple,onehot,"{'selector__selection_method': 'model', 'selector__n_features_to_select': 19, 'selector__model_name': 'rf', 'selector__k': 13, 'scaler__scaler_name': 'robust', 'outlier_remover__z_columns': ['car_age', 'mileage', 'tax', 'mpg'], 'outlier_remover__threshold': 2, 'outlier_remover__sev_outliers_cols': ['car_age', 'mileage', 'engineSize'], 'outlier_remover__outlier_method': 'LOF', 'outlier_remover__n_neighbors': 30, 'outlier_remover__model_columns': ['car_age', 'mileage', 'tax', 'mpg', 'engineSize'], 'outlier_remover__mod_outliers_cols': ['tax', 'mpg'], 'outlier_remover__contamination_LOF': 0.5, 'outlier_remover__contamination_IF': 0.3, 'model__n_estimators': 340, 'model__min_samples_split': 92, 'model__min_samples_leaf': 20, 'model__min_impurity_decrease': 0.2, 'model__max_samples': 0.5, 'model__max_features': 'sqrt', 'model__max_depth': 30, 'model__criterion': 'friedman_mse', 'model': RandomForestRegressor(), 'imputer__knn_scaling_method': 'standard', 'imputer__knn_neighbors': 16, 'imputer__imputation_method': 'simple', 'encoder__method': 'onehot'}",-2450.903684303872,-2482.3407922501283,-2389.531336505121,-2469.4036079426996,-2477.979171697541,-2454.031718539872,34.003714596186825,31
49,27.47260718345642,0.15269253462807456,0.17364306449890138,0.004099353550310024,model,22,rf,12,robust,"['car_age', 'mileage', 'tax', 'mpg']",3,"['car_age', 'mileage', 'engineSize']",IQR,70,"['car_age', 'mileage', 'tax', 'mpg']","['tax', 'mpg']",0.15,0.15,210,62,65,0.5,0.5,1.0,10,squared_error,RandomForestRegressor(),standard,17,simple,onehot,"{'selector__selection_method': 'model', 'selector__n_features_to_select': 22, 'selector__model_name': 'rf', 'selector__k': 12, 'scaler__scaler_name': 'robust', 'outlier_remover__z_columns': ['car_age', 'mileage', 'tax', 'mpg'], 'outlier_remover__threshold': 3, 'outlier_remover__sev_outliers_cols': ['car_age', 'mileage', 'engineSize'], 'outlier_remover__outlier_method': 'IQR', 'outlier_remover__n_neighbors': 70, 'outlier_remover__model_columns': ['car_age', 'mileage', 'tax', 'mpg'], 'outlier_remover__mod_outliers_cols': ['tax', 'mpg'], 'outlier_remover__contamination_LOF': 0.15, 'outlier_remover__contamination_IF': 0.15, 'model__n_estimators': 210, 'model__min_samples_split': 62, 'model__min_samples_leaf': 65, 'model__min_impurity_decrease': 0.5, 'model__max_samples': 0.5, 'model__max_features': 1.0, 'model__max_depth': 10, 'model__criterion': 'squared_error', 'model': RandomForestRegressor(), 'imputer__knn_scaling_method': 'standard', 'imputer__knn_neighbors': 17, 'imputer__imputation_method': 'simple', 'encoder__method': 'onehot'}",-2408.8579993421545,-2405.440433003673,-2329.3999806531233,-2421.9805894602664,-2444.82642953397,-2402.1010863986376,38.89192068516155,25
