,mean_fit_time,std_fit_time,mean_score_time,std_score_time,param_model,param_model__l2_regularization,param_model__learning_rate,param_model__max_bins,param_model__max_depth,param_model__max_iter,param_model__max_leaf_nodes,param_model__min_samples_leaf,param_q,params,split0_test_score,split1_test_score,split2_test_score,split3_test_score,split4_test_score,mean_test_score,std_test_score,rank_test_score
0,3.9370189189910887,0.09048580384898648,0.8188176631927491,0.02118405513591208,HistGradientBoostingRegressor(),7,0.2,150,11,160,60,24,6,"OrderedDict([('model', HistGradientBoostingRegressor()), ('model__l2_regularization', 7), ('model__learning_rate', 0.2), ('model__max_bins', 150), ('model__max_depth', 11), ('model__max_iter', 160), ('model__max_leaf_nodes', 60), ('model__min_samples_leaf', 24), ('q', 6)])",-1388.161889726623,-1392.5327309123331,-1432.4654186023865,-1426.750289754238,-1412.84081499937,-1410.5502287989902,17.74165866388472,27
1,3.7509016513824465,0.09454319688939733,0.8363503456115723,0.059451388590099026,HistGradientBoostingRegressor(),9,0.05,250,13,100,54,14,10,"OrderedDict([('model', HistGradientBoostingRegressor()), ('model__l2_regularization', 9), ('model__learning_rate', 0.05), ('model__max_bins', 250), ('model__max_depth', 13), ('model__max_iter', 100), ('model__max_leaf_nodes', 54), ('model__min_samples_leaf', 14), ('q', 10)])",-1629.6428868129794,-1617.2646051545962,-1643.4376965444858,-1619.4219593770354,-1625.2932542065728,-1627.012080419134,9.29838246572797,55
2,3.86327919960022,0.06645320017716272,0.7516063213348388,0.029903353526000355,HistGradientBoostingRegressor(),9,0.01,150,5,160,54,24,9,"OrderedDict([('model', HistGradientBoostingRegressor()), ('model__l2_regularization', 9), ('model__learning_rate', 0.01), ('model__max_bins', 150), ('model__max_depth', 5), ('model__max_iter', 160), ('model__max_leaf_nodes', 54), ('model__min_samples_leaf', 24), ('q', 9)])",-2556.4898562130156,-2535.0787373882144,-2550.875122427961,-2561.2001008403718,-2550.8783011693763,-2550.9044236077875,8.805133869810401,58
3,3.629634714126587,0.09610096285602628,0.7815158843994141,0.025563290948715733,HistGradientBoostingRegressor(),1,0.1,250,9,100,72,26,13,"OrderedDict([('model', HistGradientBoostingRegressor()), ('model__l2_regularization', 1), ('model__learning_rate', 0.1), ('model__max_bins', 250), ('model__max_depth', 9), ('model__max_iter', 100), ('model__max_leaf_nodes', 72), ('model__min_samples_leaf', 26), ('q', 13)])",-1467.7430194227775,-1482.8584919406367,-1502.9494290333512,-1491.9989946708456,-1490.038860143073,-1487.1177590421369,11.632050199130656,48
4,3.764067363739014,0.12757658639188213,0.8152890205383301,0.0704443580764188,HistGradientBoostingRegressor(),5,0.1,200,13,200,62,22,7,"OrderedDict([('model', HistGradientBoostingRegressor()), ('model__l2_regularization', 5), ('model__learning_rate', 0.1), ('model__max_bins', 200), ('model__max_depth', 13), ('model__max_iter', 200), ('model__max_leaf_nodes', 62), ('model__min_samples_leaf', 22), ('q', 7)])",-1416.1882339272984,-1441.653128196309,-1440.3635536958516,-1442.948026277536,-1437.1827779047292,-1435.6671440003447,9.92597200603193,42
5,4.2113384246826175,0.06060874300962795,0.8172403335571289,0.02840646177941953,HistGradientBoostingRegressor(),9,0.01,100,11,140,62,18,12,"OrderedDict([('model', HistGradientBoostingRegressor()), ('model__l2_regularization', 9), ('model__learning_rate', 0.01), ('model__max_bins', 100), ('model__max_depth', 11), ('model__max_iter', 140), ('model__max_leaf_nodes', 62), ('model__min_samples_leaf', 18), ('q', 12)])",-2611.638694771298,-2614.7569573669016,-2626.280916966197,-2641.3936463209984,-2616.3537774350675,-2622.084798572093,10.826836616355324,59
6,4.191371250152588,0.06460539732985718,0.8499637126922608,0.02364158566962715,HistGradientBoostingRegressor(),7,0.05,250,9,180,68,16,11,"OrderedDict([('model', HistGradientBoostingRegressor()), ('model__l2_regularization', 7), ('model__learning_rate', 0.05), ('model__max_bins', 250), ('model__max_depth', 9), ('model__max_iter', 180), ('model__max_leaf_nodes', 68), ('model__min_samples_leaf', 16), ('q', 11)])",-1492.5563915342263,-1506.3494118318904,-1533.7397861431484,-1506.8339392943417,-1523.1745554932052,-1512.5308168593624,14.371857217214933,49
7,3.742949104309082,0.08318829551472182,0.9192422389984131,0.024774956042114837,HistGradientBoostingRegressor(),9,0.05,250,5,100,66,8,7,"OrderedDict([('model', HistGradientBoostingRegressor()), ('model__l2_regularization', 9), ('model__learning_rate', 0.05), ('model__max_bins', 250), ('model__max_depth', 5), ('model__max_iter', 100), ('model__max_leaf_nodes', 66), ('model__min_samples_leaf', 8), ('q', 7)])",-1784.5452990077395,-1771.0602003623749,-1802.5223406573873,-1763.7083350551936,-1764.4083604135628,-1777.2489070992517,14.686800878628999,56
8,4.205080127716064,0.039302421899423116,0.8190210819244385,0.031730493092532425,HistGradientBoostingRegressor(),7,0.2,150,7,120,50,16,10,"OrderedDict([('model', HistGradientBoostingRegressor()), ('model__l2_regularization', 7), ('model__learning_rate', 0.2), ('model__max_bins', 150), ('model__max_depth', 7), ('model__max_iter', 120), ('model__max_leaf_nodes', 50), ('model__min_samples_leaf', 16), ('q', 10)])",-1451.8443289616241,-1448.092786918991,-1463.2064756454517,-1456.7040978911937,-1466.4679211614668,-1457.2631221157455,6.8384596453120805,45
9,3.7918798446655275,0.0743360582957897,0.9152718544006347,0.017020736624034933,HistGradientBoostingRegressor(),9,0.1,150,9,140,58,10,13,"OrderedDict([('model', HistGradientBoostingRegressor()), ('model__l2_regularization', 9), ('model__learning_rate', 0.1), ('model__max_bins', 150), ('model__max_depth', 9), ('model__max_iter', 140), ('model__max_leaf_nodes', 58), ('model__min_samples_leaf', 10), ('q', 13)])",-1488.799684743024,-1465.9982189589803,-1479.104009496372,-1473.7375185655703,-1495.769718806407,-1480.6818301140706,10.581732998968672,46
10,4.216670942306519,0.03653043548029961,0.8155999183654785,0.017748748612200823,HistGradientBoostingRegressor(),3,0.05,200,7,200,68,12,13,"OrderedDict([('model', HistGradientBoostingRegressor()), ('model__l2_regularization', 3), ('model__learning_rate', 0.05), ('model__max_bins', 200), ('model__max_depth', 7), ('model__max_iter', 200), ('model__max_leaf_nodes', 68), ('model__min_samples_leaf', 12), ('q', 13)])",-1518.613098450872,-1532.093972768313,-1541.3283592217547,-1538.6482973356117,-1530.8129224035101,-1532.2993300360124,7.8917332452106965,53
11,3.8572331428527833,0.11110377449856429,0.9026468753814697,0.031890750470337056,HistGradientBoostingRegressor(),3,0.2,150,7,160,62,12,5,"OrderedDict([('model', HistGradientBoostingRegressor()), ('model__l2_regularization', 3), ('model__learning_rate', 0.2), ('model__max_bins', 150), ('model__max_depth', 7), ('model__max_iter', 160), ('model__max_leaf_nodes', 62), ('model__min_samples_leaf', 12), ('q', 5)])",-1394.5888429436927,-1407.337239390774,-1412.1789598958476,-1434.759325109027,-1450.9465854032735,-1419.962190548523,20.212682926917918,35
12,3.6088216304779053,0.25406919339217277,0.8829865455627441,0.15500536895644476,HistGradientBoostingRegressor(),1,0.2,150,11,120,52,20,8,"OrderedDict([('model', HistGradientBoostingRegressor()), ('model__l2_regularization', 1), ('model__learning_rate', 0.2), ('model__max_bins', 150), ('model__max_depth', 11), ('model__max_iter', 120), ('model__max_leaf_nodes', 52), ('model__min_samples_leaf', 20), ('q', 8)])",-1431.9183754553164,-1423.4623448526193,-1466.4501261017938,-1438.2461423833813,-1445.6498131810044,-1441.145360394823,14.607210666004585,43
13,3.8212274074554444,0.05456121213285901,0.7444661617279053,0.029473140723579445,HistGradientBoostingRegressor(),9,0.01,150,5,100,78,12,10,"OrderedDict([('model', HistGradientBoostingRegressor()), ('model__l2_regularization', 9), ('model__learning_rate', 0.01), ('model__max_bins', 150), ('model__max_depth', 5), ('model__max_iter', 100), ('model__max_leaf_nodes', 78), ('model__min_samples_leaf', 12), ('q', 10)])",-3370.7737576561603,-3358.197042415427,-3370.095719177175,-3402.56180648093,-3391.9171914940234,-3378.7091034447426,16.13263636883707,60
14,3.389246368408203,0.02187927770512136,0.7197464942932129,0.010434657761074545,HistGradientBoostingRegressor(),7,0.05,200,3,100,58,8,8,"OrderedDict([('model', HistGradientBoostingRegressor()), ('model__l2_regularization', 7), ('model__learning_rate', 0.05), ('model__max_bins', 200), ('model__max_depth', 3), ('model__max_iter', 100), ('model__max_leaf_nodes', 58), ('model__min_samples_leaf', 8), ('q', 8)])",-2025.3233168633208,-2019.8104633083142,-2051.3217703680866,-1998.1319275013502,-2007.2938147130312,-2020.3762585508207,18.156975587600574,57
15,3.5300630569458007,0.050534377242439775,0.7972468852996826,0.02262912036034873,HistGradientBoostingRegressor(),1,0.2,150,5,160,52,20,12,"OrderedDict([('model', HistGradientBoostingRegressor()), ('model__l2_regularization', 1), ('model__learning_rate', 0.2), ('model__max_bins', 150), ('model__max_depth', 5), ('model__max_iter', 160), ('model__max_leaf_nodes', 52), ('model__min_samples_leaf', 20), ('q', 12)])",-1509.465555007969,-1519.2069119976811,-1536.302415224222,-1514.0412546977655,-1526.7955358446334,-1521.1623345544542,9.511078875949888,51
16,3.5485172271728516,0.10971902500895399,0.7521666526794434,0.03193896207115876,HistGradientBoostingRegressor(),3,0.2,150,11,160,62,20,8,"OrderedDict([('model', HistGradientBoostingRegressor()), ('model__l2_regularization', 3), ('model__learning_rate', 0.2), ('model__max_bins', 150), ('model__max_depth', 11), ('model__max_iter', 160), ('model__max_leaf_nodes', 62), ('model__min_samples_leaf', 20), ('q', 8)])",-1419.6537315355565,-1399.2396276601323,-1433.2755085839333,-1421.5735495097624,-1426.2485633862434,-1419.9981961351255,11.391862673710827,36
17,3.8392271995544434,0.05450229641759166,0.8170390129089355,0.023211423807694448,HistGradientBoostingRegressor(),7,0.1,100,9,160,60,10,11,"OrderedDict([('model', HistGradientBoostingRegressor()), ('model__l2_regularization', 7), ('model__learning_rate', 0.1), ('model__max_bins', 100), ('model__max_depth', 9), ('model__max_iter', 160), ('model__max_leaf_nodes', 60), ('model__min_samples_leaf', 10), ('q', 11)])",-1472.186977766492,-1474.5336592387675,-1496.799703652386,-1483.2672065463605,-1504.1351928406527,-1486.1845480089319,12.450648515200802,47
18,3.663694477081299,0.059195936981789384,0.8807638645172119,0.0474138410573757,HistGradientBoostingRegressor(),5,0.1,100,7,140,58,22,7,"OrderedDict([('model', HistGradientBoostingRegressor()), ('model__l2_regularization', 5), ('model__learning_rate', 0.1), ('model__max_bins', 100), ('model__max_depth', 7), ('model__max_iter', 140), ('model__max_leaf_nodes', 58), ('model__min_samples_leaf', 22), ('q', 7)])",-1505.827281759853,-1504.6208723078407,-1523.6790779364314,-1512.8468813901216,-1528.5003053724606,-1515.0948837533413,9.529329416643955,50
19,3.563106393814087,0.08283200336962428,0.7656711101531982,0.031650555559318325,HistGradientBoostingRegressor(),5,0.2,150,13,140,62,10,6,"OrderedDict([('model', HistGradientBoostingRegressor()), ('model__l2_regularization', 5), ('model__learning_rate', 0.2), ('model__max_bins', 150), ('model__max_depth', 13), ('model__max_iter', 140), ('model__max_leaf_nodes', 62), ('model__min_samples_leaf', 10), ('q', 6)])",-1398.6235482073264,-1398.4306059518008,-1416.7443811028725,-1406.0803213296488,-1408.8339073173074,-1405.7425527817911,6.8535476862510025,24
20,4.1038731098175045,0.0904571188811339,0.8627072334289551,0.03399413162909963,HistGradientBoostingRegressor(),5,0.1,200,11,200,72,26,7,"OrderedDict([('model', HistGradientBoostingRegressor()), ('model__l2_regularization', 5), ('model__learning_rate', 0.1), ('model__max_bins', 200), ('model__max_depth', 11), ('model__max_iter', 200), ('model__max_leaf_nodes', 72), ('model__min_samples_leaf', 26), ('q', 7)])",-1400.4769482932277,-1438.1413635884103,-1435.2091152090668,-1428.1716038603881,-1423.9261596207652,-1425.1850381143718,13.336735312783834,40
21,3.948987579345703,0.05505137175295733,0.7958406925201416,0.021132084137470378,HistGradientBoostingRegressor(),3,0.1,200,11,180,60,16,13,"OrderedDict([('model', HistGradientBoostingRegressor()), ('model__l2_regularization', 3), ('model__learning_rate', 0.1), ('model__max_bins', 200), ('model__max_depth', 11), ('model__max_iter', 180), ('model__max_leaf_nodes', 60), ('model__min_samples_leaf', 16), ('q', 13)])",-1423.1044010326066,-1446.271781426106,-1455.5267586212074,-1441.4108727865462,-1446.5747802763908,-1442.5777188285715,10.750552226856513,44
22,3.657132053375244,0.052174361408699146,0.7675685405731201,0.014201420289416691,HistGradientBoostingRegressor(),5,0.2,100,13,140,68,24,6,"OrderedDict([('model', HistGradientBoostingRegressor()), ('model__l2_regularization', 5), ('model__learning_rate', 0.2), ('model__max_bins', 100), ('model__max_depth', 13), ('model__max_iter', 140), ('model__max_leaf_nodes', 68), ('model__min_samples_leaf', 24), ('q', 6)])",-1408.8533703205464,-1425.5959702287728,-1449.8919316329113,-1425.288326821417,-1438.7347722822624,-1429.672874257182,13.858033221355086,41
23,4.266803216934204,0.07298421445900168,0.8110320568084717,0.014090172363513172,HistGradientBoostingRegressor(),1,0.1,250,11,180,68,16,7,"OrderedDict([('model', HistGradientBoostingRegressor()), ('model__l2_regularization', 1), ('model__learning_rate', 0.1), ('model__max_bins', 250), ('model__max_depth', 11), ('model__max_iter', 180), ('model__max_leaf_nodes', 68), ('model__min_samples_leaf', 16), ('q', 7)])",-1401.1468810973297,-1400.969502353423,-1429.6976644858166,-1407.9783815965304,-1424.4521273476366,-1412.8489113761473,12.002458364362695,31
24,3.7412994861602784,0.11541115001696027,0.7618101596832275,0.02947347754020629,HistGradientBoostingRegressor(),5,0.2,150,13,180,66,14,6,"OrderedDict([('model', HistGradientBoostingRegressor()), ('model__l2_regularization', 5), ('model__learning_rate', 0.2), ('model__max_bins', 150), ('model__max_depth', 13), ('model__max_iter', 180), ('model__max_leaf_nodes', 66), ('model__min_samples_leaf', 14), ('q', 6)])",-1390.3542516596556,-1397.240609703072,-1389.2071845987246,-1417.4725807083641,-1392.5373928714412,-1397.3624039082515,10.424361622579362,21
25,3.819470453262329,0.06653527558513073,0.8152185440063476,0.01668692178708394,HistGradientBoostingRegressor(),5,0.2,250,13,180,68,20,11,"OrderedDict([('model', HistGradientBoostingRegressor()), ('model__l2_regularization', 5), ('model__learning_rate', 0.2), ('model__max_bins', 250), ('model__max_depth', 13), ('model__max_iter', 180), ('model__max_leaf_nodes', 68), ('model__min_samples_leaf', 20), ('q', 11)])",-1358.3150906187927,-1366.2712383327594,-1402.614040614641,-1399.3907155029042,-1398.300167329399,-1384.9782504796995,18.746146844155163,10
26,3.9037641048431397,0.16427571992371365,0.7350863933563232,0.013077042739908059,HistGradientBoostingRegressor(),5,0.2,250,9,200,72,12,7,"OrderedDict([('model', HistGradientBoostingRegressor()), ('model__l2_regularization', 5), ('model__learning_rate', 0.2), ('model__max_bins', 250), ('model__max_depth', 9), ('model__max_iter', 200), ('model__max_leaf_nodes', 72), ('model__min_samples_leaf', 12), ('q', 7)])",-1364.487055129986,-1407.822082086476,-1364.2201390839193,-1395.7459469398289,-1411.07381455331,-1388.669807558704,20.50079364853057,12
27,3.73984899520874,0.0730447589756694,0.8376197338104248,0.04026278671809591,HistGradientBoostingRegressor(),5,0.2,250,9,160,68,10,6,"OrderedDict([('model', HistGradientBoostingRegressor()), ('model__l2_regularization', 5), ('model__learning_rate', 0.2), ('model__max_bins', 250), ('model__max_depth', 9), ('model__max_iter', 160), ('model__max_leaf_nodes', 68), ('model__min_samples_leaf', 10), ('q', 6)])",-1375.7060633551876,-1378.625783474885,-1398.9316693108963,-1389.216503188048,-1409.6082270907334,-1390.4176492839501,12.63082281816593,16
28,3.710628890991211,0.1325565328169068,0.7094658374786377,0.021085373830024758,HistGradientBoostingRegressor(),5,0.2,250,13,180,68,10,5,"OrderedDict([('model', HistGradientBoostingRegressor()), ('model__l2_regularization', 5), ('model__learning_rate', 0.2), ('model__max_bins', 250), ('model__max_depth', 13), ('model__max_iter', 180), ('model__max_leaf_nodes', 68), ('model__min_samples_leaf', 10), ('q', 5)])",-1413.3014793985687,-1392.7300376451033,-1377.5791463013195,-1385.992200257139,-1413.3864902416738,-1396.597870768761,14.491518522957227,20
29,3.8678147315979006,0.055328429740030875,0.8156120300292968,0.02360522669392263,HistGradientBoostingRegressor(),3,0.2,250,13,180,68,26,7,"OrderedDict([('model', HistGradientBoostingRegressor()), ('model__l2_regularization', 3), ('model__learning_rate', 0.2), ('model__max_bins', 250), ('model__max_depth', 13), ('model__max_iter', 180), ('model__max_leaf_nodes', 68), ('model__min_samples_leaf', 26), ('q', 7)])",-1364.3447324117801,-1382.1197562296948,-1385.7432298051347,-1384.2576712826785,-1384.899425952696,-1380.2729631363968,8.05388171473636,9
30,3.850316286087036,0.059009675926811334,0.7795143127441406,0.01959658049810742,HistGradientBoostingRegressor(),5,0.2,250,13,180,54,14,6,"OrderedDict([('model', HistGradientBoostingRegressor()), ('model__l2_regularization', 5), ('model__learning_rate', 0.2), ('model__max_bins', 250), ('model__max_depth', 13), ('model__max_iter', 180), ('model__max_leaf_nodes', 54), ('model__min_samples_leaf', 14), ('q', 6)])",-1378.5844256691062,-1386.153868166983,-1394.4906977319224,-1425.8888465189582,-1410.4093854010553,-1399.1054446976052,17.06037007045878,22
31,3.745301389694214,0.1080423643738345,0.8158600330352783,0.028103554661304816,HistGradientBoostingRegressor(),5,0.2,200,9,180,72,18,12,"OrderedDict([('model', HistGradientBoostingRegressor()), ('model__l2_regularization', 5), ('model__learning_rate', 0.2), ('model__max_bins', 200), ('model__max_depth', 9), ('model__max_iter', 180), ('model__max_leaf_nodes', 72), ('model__min_samples_leaf', 18), ('q', 12)])",-1395.3637514995198,-1400.5699281160694,-1433.5653272755453,-1419.4374918331462,-1443.4038001388558,-1418.4680597726274,18.465159678490984,34
32,3.690441036224365,0.09425426203900139,0.7745907306671143,0.026908478799115527,HistGradientBoostingRegressor(),3,0.2,150,7,200,78,18,7,"OrderedDict([('model', HistGradientBoostingRegressor()), ('model__l2_regularization', 3), ('model__learning_rate', 0.2), ('model__max_bins', 150), ('model__max_depth', 7), ('model__max_iter', 200), ('model__max_leaf_nodes', 78), ('model__min_samples_leaf', 18), ('q', 7)])",-1398.4986178986617,-1398.0122162413795,-1436.3454249312117,-1396.4583087137084,-1426.9691902276459,-1411.2567516025215,16.932240616135818,29
33,3.624872827529907,0.12835517655737663,0.737477970123291,0.033672492387327786,HistGradientBoostingRegressor(),9,0.2,200,13,180,68,14,9,"OrderedDict([('model', HistGradientBoostingRegressor()), ('model__l2_regularization', 9), ('model__learning_rate', 0.2), ('model__max_bins', 200), ('model__max_depth', 13), ('model__max_iter', 180), ('model__max_leaf_nodes', 68), ('model__min_samples_leaf', 14), ('q', 9)])",-1403.375270134438,-1427.4092508777746,-1467.673451155503,-1420.7952857307464,-1404.8309965932092,-1424.8168508983342,23.318479657188988,39
34,3.9918273448944093,0.051097104783211125,0.8526314258575439,0.03743007313362761,HistGradientBoostingRegressor(),7,0.2,250,11,180,72,28,6,"OrderedDict([('model', HistGradientBoostingRegressor()), ('model__l2_regularization', 7), ('model__learning_rate', 0.2), ('model__max_bins', 250), ('model__max_depth', 11), ('model__max_iter', 180), ('model__max_leaf_nodes', 72), ('model__min_samples_leaf', 28), ('q', 6)])",-1365.428757868354,-1374.5289485193678,-1385.628307167269,-1385.7341803550432,-1389.0709851557986,-1380.0782358131667,8.82116018401758,8
35,3.812724304199219,0.06059391520952128,0.7763997077941894,0.022766771065431037,HistGradientBoostingRegressor(),5,0.2,250,13,200,50,28,6,"OrderedDict([('model', HistGradientBoostingRegressor()), ('model__l2_regularization', 5), ('model__learning_rate', 0.2), ('model__max_bins', 250), ('model__max_depth', 13), ('model__max_iter', 200), ('model__max_leaf_nodes', 50), ('model__min_samples_leaf', 28), ('q', 6)])",-1367.7683535947167,-1377.4998875708477,-1408.6691382297863,-1396.0330124354346,-1416.4255858531199,-1393.2791955367811,18.330187368155055,17
36,3.712127113342285,0.13432582220853634,0.7719646453857422,0.021115031847093763,HistGradientBoostingRegressor(),5,0.2,250,11,200,52,24,6,"OrderedDict([('model', HistGradientBoostingRegressor()), ('model__l2_regularization', 5), ('model__learning_rate', 0.2), ('model__max_bins', 250), ('model__max_depth', 11), ('model__max_iter', 200), ('model__max_leaf_nodes', 52), ('model__min_samples_leaf', 24), ('q', 6)])",-1400.3493964889353,-1395.4392881626854,-1428.045811477463,-1402.302962528544,-1427.4788080487567,-1410.7232533412769,14.092107215609483,28
37,3.6249593257904054,0.08317351299463908,0.7558169841766358,0.04248939768716763,HistGradientBoostingRegressor(),5,0.2,250,13,120,68,20,6,"OrderedDict([('model', HistGradientBoostingRegressor()), ('model__l2_regularization', 5), ('model__learning_rate', 0.2), ('model__max_bins', 250), ('model__max_depth', 13), ('model__max_iter', 120), ('model__max_leaf_nodes', 68), ('model__min_samples_leaf', 20), ('q', 6)])",-1384.4462213573809,-1400.9535237614707,-1453.9544246447383,-1418.0866063835028,-1415.1499504993917,-1414.5181453292969,23.050695381983115,32
38,3.6254605293273925,0.16060655529599185,0.7223230838775635,0.022079249310005846,HistGradientBoostingRegressor(),3,0.2,250,9,180,66,10,11,"OrderedDict([('model', HistGradientBoostingRegressor()), ('model__l2_regularization', 3), ('model__learning_rate', 0.2), ('model__max_bins', 250), ('model__max_depth', 9), ('model__max_iter', 180), ('model__max_leaf_nodes', 66), ('model__min_samples_leaf', 10), ('q', 11)])",-1370.3847113795011,-1368.3220409003375,-1445.2354630812547,-1380.836507168895,-1387.196831798722,-1390.3951108657423,28.272589658685302,15
39,3.9130524158477784,0.05627241304513946,0.7970806121826172,0.03461239194010157,HistGradientBoostingRegressor(),7,0.2,250,7,180,72,28,7,"OrderedDict([('model', HistGradientBoostingRegressor()), ('model__l2_regularization', 7), ('model__learning_rate', 0.2), ('model__max_bins', 250), ('model__max_depth', 7), ('model__max_iter', 180), ('model__max_leaf_nodes', 72), ('model__min_samples_leaf', 28), ('q', 7)])",-1393.0233960205528,-1421.4585211863234,-1442.8412217410973,-1431.3417287003517,-1419.437255371022,-1421.6204246038694,16.537281934384236,37
40,3.7530895233154298,0.08034854108958626,0.7910486221313476,0.036546014499660426,HistGradientBoostingRegressor(),3,0.2,150,11,160,68,12,10,"OrderedDict([('model', HistGradientBoostingRegressor()), ('model__l2_regularization', 3), ('model__learning_rate', 0.2), ('model__max_bins', 150), ('model__max_depth', 11), ('model__max_iter', 160), ('model__max_leaf_nodes', 68), ('model__min_samples_leaf', 12), ('q', 10)])",-1422.7090399186172,-1407.7644814407804,-1394.9377971901567,-1409.6203076138756,-1404.1163556549418,-1407.8295963636742,8.995502984611925,26
41,4.123586225509643,0.17507300604927464,0.881608247756958,0.05730469250599829,HistGradientBoostingRegressor(),1,0.2,250,9,200,78,16,13,"OrderedDict([('model', HistGradientBoostingRegressor()), ('model__l2_regularization', 1), ('model__learning_rate', 0.2), ('model__max_bins', 250), ('model__max_depth', 9), ('model__max_iter', 200), ('model__max_leaf_nodes', 78), ('model__min_samples_leaf', 16), ('q', 13)])",-1361.2221893463172,-1354.9609160798882,-1378.4917791109704,-1373.1250315603058,-1390.5866116457053,-1371.6773055486374,12.608266726906843,2
42,3.8913286685943604,0.16155427272036402,0.8314082145690918,0.0506269728020261,HistGradientBoostingRegressor(),1,0.2,250,9,200,50,26,5,"OrderedDict([('model', HistGradientBoostingRegressor()), ('model__l2_regularization', 1), ('model__learning_rate', 0.2), ('model__max_bins', 250), ('model__max_depth', 9), ('model__max_iter', 200), ('model__max_leaf_nodes', 50), ('model__min_samples_leaf', 26), ('q', 5)])",-1406.36596838402,-1425.185189625785,-1421.8551961502617,-1443.9446040901323,-1389.3698878194732,-1417.3441692139343,18.398344565316748,33
43,4.235103416442871,0.2061980599788846,0.8867370128631592,0.03916234779135887,HistGradientBoostingRegressor(),7,0.2,250,13,200,78,28,6,"OrderedDict([('model', HistGradientBoostingRegressor()), ('model__l2_regularization', 7), ('model__learning_rate', 0.2), ('model__max_bins', 250), ('model__max_depth', 13), ('model__max_iter', 200), ('model__max_leaf_nodes', 78), ('model__min_samples_leaf', 28), ('q', 6)])",-1404.7414579943284,-1357.870142707201,-1365.1985316730159,-1385.8140027501715,-1372.3181612160206,-1377.1884592681474,16.57856001447171,4
44,3.911929893493652,0.30124331858395714,0.7277711391448974,0.00788089616749909,HistGradientBoostingRegressor(),3,0.2,250,11,240,78,24,7,"OrderedDict([('model', HistGradientBoostingRegressor()), ('model__l2_regularization', 3), ('model__learning_rate', 0.2), ('model__max_bins', 250), ('model__max_depth', 11), ('model__max_iter', 240), ('model__max_leaf_nodes', 78), ('model__min_samples_leaf', 24), ('q', 7)])",-1403.1580856542857,-1358.1576344154998,-1382.6027737216352,-1395.0765182830214,-1459.0823499638661,-1399.6154724076616,33.39953888008402,23
45,3.9578771114349367,0.1312801274099785,0.8112788677215577,0.027645730359766727,HistGradientBoostingRegressor(),7,0.2,250,9,180,78,12,3,"OrderedDict([('model', HistGradientBoostingRegressor()), ('model__l2_regularization', 7), ('model__learning_rate', 0.2), ('model__max_bins', 250), ('model__max_depth', 9), ('model__max_iter', 180), ('model__max_leaf_nodes', 78), ('model__min_samples_leaf', 12), ('q', 3)])",-1363.3681533913282,-1375.800378155173,-1380.9658327531783,-1394.7058977206339,-1381.5978096886474,-1379.2876143417923,10.11401933063041,7
46,3.8943406105041505,0.08887285404129906,0.8104719161987305,0.013951358202141946,HistGradientBoostingRegressor(),1,0.2,250,13,180,78,24,14,"OrderedDict([('model', HistGradientBoostingRegressor()), ('model__l2_regularization', 1), ('model__learning_rate', 0.2), ('model__max_bins', 250), ('model__max_depth', 13), ('model__max_iter', 180), ('model__max_leaf_nodes', 78), ('model__min_samples_leaf', 24), ('q', 14)])",-1352.7313233003724,-1372.800817724826,-1369.5671974003005,-1378.5253958909698,-1388.724159317025,-1372.4697787266987,11.823845190183222,3
47,3.868691825866699,0.059564610696582906,0.784112548828125,0.03839119693572108,HistGradientBoostingRegressor(),5,0.2,250,13,220,78,12,3,"OrderedDict([('model', HistGradientBoostingRegressor()), ('model__l2_regularization', 5), ('model__learning_rate', 0.2), ('model__max_bins', 250), ('model__max_depth', 13), ('model__max_iter', 220), ('model__max_leaf_nodes', 78), ('model__min_samples_leaf', 12), ('q', 3)])",-1387.9347926484788,-1384.2262022023817,-1373.870014938576,-1376.2961839348648,-1408.7255956693416,-1386.2105578787284,12.364638211130247,11
48,4.909693193435669,0.12200330235420674,1.0308128356933595,0.02126736490317885,HistGradientBoostingRegressor(),3,0.2,250,13,180,78,16,6,"OrderedDict([('model', HistGradientBoostingRegressor()), ('model__l2_regularization', 3), ('model__learning_rate', 0.2), ('model__max_bins', 250), ('model__max_depth', 13), ('model__max_iter', 180), ('model__max_leaf_nodes', 78), ('model__min_samples_leaf', 16), ('q', 6)])",-1352.3424459066184,-1380.6497077307547,-1381.5514706129952,-1370.474883478909,-1405.9039014397426,-1378.1844818338038,17.39556784418399,6
49,3.931831169128418,0.11451560010868164,0.8679601669311523,0.08074352201673189,HistGradientBoostingRegressor(),3,0.2,250,9,160,78,24,4,"OrderedDict([('model', HistGradientBoostingRegressor()), ('model__l2_regularization', 3), ('model__learning_rate', 0.2), ('model__max_bins', 250), ('model__max_depth', 9), ('model__max_iter', 160), ('model__max_leaf_nodes', 78), ('model__min_samples_leaf', 24), ('q', 4)])",-1364.1530679074708,-1390.0231640844986,-1392.894749284761,-1398.3365390873325,-1398.9143484666363,-1388.86437376614,12.798119130687425,13
50,3.70895733833313,0.19136553327205516,0.7646716117858887,0.04959095588346664,HistGradientBoostingRegressor(),1,0.2,200,11,180,76,12,13,"OrderedDict([('model', HistGradientBoostingRegressor()), ('model__l2_regularization', 1), ('model__learning_rate', 0.2), ('model__max_bins', 200), ('model__max_depth', 11), ('model__max_iter', 180), ('model__max_leaf_nodes', 76), ('model__min_samples_leaf', 12), ('q', 13)])",-1387.5648911518674,-1418.3349406297289,-1396.084257107487,-1456.0873397517896,-1404.6427892688075,-1412.5428435819363,24.02858951076201,30
51,3.7309900760650634,0.0772304126334534,0.7631898403167725,0.025269801906137253,HistGradientBoostingRegressor(),7,0.2,250,13,140,56,12,14,"OrderedDict([('model', HistGradientBoostingRegressor()), ('model__l2_regularization', 7), ('model__learning_rate', 0.2), ('model__max_bins', 250), ('model__max_depth', 13), ('model__max_iter', 140), ('model__max_leaf_nodes', 56), ('model__min_samples_leaf', 12), ('q', 14)])",-1398.1165021540014,-1398.4624818209586,-1406.6060997000752,-1406.5117131431816,-1421.2221217700512,-1406.1837837176536,8.380179409564862,25
52,4.178392028808593,0.09708355881390104,0.7763152599334717,0.015917536298915104,HistGradientBoostingRegressor(),3,0.2,250,13,200,64,12,6,"OrderedDict([('model', HistGradientBoostingRegressor()), ('model__l2_regularization', 3), ('model__learning_rate', 0.2), ('model__max_bins', 250), ('model__max_depth', 13), ('model__max_iter', 200), ('model__max_leaf_nodes', 64), ('model__min_samples_leaf', 12), ('q', 6)])",-1366.7117727052698,-1375.753233003804,-1371.0483347829631,-1398.8847495425655,-1378.2661023774156,-1378.1328384824035,11.108132429003227,5
53,4.2049397945404055,0.05908283108681101,0.8498528003692627,0.006699335652730298,HistGradientBoostingRegressor(),1,0.05,250,9,140,78,26,6,"OrderedDict([('model', HistGradientBoostingRegressor()), ('model__l2_regularization', 1), ('model__learning_rate', 0.05), ('model__max_bins', 250), ('model__max_depth', 9), ('model__max_iter', 140), ('model__max_leaf_nodes', 78), ('model__min_samples_leaf', 26), ('q', 6)])",-1504.069928176508,-1508.1323543237672,-1545.0575444820295,-1530.3051941655704,-1521.08127575415,-1521.729259380405,14.932536500475255,52
54,3.9501227855682375,0.24195836597807732,0.7934072971343994,0.03175281823951943,HistGradientBoostingRegressor(),5,0.2,250,13,200,74,16,6,"OrderedDict([('model', HistGradientBoostingRegressor()), ('model__l2_regularization', 5), ('model__learning_rate', 0.2), ('model__max_bins', 250), ('model__max_depth', 13), ('model__max_iter', 200), ('model__max_leaf_nodes', 74), ('model__min_samples_leaf', 16), ('q', 6)])",-1394.0482434940336,-1364.7601754374225,-1365.581908574202,-1407.674037844098,-1447.1663370996441,-1395.84614048988,30.525907443294724,19
55,3.885656404495239,0.1353223986729289,0.7709175109863281,0.02689609698912193,HistGradientBoostingRegressor(),7,0.2,200,13,180,70,12,6,"OrderedDict([('model', HistGradientBoostingRegressor()), ('model__l2_regularization', 7), ('model__learning_rate', 0.2), ('model__max_bins', 200), ('model__max_depth', 13), ('model__max_iter', 180), ('model__max_leaf_nodes', 70), ('model__min_samples_leaf', 12), ('q', 6)])",-1380.1423808678737,-1406.8186121990734,-1443.439600127284,-1434.8813256721148,-1458.0150105149069,-1424.6593858762506,27.82027726625323,38
56,3.899902009963989,0.14336730271425632,0.7544835567474365,0.03232136778122867,HistGradientBoostingRegressor(),1,0.2,150,13,200,78,26,6,"OrderedDict([('model', HistGradientBoostingRegressor()), ('model__l2_regularization', 1), ('model__learning_rate', 0.2), ('model__max_bins', 150), ('model__max_depth', 13), ('model__max_iter', 200), ('model__max_leaf_nodes', 78), ('model__min_samples_leaf', 26), ('q', 6)])",-1386.3273985258252,-1392.384807998191,-1382.1558022114145,-1422.3152655127212,-1390.762773464814,-1394.7892095425934,14.218877016310126,18
57,3.9794434547424316,0.16436044303647537,0.7761710166931153,0.05182515378015116,HistGradientBoostingRegressor(),7,0.2,250,13,220,78,8,13,"OrderedDict([('model', HistGradientBoostingRegressor()), ('model__l2_regularization', 7), ('model__learning_rate', 0.2), ('model__max_bins', 250), ('model__max_depth', 13), ('model__max_iter', 220), ('model__max_leaf_nodes', 78), ('model__min_samples_leaf', 8), ('q', 13)])",-1362.3768293431458,-1382.330437077101,-1376.1248632735833,-1360.678205288017,-1373.3108113799049,-1370.9642292723504,8.256815338777223,1
58,3.7410160064697267,0.03677805522211984,0.818793535232544,0.026911187625976836,HistGradientBoostingRegressor(),7,0.05,150,7,120,76,28,3,"OrderedDict([('model', HistGradientBoostingRegressor()), ('model__l2_regularization', 7), ('model__learning_rate', 0.05), ('model__max_bins', 150), ('model__max_depth', 7), ('model__max_iter', 120), ('model__max_leaf_nodes', 76), ('model__min_samples_leaf', 28), ('q', 3)])",-1589.6308573992496,-1587.452491576549,-1623.7176531768064,-1591.86648996466,-1606.8106523582258,-1599.895628895098,13.711095233630564,54
59,3.9228960037231446,0.1158445513026309,0.815132999420166,0.011620529658291646,HistGradientBoostingRegressor(),7,0.2,250,9,180,68,18,10,"OrderedDict([('model', HistGradientBoostingRegressor()), ('model__l2_regularization', 7), ('model__learning_rate', 0.2), ('model__max_bins', 250), ('model__max_depth', 9), ('model__max_iter', 180), ('model__max_leaf_nodes', 68), ('model__min_samples_leaf', 18), ('q', 10)])",-1363.1165735942639,-1380.037191681254,-1416.8414699762923,-1388.9405470807992,-1400.0885231276252,-1389.804861092047,18.139189721784994,14
