,mean_fit_time,std_fit_time,mean_score_time,std_score_time,param_model,param_model__bootstrap,param_model__criterion,param_model__max_depth,param_model__max_features,param_model__max_samples,param_model__min_impurity_decrease,param_model__min_samples_leaf,param_model__min_samples_split,param_model__n_estimators,params,split0_test_score,split1_test_score,split2_test_score,split3_test_score,split4_test_score,mean_test_score,std_test_score,rank_test_score
0,25.441438293457033,0.09166781476754116,0.5801533222198486,0.011374513403022465,ExtraTreesRegressor(),True,squared_error,70,1.0,0.5,0.0,13,122,540,"OrderedDict([('model', ExtraTreesRegressor()), ('model__bootstrap', True), ('model__criterion', 'squared_error'), ('model__max_depth', 70), ('model__max_features', 1.0), ('model__max_samples', 0.5), ('model__min_impurity_decrease', 0.0), ('model__min_samples_leaf', 13), ('model__min_samples_split', 122), ('model__n_estimators', 540)])",-1848.7769954977064,-1831.7480592879174,-1861.721806898668,-1846.982979146232,-1841.1882064338158,-1846.0836094528681,9.81926048983793,118
1,22.720891523361207,0.09773147428832316,0.5126587867736816,0.011030805522301096,ExtraTreesRegressor(),True,squared_error,40,sqrt,0.7,0.0,29,112,540,"OrderedDict([('model', ExtraTreesRegressor()), ('model__bootstrap', True), ('model__criterion', 'squared_error'), ('model__max_depth', 40), ('model__max_features', 'sqrt'), ('model__max_samples', 0.7), ('model__min_impurity_decrease', 0.0), ('model__min_samples_leaf', 29), ('model__min_samples_split', 112), ('model__n_estimators', 540)])",-2097.405512785742,-2101.581592046668,-2114.7518380967404,-2113.9107827042344,-2086.6869774771467,-2102.867340622106,10.549765470966603,140
2,23.135986137390137,0.1093391521727367,0.5652404308319092,0.104781007741823,ExtraTreesRegressor(),True,squared_error,60,0.7,0.5,0.01,33,182,420,"OrderedDict([('model', ExtraTreesRegressor()), ('model__bootstrap', True), ('model__criterion', 'squared_error'), ('model__max_depth', 60), ('model__max_features', 0.7), ('model__max_samples', 0.5), ('model__min_impurity_decrease', 0.01), ('model__min_samples_leaf', 33), ('model__min_samples_split', 182), ('model__n_estimators', 420)])",-1996.7606063625576,-1993.198613954724,-2012.465645923682,-2001.284729026097,-1983.259700471877,-1997.3938591477877,9.592425739339351,135
3,32.36734938621521,0.09695155248536783,0.6582064151763916,0.009890005157762932,ExtraTreesRegressor(),True,squared_error,60,1.0,0.9,0.0001,25,72,480,"OrderedDict([('model', ExtraTreesRegressor()), ('model__bootstrap', True), ('model__criterion', 'squared_error'), ('model__max_depth', 60), ('model__max_features', 1.0), ('model__max_samples', 0.9), ('model__min_impurity_decrease', 0.0001), ('model__min_samples_leaf', 25), ('model__min_samples_split', 72), ('model__n_estimators', 480)])",-1757.1157964272893,-1733.5445010692058,-1767.7789165654835,-1748.4753515234522,-1752.7795975596778,-1751.9388326290216,11.21394875904493,108
4,29.80631995201111,0.10028790092430084,0.5588418960571289,0.022335900314533523,ExtraTreesRegressor(),True,squared_error,30,1.0,0.7,0.0001,21,152,460,"OrderedDict([('model', ExtraTreesRegressor()), ('model__bootstrap', True), ('model__criterion', 'squared_error'), ('model__max_depth', 30), ('model__max_features', 1.0), ('model__max_samples', 0.7), ('model__min_impurity_decrease', 0.0001), ('model__min_samples_leaf', 21), ('model__min_samples_split', 152), ('model__n_estimators', 460)])",-1860.3258470484625,-1838.9639204164782,-1875.2063862743996,-1854.8713130813758,-1848.969251128846,-1855.6673435899124,12.066302635006874,120
5,27.77640962600708,0.0889438566296338,0.5067401885986328,0.011376884183137892,ExtraTreesRegressor(),True,squared_error,70,0.7,0.7,0.001,17,142,470,"OrderedDict([('model', ExtraTreesRegressor()), ('model__bootstrap', True), ('model__criterion', 'squared_error'), ('model__max_depth', 70), ('model__max_features', 0.7), ('model__max_samples', 0.7), ('model__min_impurity_decrease', 0.001), ('model__min_samples_leaf', 17), ('model__min_samples_split', 142), ('model__n_estimators', 470)])",-1873.3166108306516,-1857.2587632951054,-1890.5713024883607,-1871.9059291222889,-1865.9066058525489,-1871.7918423177912,10.962230185926837,122
6,25.288921880722047,0.05776183505724714,0.6908593654632569,0.009428329630199577,ExtraTreesRegressor(),True,squared_error,70,log2,0.5,0.001,1,72,510,"OrderedDict([('model', ExtraTreesRegressor()), ('model__bootstrap', True), ('model__criterion', 'squared_error'), ('model__max_depth', 70), ('model__max_features', 'log2'), ('model__max_samples', 0.5), ('model__min_impurity_decrease', 0.001), ('model__min_samples_leaf', 1), ('model__min_samples_split', 72), ('model__n_estimators', 510)])",-1805.027320009359,-1795.519912947898,-1826.4655537063886,-1809.165880625514,-1805.2850871255202,-1808.2927508829357,10.137727427683062,114
7,25.632644987106325,0.07954968425333242,0.3970953464508057,0.005925765204200151,ExtraTreesRegressor(),True,squared_error,40,log2,0.5,0.0,13,112,380,"OrderedDict([('model', ExtraTreesRegressor()), ('model__bootstrap', True), ('model__criterion', 'squared_error'), ('model__max_depth', 40), ('model__max_features', 'log2'), ('model__max_samples', 0.5), ('model__min_impurity_decrease', 0.0), ('model__min_samples_leaf', 13), ('model__min_samples_split', 112), ('model__n_estimators', 380)])",-2042.4258177031277,-2033.597622173349,-2051.855160328632,-2047.3969722236893,-2037.1890107782208,-2042.4929166414036,6.617606083163592,139
8,25.268915224075318,0.15138191001381066,0.5357376098632812,0.048889679941381874,ExtraTreesRegressor(),True,squared_error,30,0.7,0.5,0.0001,5,172,510,"OrderedDict([('model', ExtraTreesRegressor()), ('model__bootstrap', True), ('model__criterion', 'squared_error'), ('model__max_depth', 30), ('model__max_features', 0.7), ('model__max_samples', 0.5), ('model__min_impurity_decrease', 0.0001), ('model__min_samples_leaf', 5), ('model__min_samples_split', 172), ('model__n_estimators', 510)])",-1920.5749356693243,-1906.0879226170507,-1940.955143630717,-1923.674417730143,-1917.2811923834697,-1921.714722406141,11.306514835064712,128
9,27.666167306900025,0.1450555949614404,0.6355672836303711,0.028236222138461015,ExtraTreesRegressor(),True,squared_error,50,log2,0.9,0.001,9,172,490,"OrderedDict([('model', ExtraTreesRegressor()), ('model__bootstrap', True), ('model__criterion', 'squared_error'), ('model__max_depth', 50), ('model__max_features', 'log2'), ('model__max_samples', 0.9), ('model__min_impurity_decrease', 0.001), ('model__min_samples_leaf', 9), ('model__min_samples_split', 172), ('model__n_estimators', 490)])",-1980.3481864295222,-1987.796487145825,-2002.7040174039096,-1992.5912273311128,-1987.5688401241052,-1990.201751686895,7.373283000189973,133
10,29.777941465377808,0.10629257228532216,0.751544189453125,0.02504993634348617,ExtraTreesRegressor(),True,squared_error,30,0.7,0.7,0.0001,9,42,510,"OrderedDict([('model', ExtraTreesRegressor()), ('model__bootstrap', True), ('model__criterion', 'squared_error'), ('model__max_depth', 30), ('model__max_features', 0.7), ('model__max_samples', 0.7), ('model__min_impurity_decrease', 0.0001), ('model__min_samples_leaf', 9), ('model__min_samples_split', 42), ('model__n_estimators', 510)])",-1669.1005572145552,-1652.2153714948665,-1684.0288315236767,-1661.939465391504,-1673.4628057006232,-1668.149406265045,10.712141503409658,89
11,27.348081731796263,0.13754050553618885,0.6035072803497314,0.020155596624105473,ExtraTreesRegressor(),True,squared_error,40,0.8,0.5,0.0,21,92,520,"OrderedDict([('model', ExtraTreesRegressor()), ('model__bootstrap', True), ('model__criterion', 'squared_error'), ('model__max_depth', 40), ('model__max_features', 0.8), ('model__max_samples', 0.5), ('model__min_impurity_decrease', 0.0), ('model__min_samples_leaf', 21), ('model__min_samples_split', 92), ('model__n_estimators', 520)])",-1859.0030310923971,-1839.2277284953439,-1870.2357079606256,-1856.0771985197873,-1848.3127199811631,-1854.5712772098632,10.41034733284353,119
12,23.409232902526856,0.08980266363365538,0.40374302864074707,0.015276971759347613,ExtraTreesRegressor(),True,squared_error,40,log2,0.5,0.01,9,122,380,"OrderedDict([('model', ExtraTreesRegressor()), ('model__bootstrap', True), ('model__criterion', 'squared_error'), ('model__max_depth', 40), ('model__max_features', 'log2'), ('model__max_samples', 0.5), ('model__min_impurity_decrease', 0.01), ('model__min_samples_leaf', 9), ('model__min_samples_split', 122), ('model__n_estimators', 380)])",-2016.636917099232,-2009.871498556316,-2039.1246218110957,-2029.938627724058,-2012.9541094009712,-2021.7051549183348,11.0772844723143,136
13,21.80507364273071,0.12808525504610735,0.44316701889038085,0.009923784208142853,ExtraTreesRegressor(),True,squared_error,60,sqrt,0.5,0.0001,1,82,350,"OrderedDict([('model', ExtraTreesRegressor()), ('model__bootstrap', True), ('model__criterion', 'squared_error'), ('model__max_depth', 60), ('model__max_features', 'sqrt'), ('model__max_samples', 0.5), ('model__min_impurity_decrease', 0.0001), ('model__min_samples_leaf', 1), ('model__min_samples_split', 82), ('model__n_estimators', 350)])",-1833.1282760916347,-1827.454791919646,-1855.16061403798,-1842.0861882712275,-1836.914481480441,-1838.9488703601855,9.410582252972915,117
14,22.52624578475952,0.22774364631215482,0.4917396068572998,0.014535066677233213,ExtraTreesRegressor(),True,squared_error,70,sqrt,0.7,0.0001,9,112,440,"OrderedDict([('model', ExtraTreesRegressor()), ('model__bootstrap', True), ('model__criterion', 'squared_error'), ('model__max_depth', 70), ('model__max_features', 'sqrt'), ('model__max_samples', 0.7), ('model__min_impurity_decrease', 0.0001), ('model__min_samples_leaf', 9), ('model__min_samples_split', 112), ('model__n_estimators', 440)])",-1949.5629206271065,-1946.6497471327937,-1974.1488165954813,-1970.3103964336974,-1948.9650443116284,-1957.9273850201414,11.780889150634204,129
15,28.121776628494263,0.12968793303524054,0.6818868160247803,0.012167521493674437,ExtraTreesRegressor(),True,squared_error,60,0.8,0.9,0.001,1,62,460,"OrderedDict([('model', ExtraTreesRegressor()), ('model__bootstrap', True), ('model__criterion', 'squared_error'), ('model__max_depth', 60), ('model__max_features', 0.8), ('model__max_samples', 0.9), ('model__min_impurity_decrease', 0.001), ('model__min_samples_leaf', 1), ('model__min_samples_split', 62), ('model__n_estimators', 460)])",-1615.1720319992442,-1598.1399264620309,-1627.943091699189,-1615.8398200460235,-1623.3508236809532,-1616.089138777488,10.161946023523589,69
16,26.52652974128723,0.2606253066742279,0.4584204196929932,0.023377079863871785,ExtraTreesRegressor(),True,squared_error,60,1.0,0.9,0.001,17,122,410,"OrderedDict([('model', ExtraTreesRegressor()), ('model__bootstrap', True), ('model__criterion', 'squared_error'), ('model__max_depth', 60), ('model__max_features', 1.0), ('model__max_samples', 0.9), ('model__min_impurity_decrease', 0.001), ('model__min_samples_leaf', 17), ('model__min_samples_split', 122), ('model__n_estimators', 410)])",-1784.217536583243,-1765.8304248533013,-1795.5753992347256,-1779.101232811267,-1778.346643369326,-1780.6142473703726,9.620939740355023,110
17,26.977218532562254,0.1585625996934271,0.5231714725494385,0.014283969066130685,ExtraTreesRegressor(),True,squared_error,20,1.0,0.9,0.0001,13,42,370,"OrderedDict([('model', ExtraTreesRegressor()), ('model__bootstrap', True), ('model__criterion', 'squared_error'), ('model__max_depth', 20), ('model__max_features', 1.0), ('model__max_samples', 0.9), ('model__min_impurity_decrease', 0.0001), ('model__min_samples_leaf', 13), ('model__min_samples_split', 42), ('model__n_estimators', 370)])",-1642.2052653210233,-1621.672751166651,-1654.5167337504781,-1632.1689626886941,-1642.8784800946648,-1638.6884386043025,11.067941364778646,81
18,22.769356870651244,0.12956997679096988,0.5416439056396485,0.026826495929590626,ExtraTreesRegressor(),True,squared_error,50,log2,0.7,0.001,21,72,540,"OrderedDict([('model', ExtraTreesRegressor()), ('model__bootstrap', True), ('model__criterion', 'squared_error'), ('model__max_depth', 50), ('model__max_features', 'log2'), ('model__max_samples', 0.7), ('model__min_impurity_decrease', 0.001), ('model__min_samples_leaf', 21), ('model__min_samples_split', 72), ('model__n_estimators', 540)])",-2027.5435673076793,-2008.2744223680236,-2027.7384256386842,-2037.4170733754438,-2013.5962889305465,-2022.9139555240756,10.546886614917442,137
19,23.084958267211913,0.12449353321313487,0.8907730579376221,0.015866026165820533,ExtraTreesRegressor(),True,squared_error,20,sqrt,0.5,0.0,1,12,450,"OrderedDict([('model', ExtraTreesRegressor()), ('model__bootstrap', True), ('model__criterion', 'squared_error'), ('model__max_depth', 20), ('model__max_features', 'sqrt'), ('model__max_samples', 0.5), ('model__min_impurity_decrease', 0.0), ('model__min_samples_leaf', 1), ('model__min_samples_split', 12), ('model__n_estimators', 450)])",-1526.834666884041,-1516.8082290052407,-1546.7066457901856,-1534.2628625030436,-1546.1084007528182,-1534.1441609870658,11.444967360124185,59
20,23.471789836883545,0.08595740317009128,1.0071175575256348,0.015491225865955966,ExtraTreesRegressor(),True,squared_error,30,sqrt,0.5,0.0,1,12,450,"OrderedDict([('model', ExtraTreesRegressor()), ('model__bootstrap', True), ('model__criterion', 'squared_error'), ('model__max_depth', 30), ('model__max_features', 'sqrt'), ('model__max_samples', 0.5), ('model__min_impurity_decrease', 0.0), ('model__min_samples_leaf', 1), ('model__min_samples_split', 12), ('model__n_estimators', 450)])",-1492.0067551819075,-1481.8899429024789,-1512.1402949770616,-1499.7360569753084,-1509.8696607358736,-1499.1285421545258,11.251093884657097,56
21,30.385987710952758,0.12602957849687582,0.7085677146911621,0.014170419091838039,ExtraTreesRegressor(),True,squared_error,30,1.0,0.9,0.001,1,92,540,"OrderedDict([('model', ExtraTreesRegressor()), ('model__bootstrap', True), ('model__criterion', 'squared_error'), ('model__max_depth', 30), ('model__max_features', 1.0), ('model__max_samples', 0.9), ('model__min_impurity_decrease', 0.001), ('model__min_samples_leaf', 1), ('model__min_samples_split', 92), ('model__n_estimators', 540)])",-1677.5447827408614,-1662.1043563911812,-1686.7125176424913,-1678.2225054854325,-1680.1750150766986,-1676.9518354673332,8.100291686100324,92
22,27.91183304786682,0.1768804871365311,0.5789927959442138,0.021394429347256598,ExtraTreesRegressor(),True,squared_error,20,1.0,0.9,0.01,1,62,400,"OrderedDict([('model', ExtraTreesRegressor()), ('model__bootstrap', True), ('model__criterion', 'squared_error'), ('model__max_depth', 20), ('model__max_features', 1.0), ('model__max_samples', 0.9), ('model__min_impurity_decrease', 0.01), ('model__min_samples_leaf', 1), ('model__min_samples_split', 62), ('model__n_estimators', 400)])",-1603.5058137736314,-1588.7786088215466,-1613.839516796288,-1605.6731853211882,-1609.4602748089173,-1604.2514799043142,8.497634960562058,67
23,23.61683554649353,0.16092198954101908,0.5018853664398193,0.006151284696666908,ExtraTreesRegressor(),True,squared_error,20,0.8,0.5,0.0001,29,12,450,"OrderedDict([('model', ExtraTreesRegressor()), ('model__bootstrap', True), ('model__criterion', 'squared_error'), ('model__max_depth', 20), ('model__max_features', 0.8), ('model__max_samples', 0.5), ('model__min_impurity_decrease', 0.0001), ('model__min_samples_leaf', 29), ('model__min_samples_split', 12), ('model__n_estimators', 450)])",-1869.4500714052726,-1850.2400589108895,-1880.8889198563202,-1864.5918255473784,-1859.8600982460573,-1865.0061947931838,10.16564582516277,121
24,27.511719131469725,0.21601321622177835,0.5622472286224365,0.03412178180174725,ExtraTreesRegressor(),True,squared_error,20,1.0,0.9,0.0,1,62,390,"OrderedDict([('model', ExtraTreesRegressor()), ('model__bootstrap', True), ('model__criterion', 'squared_error'), ('model__max_depth', 20), ('model__max_features', 1.0), ('model__max_samples', 0.9), ('model__min_impurity_decrease', 0.0), ('model__min_samples_leaf', 1), ('model__min_samples_split', 62), ('model__n_estimators', 390)])",-1605.413678954479,-1588.4165558283207,-1615.83078360892,-1606.0334931919783,-1609.2816813116588,-1604.9952385790716,9.076215225881981,68
25,25.024379205703735,0.12640952324744917,0.4489305019378662,0.011077016235014964,ExtraTreesRegressor(),True,squared_error,70,0.8,0.9,0.0,29,62,370,"OrderedDict([('model', ExtraTreesRegressor()), ('model__bootstrap', True), ('model__criterion', 'squared_error'), ('model__max_depth', 70), ('model__max_features', 0.8), ('model__max_samples', 0.9), ('model__min_impurity_decrease', 0.0), ('model__min_samples_leaf', 29), ('model__min_samples_split', 62), ('model__n_estimators', 370)])",-1798.6851728905508,-1777.9026795828631,-1807.9320505911685,-1791.3791692608488,-1788.7305913492053,-1792.9259327349275,10.0403577839044,112
26,25.041461944580078,0.14334507072541544,1.0452560424804687,0.06241326919176385,ExtraTreesRegressor(),True,squared_error,30,sqrt,0.7,0.0001,1,12,450,"OrderedDict([('model', ExtraTreesRegressor()), ('model__bootstrap', True), ('model__criterion', 'squared_error'), ('model__max_depth', 30), ('model__max_features', 'sqrt'), ('model__max_samples', 0.7), ('model__min_impurity_decrease', 0.0001), ('model__min_samples_leaf', 1), ('model__min_samples_split', 12), ('model__n_estimators', 450)])",-1457.6343438929018,-1450.9063905645169,-1478.3162867447058,-1470.6703006705345,-1482.2542638041245,-1467.9563171353566,11.969704119716312,54
27,23.21877555847168,0.12320867426799383,0.8965496063232422,0.009350707435400212,ExtraTreesRegressor(),True,squared_error,30,log2,0.7,0.01,1,12,380,"OrderedDict([('model', ExtraTreesRegressor()), ('model__bootstrap', True), ('model__criterion', 'squared_error'), ('model__max_depth', 30), ('model__max_features', 'log2'), ('model__max_samples', 0.7), ('model__min_impurity_decrease', 0.01), ('model__min_samples_leaf', 1), ('model__min_samples_split', 12), ('model__n_estimators', 380)])",-1458.9690277409975,-1452.2083388551775,-1478.4348991338306,-1474.7808487936206,-1479.6933375401754,-1468.8172904127605,11.128309635209297,55
28,21.53752546310425,0.11508556379505586,0.5324008941650391,0.009992252625712525,ExtraTreesRegressor(),True,squared_error,30,sqrt,0.7,0.001,1,62,370,"OrderedDict([('model', ExtraTreesRegressor()), ('model__bootstrap', True), ('model__criterion', 'squared_error'), ('model__max_depth', 30), ('model__max_features', 'sqrt'), ('model__max_samples', 0.7), ('model__min_impurity_decrease', 0.001), ('model__min_samples_leaf', 1), ('model__min_samples_split', 62), ('model__n_estimators', 370)])",-1729.8042357276845,-1714.9729651719445,-1746.8742609739518,-1732.2813950600312,-1731.3915340210829,-1731.064878190939,10.119902028527946,106
29,26.05821099281311,0.17847197534124032,0.9207135677337647,0.019996430293975707,ExtraTreesRegressor(),True,squared_error,30,0.7,0.7,0.01,1,12,400,"OrderedDict([('model', ExtraTreesRegressor()), ('model__bootstrap', True), ('model__criterion', 'squared_error'), ('model__max_depth', 30), ('model__max_features', 0.7), ('model__max_samples', 0.7), ('model__min_impurity_decrease', 0.01), ('model__min_samples_leaf', 1), ('model__min_samples_split', 12), ('model__n_estimators', 400)])",-1408.0956150666104,-1404.0728522448894,-1423.3109514932135,-1423.1919662498422,-1432.0598730644676,-1418.1462516238046,10.43837236072576,50
30,25.051891040802,0.08072337744062325,0.5245225906372071,0.006709137534509026,ExtraTreesRegressor(),True,squared_error,30,0.7,0.9,0.0001,1,172,470,"OrderedDict([('model', ExtraTreesRegressor()), ('model__bootstrap', True), ('model__criterion', 'squared_error'), ('model__max_depth', 30), ('model__max_features', 0.7), ('model__max_samples', 0.9), ('model__min_impurity_decrease', 0.0001), ('model__min_samples_leaf', 1), ('model__min_samples_split', 172), ('model__n_estimators', 470)])",-1830.0260331584082,-1814.2490532950687,-1851.7056355211091,-1828.5486915183008,-1827.2933281878368,-1830.3645483361447,12.066445245912629,115
31,25.556117010116576,0.09631238916411909,0.6458313941955567,0.005700948456136121,ExtraTreesRegressor(),True,squared_error,30,0.7,0.9,0.0001,1,62,440,"OrderedDict([('model', ExtraTreesRegressor()), ('model__bootstrap', True), ('model__criterion', 'squared_error'), ('model__max_depth', 30), ('model__max_features', 0.7), ('model__max_samples', 0.9), ('model__min_impurity_decrease', 0.0001), ('model__min_samples_leaf', 1), ('model__min_samples_split', 62), ('model__n_estimators', 440)])",-1624.5440357982297,-1609.6625258827003,-1638.2434324687097,-1624.1186820785535,-1632.7879616149114,-1625.871327568621,9.679540566991914,78
32,25.979704332351684,0.08594873076655876,1.0455430507659913,0.002668599874859125,ExtraTreesRegressor(),True,squared_error,20,0.7,0.5,0.001,1,12,530,"OrderedDict([('model', ExtraTreesRegressor()), ('model__bootstrap', True), ('model__criterion', 'squared_error'), ('model__max_depth', 20), ('model__max_features', 0.7), ('model__max_samples', 0.5), ('model__min_impurity_decrease', 0.001), ('model__min_samples_leaf', 1), ('model__min_samples_split', 12), ('model__n_estimators', 530)])",-1450.358969865324,-1446.9965193967603,-1466.2239869044456,-1463.1995486260491,-1469.915624518656,-1459.338929862247,9.023853225906894,53
33,29.876853132247923,0.15287029834131788,1.1283178806304932,0.020299404322516923,ExtraTreesRegressor(),True,squared_error,30,0.8,0.9,0.0,1,12,440,"OrderedDict([('model', ExtraTreesRegressor()), ('model__bootstrap', True), ('model__criterion', 'squared_error'), ('model__max_depth', 30), ('model__max_features', 0.8), ('model__max_samples', 0.9), ('model__min_impurity_decrease', 0.0), ('model__min_samples_leaf', 1), ('model__min_samples_split', 12), ('model__n_estimators', 440)])",-1382.3064745176403,-1378.1078143049251,-1395.056070447145,-1399.8741780496384,-1404.3068971422013,-1391.93028689231,10.096879952546963,23
34,28.66681113243103,0.06529270778543665,1.0169384002685546,0.015181174573066582,ExtraTreesRegressor(),True,squared_error,30,0.8,0.9,0.001,1,12,400,"OrderedDict([('model', ExtraTreesRegressor()), ('model__bootstrap', True), ('model__criterion', 'squared_error'), ('model__max_depth', 30), ('model__max_features', 0.8), ('model__max_samples', 0.9), ('model__min_impurity_decrease', 0.001), ('model__min_samples_leaf', 1), ('model__min_samples_split', 12), ('model__n_estimators', 400)])",-1379.4976391303521,-1379.7081792075865,-1394.1181708104784,-1400.1530654500586,-1407.5990298939232,-1392.2152168984799,11.14858871416081,25
35,32.16161160469055,0.17284442079439116,1.351112174987793,0.01954879141154331,ExtraTreesRegressor(),True,squared_error,60,0.8,0.9,0.0001,1,12,530,"OrderedDict([('model', ExtraTreesRegressor()), ('model__bootstrap', True), ('model__criterion', 'squared_error'), ('model__max_depth', 60), ('model__max_features', 0.8), ('model__max_samples', 0.9), ('model__min_impurity_decrease', 0.0001), ('model__min_samples_leaf', 1), ('model__min_samples_split', 12), ('model__n_estimators', 530)])",-1381.8566521291461,-1380.211070169058,-1394.1521279776466,-1399.8800613477738,-1407.4382989569715,-1392.7076421161194,10.434852007835802,30
36,31.247441244125366,0.09392469903861879,1.261042070388794,0.011000014749269989,ExtraTreesRegressor(),True,squared_error,30,0.8,0.9,0.01,1,12,490,"OrderedDict([('model', ExtraTreesRegressor()), ('model__bootstrap', True), ('model__criterion', 'squared_error'), ('model__max_depth', 30), ('model__max_features', 0.8), ('model__max_samples', 0.9), ('model__min_impurity_decrease', 0.01), ('model__min_samples_leaf', 1), ('model__min_samples_split', 12), ('model__n_estimators', 490)])",-1382.029515398201,-1379.5003622480342,-1394.714697336645,-1399.5329955640461,-1406.6150634611747,-1392.4785268016203,10.317191976477169,27
37,30.278795289993287,0.13671945481798545,1.1253346920013427,0.015797844704623417,ExtraTreesRegressor(),True,squared_error,60,0.8,0.9,0.001,1,12,440,"OrderedDict([('model', ExtraTreesRegressor()), ('model__bootstrap', True), ('model__criterion', 'squared_error'), ('model__max_depth', 60), ('model__max_features', 0.8), ('model__max_samples', 0.9), ('model__min_impurity_decrease', 0.001), ('model__min_samples_leaf', 1), ('model__min_samples_split', 12), ('model__n_estimators', 440)])",-1381.0398577040164,-1377.317586201148,-1395.6274570790733,-1401.772986053836,-1406.3475764332454,-1392.4210926942637,11.395911982811414,26
38,31.604845380783082,0.1246583157867272,1.0820197582244873,0.01998487637844802,ExtraTreesRegressor(),True,squared_error,50,1.0,0.9,0.0,1,12,420,"OrderedDict([('model', ExtraTreesRegressor()), ('model__bootstrap', True), ('model__criterion', 'squared_error'), ('model__max_depth', 50), ('model__max_features', 1.0), ('model__max_samples', 0.9), ('model__min_impurity_decrease', 0.0), ('model__min_samples_leaf', 1), ('model__min_samples_split', 12), ('model__n_estimators', 420)])",-1373.6933926114502,-1372.2406135889776,-1386.2979050100419,-1389.7172134219477,-1396.8227402990533,-1383.7543729862941,9.450896539486367,3
39,33.70237736701965,0.10079587456282846,1.026486301422119,0.01861070262742211,ExtraTreesRegressor(),True,squared_error,50,1.0,0.9,0.01,1,12,400,"OrderedDict([('model', ExtraTreesRegressor()), ('model__bootstrap', True), ('model__criterion', 'squared_error'), ('model__max_depth', 50), ('model__max_features', 1.0), ('model__max_samples', 0.9), ('model__min_impurity_decrease', 0.01), ('model__min_samples_leaf', 1), ('model__min_samples_split', 12), ('model__n_estimators', 400)])",-1374.3824796914805,-1373.141741835612,-1385.4274347888643,-1394.038802314079,-1397.2602978639823,-1384.8501512988037,9.853276637892046,17
40,44.13332862854004,0.16346935857673534,1.5898588180541993,0.03845473064646211,ExtraTreesRegressor(),True,squared_error,30,1.0,0.9,0.0,1,12,540,"OrderedDict([('model', ExtraTreesRegressor()), ('model__bootstrap', True), ('model__criterion', 'squared_error'), ('model__max_depth', 30), ('model__max_features', 1.0), ('model__max_samples', 0.9), ('model__min_impurity_decrease', 0.0), ('model__min_samples_leaf', 1), ('model__min_samples_split', 12), ('model__n_estimators', 540)])",-1376.0201153537246,-1371.9049627832119,-1385.1327207050902,-1393.1647645059227,-1397.5898400767132,-1384.7624806849326,9.76751061657245,16
41,28.265296745300294,0.06295922659468899,0.8976569175720215,0.01843259319821847,ExtraTreesRegressor(),True,squared_error,40,0.8,0.9,0.0,1,12,350,"OrderedDict([('model', ExtraTreesRegressor()), ('model__bootstrap', True), ('model__criterion', 'squared_error'), ('model__max_depth', 40), ('model__max_features', 0.8), ('model__max_samples', 0.9), ('model__min_impurity_decrease', 0.0), ('model__min_samples_leaf', 1), ('model__min_samples_split', 12), ('model__n_estimators', 350)])",-1383.0925386367724,-1377.8313659522778,-1396.3753859581527,-1399.8442742587395,-1405.9362547412927,-1392.6159639094471,10.517526688060137,29
42,30.41159143447876,0.13840615509493653,0.9645683765411377,0.010455436111877435,ExtraTreesRegressor(),True,squared_error,50,1.0,0.9,0.0,1,12,380,"OrderedDict([('model', ExtraTreesRegressor()), ('model__bootstrap', True), ('model__criterion', 'squared_error'), ('model__max_depth', 50), ('model__max_features', 1.0), ('model__max_samples', 0.9), ('model__min_impurity_decrease', 0.0), ('model__min_samples_leaf', 1), ('model__min_samples_split', 12), ('model__n_estimators', 380)])",-1375.177202841851,-1372.3265179815317,-1386.8522865944196,-1393.273170589166,-1395.9719114700267,-1384.720217895399,9.47599344537254,15
43,33.126801061630246,0.0941997243420195,1.194017267227173,0.01145748177793856,ExtraTreesRegressor(),True,squared_error,40,1.0,0.9,0.001,1,12,460,"OrderedDict([('model', ExtraTreesRegressor()), ('model__bootstrap', True), ('model__criterion', 'squared_error'), ('model__max_depth', 40), ('model__max_features', 1.0), ('model__max_samples', 0.9), ('model__min_impurity_decrease', 0.001), ('model__min_samples_leaf', 1), ('model__min_samples_split', 12), ('model__n_estimators', 460)])",-1374.5206777414187,-1373.1491392920925,-1384.6082350756358,-1391.3074878916573,-1398.810447103875,-1384.4791974209359,9.793561664215115,12
44,33.21593718528747,0.13510580885085452,1.1737807750701905,0.012007972155363986,ExtraTreesRegressor(),True,squared_error,30,1.0,0.9,0.001,1,12,450,"OrderedDict([('model', ExtraTreesRegressor()), ('model__bootstrap', True), ('model__criterion', 'squared_error'), ('model__max_depth', 30), ('model__max_features', 1.0), ('model__max_samples', 0.9), ('model__min_impurity_decrease', 0.001), ('model__min_samples_leaf', 1), ('model__min_samples_split', 12), ('model__n_estimators', 450)])",-1375.0012841281325,-1374.097208691922,-1385.6290041245288,-1393.248488999447,-1399.30014948844,-1385.4552270864942,9.906932030117575,21
45,34.793349742889404,0.13591885709067916,1.4694039821624756,0.018067701273699065,ExtraTreesRegressor(),True,squared_error,50,0.8,0.9,0.0,1,12,520,"OrderedDict([('model', ExtraTreesRegressor()), ('model__bootstrap', True), ('model__criterion', 'squared_error'), ('model__max_depth', 50), ('model__max_features', 0.8), ('model__max_samples', 0.9), ('model__min_impurity_decrease', 0.0), ('model__min_samples_leaf', 1), ('model__min_samples_split', 12), ('model__n_estimators', 520)])",-1381.564831805398,-1378.3871941994228,-1394.1683816186046,-1400.0644860628947,-1408.6258483075676,-1392.5621483987775,11.302900593665298,28
46,26.669722986221313,0.1492196995869152,0.9407536029815674,0.013019995118791363,ExtraTreesRegressor(),True,squared_error,70,0.7,0.7,0.001,1,12,400,"OrderedDict([('model', ExtraTreesRegressor()), ('model__bootstrap', True), ('model__criterion', 'squared_error'), ('model__max_depth', 70), ('model__max_features', 0.7), ('model__max_samples', 0.7), ('model__min_impurity_decrease', 0.001), ('model__min_samples_leaf', 1), ('model__min_samples_split', 12), ('model__n_estimators', 400)])",-1409.4116255939475,-1403.179758714509,-1423.2112134971512,-1420.7981786848816,-1432.133060707418,-1417.7467674395814,10.274327696500714,49
47,26.850427627563477,0.07640671455483652,1.051635980606079,0.009039629161248676,ExtraTreesRegressor(),True,squared_error,30,0.8,0.5,0.0001,1,12,480,"OrderedDict([('model', ExtraTreesRegressor()), ('model__bootstrap', True), ('model__criterion', 'squared_error'), ('model__max_depth', 30), ('model__max_features', 0.8), ('model__max_samples', 0.5), ('model__min_impurity_decrease', 0.0001), ('model__min_samples_leaf', 1), ('model__min_samples_split', 12), ('model__n_estimators', 480)])",-1430.817766846893,-1425.0227359542455,-1445.2747092503312,-1446.3890072959268,-1453.373255802742,-1440.1754950300278,10.54479771370657,52
48,27.894110202789307,0.11131856580523676,0.8506831169128418,0.019227578131527548,ExtraTreesRegressor(),True,squared_error,40,1.0,0.7,0.0,1,12,360,"OrderedDict([('model', ExtraTreesRegressor()), ('model__bootstrap', True), ('model__criterion', 'squared_error'), ('model__max_depth', 40), ('model__max_features', 1.0), ('model__max_samples', 0.7), ('model__min_impurity_decrease', 0.0), ('model__min_samples_leaf', 1), ('model__min_samples_split', 12), ('model__n_estimators', 360)])",-1395.3701709238376,-1390.8674535645462,-1404.8791319849754,-1411.46375287516,-1413.746467015194,-1403.2653952727426,8.89621947282457,33
49,25.669735527038576,0.13527949147491444,0.8825339794158935,0.01420371465060333,ExtraTreesRegressor(),True,squared_error,70,0.7,0.7,0.01,1,12,370,"OrderedDict([('model', ExtraTreesRegressor()), ('model__bootstrap', True), ('model__criterion', 'squared_error'), ('model__max_depth', 70), ('model__max_features', 0.7), ('model__max_samples', 0.7), ('model__min_impurity_decrease', 0.01), ('model__min_samples_leaf', 1), ('model__min_samples_split', 12), ('model__n_estimators', 370)])",-1409.6051528349371,-1404.7671947715853,-1423.6041076051345,-1423.868778725009,-1433.4115672629011,-1419.0513602399135,10.425150288025003,51
50,33.19046216011047,0.11214689338980906,1.0825313091278077,0.023648255469312873,ExtraTreesRegressor(),True,squared_error,30,1.0,0.9,0.0,1,12,410,"OrderedDict([('model', ExtraTreesRegressor()), ('model__bootstrap', True), ('model__criterion', 'squared_error'), ('model__max_depth', 30), ('model__max_features', 1.0), ('model__max_samples', 0.9), ('model__min_impurity_decrease', 0.0), ('model__min_samples_leaf', 1), ('model__min_samples_split', 12), ('model__n_estimators', 410)])",-1371.846999157572,-1374.6183406592081,-1386.7630976540388,-1390.3978265733676,-1395.824655803109,-1383.890183969459,9.209126364976694,4
51,32.90054202079773,0.10664520871687674,1.0854156017303467,0.023025482287147476,ExtraTreesRegressor(),True,squared_error,60,1.0,0.9,0.0001,1,12,420,"OrderedDict([('model', ExtraTreesRegressor()), ('model__bootstrap', True), ('model__criterion', 'squared_error'), ('model__max_depth', 60), ('model__max_features', 1.0), ('model__max_samples', 0.9), ('model__min_impurity_decrease', 0.0001), ('model__min_samples_leaf', 1), ('model__min_samples_split', 12), ('model__n_estimators', 420)])",-1374.737471291538,-1371.943315757966,-1385.8115731777414,-1390.6626563019677,-1396.839295101742,-1383.998862326191,9.419961269578145,7
52,32.52046685218811,0.23210801453500454,1.0696753025054933,0.0169738733384812,ExtraTreesRegressor(),True,squared_error,30,1.0,0.9,0.0,1,12,420,"OrderedDict([('model', ExtraTreesRegressor()), ('model__bootstrap', True), ('model__criterion', 'squared_error'), ('model__max_depth', 30), ('model__max_features', 1.0), ('model__max_samples', 0.9), ('model__min_impurity_decrease', 0.0), ('model__min_samples_leaf', 1), ('model__min_samples_split', 12), ('model__n_estimators', 420)])",-1374.159266695904,-1372.2845248010503,-1385.1666986378962,-1390.646772211464,-1397.8707241289376,-1384.0255972950504,9.716242786137315,8
53,34.53475737571716,0.21501984775798147,1.2192779541015626,0.015076097552731255,ExtraTreesRegressor(),True,squared_error,60,1.0,0.9,0.0,1,12,480,"OrderedDict([('model', ExtraTreesRegressor()), ('model__bootstrap', True), ('model__criterion', 'squared_error'), ('model__max_depth', 60), ('model__max_features', 1.0), ('model__max_samples', 0.9), ('model__min_impurity_decrease', 0.0), ('model__min_samples_leaf', 1), ('model__min_samples_split', 12), ('model__n_estimators', 480)])",-1373.0922809258086,-1371.5589340023332,-1386.2875374751372,-1391.7428596638308,-1397.2125917407127,-1383.9788407615647,10.134234100055203,6
54,34.81872272491455,0.19776327299007812,1.243080997467041,0.009531155039329463,ExtraTreesRegressor(),True,squared_error,40,1.0,0.9,0.0001,1,12,490,"OrderedDict([('model', ExtraTreesRegressor()), ('model__bootstrap', True), ('model__criterion', 'squared_error'), ('model__max_depth', 40), ('model__max_features', 1.0), ('model__max_samples', 0.9), ('model__min_impurity_decrease', 0.0001), ('model__min_samples_leaf', 1), ('model__min_samples_split', 12), ('model__n_estimators', 490)])",-1373.9783922974393,-1372.3559701927413,-1386.6182434267926,-1391.2511119878366,-1397.1668943682682,-1384.2741224546155,9.679269254473223,10
55,32.25559897422791,0.12027492423302005,1.0555541038513183,0.013762225452543764,ExtraTreesRegressor(),True,squared_error,50,1.0,0.9,0.0001,1,12,410,"OrderedDict([('model', ExtraTreesRegressor()), ('model__bootstrap', True), ('model__criterion', 'squared_error'), ('model__max_depth', 50), ('model__max_features', 1.0), ('model__max_samples', 0.9), ('model__min_impurity_decrease', 0.0001), ('model__min_samples_leaf', 1), ('model__min_samples_split', 12), ('model__n_estimators', 410)])",-1373.8631471860856,-1372.4417861104614,-1386.455885627812,-1394.3832812889536,-1397.9396433806887,-1385.0167487188003,10.385920908851409,19
56,31.642791223526,0.18713159711408717,1.221013116836548,0.02251778265934594,ExtraTreesRegressor(),True,squared_error,50,0.8,0.9,0.0,1,12,470,"OrderedDict([('model', ExtraTreesRegressor()), ('model__bootstrap', True), ('model__criterion', 'squared_error'), ('model__max_depth', 50), ('model__max_features', 0.8), ('model__max_samples', 0.9), ('model__min_impurity_decrease', 0.0), ('model__min_samples_leaf', 1), ('model__min_samples_split', 12), ('model__n_estimators', 470)])",-1381.3487942421934,-1377.3375689890718,-1395.7361969136984,-1400.6642305457092,-1405.7407921000492,-1392.1655165581444,11.010318019513946,24
57,32.44345498085022,0.10787977923799891,1.2951062202453614,0.007126941642649645,ExtraTreesRegressor(),True,squared_error,40,0.8,0.9,0.0001,1,12,500,"OrderedDict([('model', ExtraTreesRegressor()), ('model__bootstrap', True), ('model__criterion', 'squared_error'), ('model__max_depth', 40), ('model__max_features', 0.8), ('model__max_samples', 0.9), ('model__min_impurity_decrease', 0.0001), ('model__min_samples_leaf', 1), ('model__min_samples_split', 12), ('model__n_estimators', 500)])",-1381.6745174216856,-1377.3605217537167,-1393.9497237068717,-1400.797545916785,-1404.8703027806157,-1391.7305223159349,10.652790742741876,22
58,34.08599739074707,0.14103051965595562,1.2111006736755372,0.020392921332092386,ExtraTreesRegressor(),True,squared_error,60,1.0,0.9,0.001,1,12,470,"OrderedDict([('model', ExtraTreesRegressor()), ('model__bootstrap', True), ('model__criterion', 'squared_error'), ('model__max_depth', 60), ('model__max_features', 1.0), ('model__max_samples', 0.9), ('model__min_impurity_decrease', 0.001), ('model__min_samples_leaf', 1), ('model__min_samples_split', 12), ('model__n_estimators', 470)])",-1372.8392277689197,-1373.1817157579933,-1389.1926962870518,-1391.5072565021358,-1396.5166035609489,-1384.6474999754098,9.792754354771727,13
59,35.634810876846316,0.18002355742011528,1.3248772144317627,0.026482077260408455,ExtraTreesRegressor(),True,squared_error,60,1.0,0.9,0.0,1,12,510,"OrderedDict([('model', ExtraTreesRegressor()), ('model__bootstrap', True), ('model__criterion', 'squared_error'), ('model__max_depth', 60), ('model__max_features', 1.0), ('model__max_samples', 0.9), ('model__min_impurity_decrease', 0.0), ('model__min_samples_leaf', 1), ('model__min_samples_split', 12), ('model__n_estimators', 510)])",-1374.52833810218,-1372.7346261767436,-1385.8807914795418,-1392.1733437732807,-1394.1669396248549,-1383.8968078313203,8.83487826432407,5
60,31.44631996154785,0.1418971191060761,1.0062372207641601,0.02647211169034519,ExtraTreesRegressor(),True,squared_error,30,1.0,0.7,0.01,1,12,430,"OrderedDict([('model', ExtraTreesRegressor()), ('model__bootstrap', True), ('model__criterion', 'squared_error'), ('model__max_depth', 30), ('model__max_features', 1.0), ('model__max_samples', 0.7), ('model__min_impurity_decrease', 0.01), ('model__min_samples_leaf', 1), ('model__min_samples_split', 12), ('model__n_estimators', 430)])",-1392.426315785948,-1390.3958253638054,-1404.4954086879393,-1408.6066884368845,-1412.8914744626738,-1401.7631425474503,8.882920733030673,32
61,31.737523794174194,0.09970819248910599,1.0737135887145997,0.01783478785981306,ExtraTreesRegressor(),True,squared_error,70,1.0,0.9,0.0001,1,12,420,"OrderedDict([('model', ExtraTreesRegressor()), ('model__bootstrap', True), ('model__criterion', 'squared_error'), ('model__max_depth', 70), ('model__max_features', 1.0), ('model__max_samples', 0.9), ('model__min_impurity_decrease', 0.0001), ('model__min_samples_leaf', 1), ('model__min_samples_split', 12), ('model__n_estimators', 420)])",-1373.9774727760832,-1372.1912490494708,-1385.4824915667325,-1391.395612117312,-1394.9380998907934,-1383.5969850800784,9.117241193404084,2
62,26.67223334312439,0.19820702719352332,0.39114766120910643,0.011266306585338903,ExtraTreesRegressor(),True,squared_error,20,1.0,0.9,0.0,37,192,390,"OrderedDict([('model', ExtraTreesRegressor()), ('model__bootstrap', True), ('model__criterion', 'squared_error'), ('model__max_depth', 20), ('model__max_features', 1.0), ('model__max_samples', 0.9), ('model__min_impurity_decrease', 0.0), ('model__min_samples_leaf', 37), ('model__min_samples_split', 192), ('model__n_estimators', 390)])",-1897.0789444784173,-1877.7730753364035,-1907.3981888651215,-1891.5002684598255,-1882.6006148179008,-1891.270218391534,10.49991000111791,126
63,35.541716718673705,0.1559486249627457,1.1136638164520263,0.014955753356501837,ExtraTreesRegressor(),True,squared_error,20,1.0,0.9,0.0,1,12,480,"OrderedDict([('model', ExtraTreesRegressor()), ('model__bootstrap', True), ('model__criterion', 'squared_error'), ('model__max_depth', 20), ('model__max_features', 1.0), ('model__max_samples', 0.9), ('model__min_impurity_decrease', 0.0), ('model__min_samples_leaf', 1), ('model__min_samples_split', 12), ('model__n_estimators', 480)])",-1384.373974902985,-1384.114275308102,-1395.2706631994602,-1401.9282106680103,-1405.9711542739155,-1394.3316556704947,8.917595846933281,31
64,31.19787702560425,0.19979023612944338,0.9527786254882813,0.04013067911027631,ExtraTreesRegressor(),True,squared_error,50,1.0,0.9,0.001,1,12,350,"OrderedDict([('model', ExtraTreesRegressor()), ('model__bootstrap', True), ('model__criterion', 'squared_error'), ('model__max_depth', 50), ('model__max_features', 1.0), ('model__max_samples', 0.9), ('model__min_impurity_decrease', 0.001), ('model__min_samples_leaf', 1), ('model__min_samples_split', 12), ('model__n_estimators', 350)])",-1372.9900982931917,-1372.4522962951733,-1384.4938231294589,-1392.8603864012387,-1398.5861058114851,-1384.2765419861094,10.446911603951913,11
65,34.56459059715271,0.13057471498547174,1.197251844406128,0.018420803805740852,ExtraTreesRegressor(),True,squared_error,70,1.0,0.9,0.0001,1,12,440,"OrderedDict([('model', ExtraTreesRegressor()), ('model__bootstrap', True), ('model__criterion', 'squared_error'), ('model__max_depth', 70), ('model__max_features', 1.0), ('model__max_samples', 0.9), ('model__min_impurity_decrease', 0.0001), ('model__min_samples_leaf', 1), ('model__min_samples_split', 12), ('model__n_estimators', 440)])",-1375.5370318496555,-1371.9124453393395,-1386.0623260074333,-1393.1389822488445,-1396.8269623133106,-1384.6955495517166,9.670749805330052,14
66,33.39037017822265,0.14265006944055567,1.1512455940246582,0.03271240872449967,ExtraTreesRegressor(),True,squared_error,30,1.0,0.9,0.0,1,12,430,"OrderedDict([('model', ExtraTreesRegressor()), ('model__bootstrap', True), ('model__criterion', 'squared_error'), ('model__max_depth', 30), ('model__max_features', 1.0), ('model__max_samples', 0.9), ('model__min_impurity_decrease', 0.0), ('model__min_samples_leaf', 1), ('model__min_samples_split', 12), ('model__n_estimators', 430)])",-1375.5458445763516,-1373.457690618159,-1384.908494973035,-1393.6093772423142,-1397.1712496772602,-1384.938531417424,9.432456064928813,18
67,37.77131409645081,0.17211759702583945,1.4536336421966554,0.031922885553971006,ExtraTreesRegressor(),True,squared_error,30,1.0,0.9,0.0,1,12,520,"OrderedDict([('model', ExtraTreesRegressor()), ('model__bootstrap', True), ('model__criterion', 'squared_error'), ('model__max_depth', 30), ('model__max_features', 1.0), ('model__max_samples', 0.9), ('model__min_impurity_decrease', 0.0), ('model__min_samples_leaf', 1), ('model__min_samples_split', 12), ('model__n_estimators', 520)])",-1371.9721495131985,-1373.7120288094866,-1386.419777318572,-1390.0067716145454,-1395.5798691506186,-1383.5381192812843,9.224693670841445,1
68,36.923995637893675,0.3879976808735017,1.1151400089263916,0.07994193495488025,ExtraTreesRegressor(),True,squared_error,70,1.0,0.9,0.01,1,12,390,"OrderedDict([('model', ExtraTreesRegressor()), ('model__bootstrap', True), ('model__criterion', 'squared_error'), ('model__max_depth', 70), ('model__max_features', 1.0), ('model__max_samples', 0.9), ('model__min_impurity_decrease', 0.01), ('model__min_samples_leaf', 1), ('model__min_samples_split', 12), ('model__n_estimators', 390)])",-1375.1643375713127,-1373.4991413230237,-1387.0918824929647,-1393.5224427821802,-1397.1132489611098,-1385.2782106261184,9.511695996931175,20
69,35.729533672332764,0.20086816873433241,1.2351151943206786,0.032410356523328264,ExtraTreesRegressor(),True,squared_error,40,1.0,0.9,0.001,1,12,480,"OrderedDict([('model', ExtraTreesRegressor()), ('model__bootstrap', True), ('model__criterion', 'squared_error'), ('model__max_depth', 40), ('model__max_features', 1.0), ('model__max_samples', 0.9), ('model__min_impurity_decrease', 0.001), ('model__min_samples_leaf', 1), ('model__min_samples_split', 12), ('model__n_estimators', 480)])",-1374.2114751113486,-1372.0902064856307,-1383.5395678941497,-1393.2763253077774,-1397.6340697294513,-1384.1503289056716,10.096489226246998,9
70,26.518230390548705,0.07099851985282216,0.5326687335968018,0.011043907683880423,ExtraTreesRegressor(),False,squared_error,60,sqrt,,0.0,33,72,490,"OrderedDict([('model', ExtraTreesRegressor()), ('model__bootstrap', False), ('model__criterion', 'squared_error'), ('model__max_depth', 60), ('model__max_features', 'sqrt'), ('model__min_impurity_decrease', 0.0), ('model__min_samples_leaf', 33), ('model__min_samples_split', 72), ('model__n_estimators', 490)])",-1974.8346911874103,-1962.9376520612866,-1990.7502126561562,-1986.6191959349812,-1964.3755557376617,-1975.903461515499,11.290704849754288,130
71,26.80589289665222,0.06473066065164573,0.4978818416595459,0.008977727037329884,ExtraTreesRegressor(),False,squared_error,60,sqrt,,0.0001,13,142,420,"OrderedDict([('model', ExtraTreesRegressor()), ('model__bootstrap', False), ('model__criterion', 'squared_error'), ('model__max_depth', 60), ('model__max_features', 'sqrt'), ('model__min_impurity_decrease', 0.0001), ('model__min_samples_leaf', 13), ('model__min_samples_split', 142), ('model__n_estimators', 420)])",-1891.6126056439869,-1879.9475791707773,-1900.6214061377054,-1893.5016726953068,-1886.054138649916,-1890.3474804595385,6.981314345354077,125
72,24.856178998947144,0.11876663340342546,0.46457362174987793,0.014926325184941336,ExtraTreesRegressor(),False,squared_error,40,sqrt,,0.0001,5,122,350,"OrderedDict([('model', ExtraTreesRegressor()), ('model__bootstrap', False), ('model__criterion', 'squared_error'), ('model__max_depth', 40), ('model__max_features', 'sqrt'), ('model__min_impurity_decrease', 0.0001), ('model__min_samples_leaf', 5), ('model__min_samples_split', 122), ('model__n_estimators', 350)])",-1787.6607410800145,-1783.4068169526608,-1810.3172105386411,-1793.3782861172363,-1793.460735752459,-1793.644758088202,9.15095011998862,113
73,34.01523704528809,0.1224896866896944,0.7112595558166503,0.019099444820557216,ExtraTreesRegressor(),False,squared_error,20,0.8,,0.0,5,112,510,"OrderedDict([('model', ExtraTreesRegressor()), ('model__bootstrap', False), ('model__criterion', 'squared_error'), ('model__max_depth', 20), ('model__max_features', 0.8), ('model__min_impurity_decrease', 0.0), ('model__min_samples_leaf', 5), ('model__min_samples_split', 112), ('model__n_estimators', 510)])",-1650.9936269667512,-1631.7844052167973,-1661.464013144258,-1645.8955135898054,-1653.4002254125983,-1648.707556866042,9.84149460704005,85
74,25.443358182907104,0.06195170296003731,0.5103362560272217,0.007671684614845651,ExtraTreesRegressor(),False,squared_error,60,sqrt,,0.0,17,2,410,"OrderedDict([('model', ExtraTreesRegressor()), ('model__bootstrap', False), ('model__criterion', 'squared_error'), ('model__max_depth', 60), ('model__max_features', 'sqrt'), ('model__min_impurity_decrease', 0.0), ('model__min_samples_leaf', 17), ('model__min_samples_split', 2), ('model__n_estimators', 410)])",-1829.857390431443,-1819.0711389482599,-1857.446361656191,-1839.03721503761,-1834.9852200187456,-1836.0794652184497,12.605453558672995,116
75,25.49393172264099,0.17165268344398896,0.5043298244476319,0.011235102363581616,ExtraTreesRegressor(),False,squared_error,60,log2,,0.0001,17,142,450,"OrderedDict([('model', ExtraTreesRegressor()), ('model__bootstrap', False), ('model__criterion', 'squared_error'), ('model__max_depth', 60), ('model__max_features', 'log2'), ('model__min_impurity_decrease', 0.0001), ('model__min_samples_leaf', 17), ('model__min_samples_split', 142), ('model__n_estimators', 450)])",-1920.4071537580776,-1905.539095264075,-1929.4500667911652,-1916.3667542445564,-1909.6251730973797,-1916.2776486310509,8.368336892488129,127
76,39.01636233329773,0.10426078261491407,0.9388932704925537,0.020648827101474875,ExtraTreesRegressor(),False,squared_error,20,1.0,,0.01,29,52,490,"OrderedDict([('model', ExtraTreesRegressor()), ('model__bootstrap', False), ('model__criterion', 'squared_error'), ('model__max_depth', 20), ('model__max_features', 1.0), ('model__min_impurity_decrease', 0.01), ('model__min_samples_leaf', 29), ('model__min_samples_split', 52), ('model__n_estimators', 490)])",-1680.1641070592066,-1655.170472207867,-1694.2179788491621,-1671.647930339525,-1679.1211815508998,-1676.064334001332,12.741784484733358,91
77,36.95631656646729,0.10733967037344239,0.523231315612793,0.009184838112932185,ExtraTreesRegressor(),False,squared_error,40,1.0,,0.0001,5,122,390,"OrderedDict([('model', ExtraTreesRegressor()), ('model__bootstrap', False), ('model__criterion', 'squared_error'), ('model__max_depth', 40), ('model__max_features', 1.0), ('model__min_impurity_decrease', 0.0001), ('model__min_samples_leaf', 5), ('model__min_samples_split', 122), ('model__n_estimators', 390)])",-1648.425883065453,-1634.0510692305484,-1658.8746167094075,-1643.383055109521,-1653.9144996434745,-1647.729824751681,8.590038968517888,84
78,29.131104612350462,0.17972352120330343,0.5403295516967773,0.011451722622552995,ExtraTreesRegressor(),False,squared_error,60,log2,,0.001,33,82,520,"OrderedDict([('model', ExtraTreesRegressor()), ('model__bootstrap', False), ('model__criterion', 'squared_error'), ('model__max_depth', 60), ('model__max_features', 'log2'), ('model__min_impurity_decrease', 0.001), ('model__min_samples_leaf', 33), ('model__min_samples_split', 82), ('model__n_estimators', 520)])",-1985.3370479230948,-1967.2693376282955,-1991.2985552674866,-1985.9654883725375,-1974.093368710758,-1980.7927595804344,8.781163955151618,131
79,36.36957097053528,0.21545078426900374,0.7646222114562988,0.11798311804590474,ExtraTreesRegressor(),False,squared_error,20,1.0,,0.001,29,132,430,"OrderedDict([('model', ExtraTreesRegressor()), ('model__bootstrap', False), ('model__criterion', 'squared_error'), ('model__max_depth', 20), ('model__max_features', 1.0), ('model__min_impurity_decrease', 0.001), ('model__min_samples_leaf', 29), ('model__min_samples_split', 132), ('model__n_estimators', 430)])",-1735.18532235372,-1710.924460337219,-1744.5508751617976,-1726.354822875433,-1732.2673403991998,-1729.856564225474,11.142863446715847,105
80,29.453842449188233,0.12137528421310205,0.5505462169647217,0.0122921165206271,ExtraTreesRegressor(),False,squared_error,60,sqrt,,0.0001,29,142,520,"OrderedDict([('model', ExtraTreesRegressor()), ('model__bootstrap', False), ('model__criterion', 'squared_error'), ('model__max_depth', 60), ('model__max_features', 'sqrt'), ('model__min_impurity_decrease', 0.0001), ('model__min_samples_leaf', 29), ('model__min_samples_split', 142), ('model__n_estimators', 520)])",-1987.6336808463977,-1974.9279685358867,-1998.234789245648,-1989.7525912714948,-1973.042119821627,-1984.7182299442109,9.47336043148372,132
81,33.38793773651123,0.09617844886129316,0.4750068187713623,0.016338561779004106,ExtraTreesRegressor(),False,squared_error,20,0.8,,0.0001,9,162,360,"OrderedDict([('model', ExtraTreesRegressor()), ('model__bootstrap', False), ('model__criterion', 'squared_error'), ('model__max_depth', 20), ('model__max_features', 0.8), ('model__min_impurity_decrease', 0.0001), ('model__min_samples_leaf', 9), ('model__min_samples_split', 162), ('model__n_estimators', 360)])",-1724.526980300821,-1710.4253212890187,-1739.5981629625296,-1724.5974159125042,-1727.0104521830447,-1725.2316665295834,9.270242867022215,104
82,35.9338297367096,0.1570357855810507,0.5973875522613525,0.029349196622374153,ExtraTreesRegressor(),False,squared_error,60,1.0,,0.0,33,2,370,"OrderedDict([('model', ExtraTreesRegressor()), ('model__bootstrap', False), ('model__criterion', 'squared_error'), ('model__max_depth', 60), ('model__max_features', 1.0), ('model__min_impurity_decrease', 0.0), ('model__min_samples_leaf', 33), ('model__min_samples_split', 2), ('model__n_estimators', 370)])",-1703.9115305050266,-1679.5638894555125,-1715.555584538311,-1695.6324162919764,-1704.2107726628071,-1699.7748386907267,11.928652909656451,98
83,26.137327098846434,0.10898155950728833,0.39378838539123534,0.013979218951161738,ExtraTreesRegressor(),False,squared_error,40,sqrt,,0.0,37,182,380,"OrderedDict([('model', ExtraTreesRegressor()), ('model__bootstrap', False), ('model__criterion', 'squared_error'), ('model__max_depth', 40), ('model__max_features', 'sqrt'), ('model__min_impurity_decrease', 0.0), ('model__min_samples_leaf', 37), ('model__min_samples_split', 182), ('model__n_estimators', 380)])",-2033.3690935509646,-2028.8538375804017,-2050.7640845485944,-2056.2423877257565,-2026.7355273942176,-2039.192986159987,12.004802447709915,138
84,24.664337491989137,0.10408024681037678,0.4101718425750732,0.012281114209700975,ExtraTreesRegressor(),False,squared_error,60,log2,,0.001,33,112,360,"OrderedDict([('model', ExtraTreesRegressor()), ('model__bootstrap', False), ('model__criterion', 'squared_error'), ('model__max_depth', 60), ('model__max_features', 'log2'), ('model__min_impurity_decrease', 0.001), ('model__min_samples_leaf', 33), ('model__min_samples_split', 112), ('model__n_estimators', 360)])",-2000.8923252286015,-1985.0895560766141,-2002.8803595371767,-2002.890129242899,-1975.8772163130122,-1993.5259172796607,11.064419170207929,134
85,34.08893141746521,0.09116192004946964,0.4880229949951172,0.007020470200045389,ExtraTreesRegressor(),False,squared_error,20,1.0,,0.01,1,182,390,"OrderedDict([('model', ExtraTreesRegressor()), ('model__bootstrap', False), ('model__criterion', 'squared_error'), ('model__max_depth', 20), ('model__max_features', 1.0), ('model__min_impurity_decrease', 0.01), ('model__min_samples_leaf', 1), ('model__min_samples_split', 182), ('model__n_estimators', 390)])",-1718.6605714521697,-1699.4549432818062,-1729.9260672381638,-1717.9948815466316,-1716.8328077931826,-1716.5738542623908,9.775269496186443,102
86,37.95161356925964,0.19721074189987509,0.7664422035217285,0.016310194349366487,ExtraTreesRegressor(),False,squared_error,40,1.0,,0.0,21,72,540,"OrderedDict([('model', ExtraTreesRegressor()), ('model__bootstrap', False), ('model__criterion', 'squared_error'), ('model__max_depth', 40), ('model__max_features', 1.0), ('model__min_impurity_decrease', 0.0), ('model__min_samples_leaf', 21), ('model__min_samples_split', 72), ('model__n_estimators', 540)])",-1645.1462132452418,-1625.6388852303362,-1655.5662669185947,-1637.8327860815186,-1648.079698864295,-1642.4527700679973,10.148218945684285,82
87,28.838292932510377,0.0719948064660917,0.5476923942565918,0.016809453423439796,ExtraTreesRegressor(),False,squared_error,40,0.7,,0.0001,21,12,360,"OrderedDict([('model', ExtraTreesRegressor()), ('model__bootstrap', False), ('model__criterion', 'squared_error'), ('model__max_depth', 40), ('model__max_features', 0.7), ('model__min_impurity_decrease', 0.0001), ('model__min_samples_leaf', 21), ('model__min_samples_split', 12), ('model__n_estimators', 360)])",-1667.614865129644,-1651.619952160368,-1681.047950797591,-1661.5812375416656,-1673.6982540030285,-1667.1124519264595,10.083999388919846,88
88,29.09647641181946,0.18050182004394824,0.47988553047180177,0.013613985863189374,ExtraTreesRegressor(),False,squared_error,20,0.7,,0.0001,29,152,390,"OrderedDict([('model', ExtraTreesRegressor()), ('model__bootstrap', False), ('model__criterion', 'squared_error'), ('model__max_depth', 20), ('model__max_features', 0.7), ('model__min_impurity_decrease', 0.0001), ('model__min_samples_leaf', 29), ('model__min_samples_split', 152), ('model__n_estimators', 390)])",-1787.714372542773,-1773.1826989057631,-1802.7821398421665,-1783.7703992035222,-1784.0520113660746,-1786.30032437206,9.562189122006162,111
89,33.10305218696594,0.08807382766965238,0.7043097972869873,0.016090984635587703,ExtraTreesRegressor(),False,squared_error,40,0.7,,0.0001,5,142,520,"OrderedDict([('model', ExtraTreesRegressor()), ('model__bootstrap', False), ('model__criterion', 'squared_error'), ('model__max_depth', 40), ('model__max_features', 0.7), ('model__min_impurity_decrease', 0.0001), ('model__min_samples_leaf', 5), ('model__min_samples_split', 142), ('model__n_estimators', 520)])",-1700.9336126156998,-1686.9429522304968,-1716.8620861304114,-1699.6182636644658,-1706.6639650376724,-1702.2041759357494,9.756539063778744,100
90,37.841005611419675,0.08109598736632813,0.7315627098083496,0.008728001001739682,ExtraTreesRegressor(),False,squared_error,40,1.0,,0.001,21,12,480,"OrderedDict([('model', ExtraTreesRegressor()), ('model__bootstrap', False), ('model__criterion', 'squared_error'), ('model__max_depth', 40), ('model__max_features', 1.0), ('model__min_impurity_decrease', 0.001), ('model__min_samples_leaf', 21), ('model__min_samples_split', 12), ('model__n_estimators', 480)])",-1620.1070748506245,-1601.354255555667,-1634.101879948327,-1613.8306837958216,-1626.0796759528127,-1619.0947140206506,11.112726736317741,73
91,26.021652460098267,0.15352792203848176,0.491382360458374,0.017478236606176024,ExtraTreesRegressor(),False,squared_error,40,log2,,0.0001,21,12,410,"OrderedDict([('model', ExtraTreesRegressor()), ('model__bootstrap', False), ('model__criterion', 'squared_error'), ('model__max_depth', 40), ('model__max_features', 'log2'), ('model__min_impurity_decrease', 0.0001), ('model__min_samples_leaf', 21), ('model__min_samples_split', 12), ('model__n_estimators', 410)])",-1877.517861232568,-1878.0353796493637,-1890.2913675393422,-1894.2188656938754,-1883.244698510548,-1884.6616345251393,6.632993587027006,123
92,24.417566061019897,0.052168237452943855,0.4415349006652832,0.009755903097998458,ExtraTreesRegressor(),False,squared_error,20,log2,,0.0001,21,12,360,"OrderedDict([('model', ExtraTreesRegressor()), ('model__bootstrap', False), ('model__criterion', 'squared_error'), ('model__max_depth', 20), ('model__max_features', 'log2'), ('model__min_impurity_decrease', 0.0001), ('model__min_samples_leaf', 21), ('model__min_samples_split', 12), ('model__n_estimators', 360)])",-1885.2703374857183,-1870.2967332229339,-1897.4162607307026,-1892.6123160632815,-1880.3912022634531,-1885.197369953218,9.480677873845034,124
93,37.54471836090088,0.1405379491582728,0.7123413562774659,0.017566007844578693,ExtraTreesRegressor(),False,squared_error,40,1.0,,0.0001,21,12,460,"OrderedDict([('model', ExtraTreesRegressor()), ('model__bootstrap', False), ('model__criterion', 'squared_error'), ('model__max_depth', 40), ('model__max_features', 1.0), ('model__min_impurity_decrease', 0.0001), ('model__min_samples_leaf', 21), ('model__min_samples_split', 12), ('model__n_estimators', 460)])",-1620.2108651476517,-1599.5324822956416,-1635.8740437221888,-1612.9951734555443,-1624.1970860364431,-1618.561930131494,12.060612841513276,70
94,37.57638382911682,0.0667312789681352,0.7833755016326904,0.01599738556720949,ExtraTreesRegressor(),False,squared_error,40,1.0,,0.01,21,12,510,"OrderedDict([('model', ExtraTreesRegressor()), ('model__bootstrap', False), ('model__criterion', 'squared_error'), ('model__max_depth', 40), ('model__max_features', 1.0), ('model__min_impurity_decrease', 0.01), ('model__min_samples_leaf', 21), ('model__min_samples_split', 12), ('model__n_estimators', 510)])",-1619.9049047915923,-1599.8327063104778,-1636.3346505755069,-1614.0309200647507,-1624.4480080059166,-1618.910237949649,12.025193313574453,72
95,33.965170764923094,0.15482385564600992,0.7002616405487061,0.007654543511602124,ExtraTreesRegressor(),False,squared_error,40,0.8,,0.001,21,112,540,"OrderedDict([('model', ExtraTreesRegressor()), ('model__bootstrap', False), ('model__criterion', 'squared_error'), ('model__max_depth', 40), ('model__max_features', 0.8), ('model__min_impurity_decrease', 0.001), ('model__min_samples_leaf', 21), ('model__min_samples_split', 112), ('model__n_estimators', 540)])",-1711.5303803197958,-1688.4156560855854,-1721.6339090091383,-1701.57486106487,-1709.9921071478393,-1706.6293827254456,11.11531852253992,101
96,34.49307236671448,0.09320047464115347,0.6287195682525635,0.014574679966416626,ExtraTreesRegressor(),False,squared_error,60,1.0,,0.001,33,12,460,"OrderedDict([('model', ExtraTreesRegressor()), ('model__bootstrap', False), ('model__criterion', 'squared_error'), ('model__max_depth', 60), ('model__max_features', 1.0), ('model__min_impurity_decrease', 0.001), ('model__min_samples_leaf', 33), ('model__min_samples_split', 12), ('model__n_estimators', 460)])",-1703.5814388022043,-1677.7945063424947,-1718.7151641075475,-1697.714777669088,-1699.5959105555362,-1699.4803594953742,13.116428005752638,97
97,31.95097670555115,0.260528400507686,0.5832097053527832,0.08310484733144387,ExtraTreesRegressor(),False,squared_error,40,1.0,,0.0,21,72,360,"OrderedDict([('model', ExtraTreesRegressor()), ('model__bootstrap', False), ('model__criterion', 'squared_error'), ('model__max_depth', 40), ('model__max_features', 1.0), ('model__min_impurity_decrease', 0.0), ('model__min_samples_leaf', 21), ('model__min_samples_split', 72), ('model__n_estimators', 360)])",-1647.4358863602527,-1625.2696668397032,-1658.2532620780353,-1640.9588468811378,-1647.4797342231323,-1643.8794792764522,10.835780650912275,83
98,35.387905073165896,0.11728087173826492,0.6489775657653809,0.00641708970849124,ExtraTreesRegressor(),False,squared_error,40,1.0,,0.0,33,12,480,"OrderedDict([('model', ExtraTreesRegressor()), ('model__bootstrap', False), ('model__criterion', 'squared_error'), ('model__max_depth', 40), ('model__max_features', 1.0), ('model__min_impurity_decrease', 0.0), ('model__min_samples_leaf', 33), ('model__min_samples_split', 12), ('model__n_estimators', 480)])",-1704.6305484875322,-1679.5971771043185,-1718.8603675487243,-1697.414152362017,-1703.3950314097292,-1700.7794553824642,12.716962831545548,99
99,41.52405252456665,0.16073009039074887,0.8158969879150391,0.022216363773543205,ExtraTreesRegressor(),False,squared_error,60,1.0,,0.0,21,12,540,"OrderedDict([('model', ExtraTreesRegressor()), ('model__bootstrap', False), ('model__criterion', 'squared_error'), ('model__max_depth', 60), ('model__max_features', 1.0), ('model__min_impurity_decrease', 0.0), ('model__min_samples_leaf', 21), ('model__min_samples_split', 12), ('model__n_estimators', 540)])",-1621.7212918333287,-1602.5501045503752,-1633.318828395467,-1616.1111688100393,-1624.1529848117536,-1619.5708756801928,10.161716774911996,75
100,36.21366105079651,0.0849435409526124,0.7046915531158447,0.007643228003799813,ExtraTreesRegressor(),False,squared_error,60,1.0,,0.001,21,2,460,"OrderedDict([('model', ExtraTreesRegressor()), ('model__bootstrap', False), ('model__criterion', 'squared_error'), ('model__max_depth', 60), ('model__max_features', 1.0), ('model__min_impurity_decrease', 0.001), ('model__min_samples_leaf', 21), ('model__min_samples_split', 2), ('model__n_estimators', 460)])",-1623.118316000194,-1601.5632957218322,-1632.5074053022163,-1615.6831686369917,-1621.5024118401882,-1618.8749195002842,10.204257840838531,71
101,33.9905161857605,0.08096499064410227,0.6089640140533448,0.010782882135618205,ExtraTreesRegressor(),False,squared_error,20,1.0,,0.01,21,122,460,"OrderedDict([('model', ExtraTreesRegressor()), ('model__bootstrap', False), ('model__criterion', 'squared_error'), ('model__max_depth', 20), ('model__max_features', 1.0), ('model__min_impurity_decrease', 0.01), ('model__min_samples_leaf', 21), ('model__min_samples_split', 122), ('model__n_estimators', 460)])",-1700.4293221024511,-1679.5010741659164,-1712.7684964035948,-1692.6784979965307,-1700.392845675845,-1697.1540472688678,10.92415912370522,96
102,35.750979328155516,0.18301523604009343,0.6735188484191894,0.0171771317889141,ExtraTreesRegressor(),False,squared_error,20,1.0,,0.01,21,52,460,"OrderedDict([('model', ExtraTreesRegressor()), ('model__bootstrap', False), ('model__criterion', 'squared_error'), ('model__max_depth', 20), ('model__max_features', 1.0), ('model__min_impurity_decrease', 0.01), ('model__min_samples_leaf', 21), ('model__min_samples_split', 52), ('model__n_estimators', 460)])",-1624.4126888819198,-1606.3097863830972,-1641.5239946039728,-1620.5994818169665,-1631.2553459790417,-1624.8202595329997,11.670850847186234,77
103,31.85186004638672,0.16962185036283844,0.5207382202148437,0.015648751309442235,ExtraTreesRegressor(),False,squared_error,40,1.0,,0.0001,21,112,390,"OrderedDict([('model', ExtraTreesRegressor()), ('model__bootstrap', False), ('model__criterion', 'squared_error'), ('model__max_depth', 40), ('model__max_features', 1.0), ('model__min_impurity_decrease', 0.0001), ('model__min_samples_leaf', 21), ('model__min_samples_split', 112), ('model__n_estimators', 390)])",-1691.388870212892,-1667.133419468348,-1699.822585069608,-1683.1632418478632,-1690.1381706592967,-1686.3292574516017,10.960668246117683,94
104,33.52513003349304,0.1763150756933246,0.5629817485809326,0.010636467902614598,ExtraTreesRegressor(),False,squared_error,60,1.0,,0.0001,21,162,460,"OrderedDict([('model', ExtraTreesRegressor()), ('model__bootstrap', False), ('model__criterion', 'squared_error'), ('model__max_depth', 60), ('model__max_features', 1.0), ('model__min_impurity_decrease', 0.0001), ('model__min_samples_leaf', 21), ('model__min_samples_split', 162), ('model__n_estimators', 460)])",-1737.7269512457472,-1719.3584240290793,-1751.1741396721015,-1733.6489198790496,-1733.7944620314606,-1735.1405793714875,10.16737805505228,107
105,32.242703151702884,0.17530605604429442,0.5412307262420655,0.018058472314211944,ExtraTreesRegressor(),False,squared_error,40,1.0,,0.0001,21,82,380,"OrderedDict([('model', ExtraTreesRegressor()), ('model__bootstrap', False), ('model__criterion', 'squared_error'), ('model__max_depth', 40), ('model__max_features', 1.0), ('model__min_impurity_decrease', 0.0001), ('model__min_samples_leaf', 21), ('model__min_samples_split', 82), ('model__n_estimators', 380)])",-1658.3184326023857,-1635.7889483737881,-1670.5431748931028,-1648.646242816822,-1659.203997554034,-1654.5001592480264,11.648702993634767,86
106,35.85953631401062,0.12558954822004303,0.6994390964508057,0.0206123085631062,ExtraTreesRegressor(),False,squared_error,20,1.0,,0.0001,21,2,460,"OrderedDict([('model', ExtraTreesRegressor()), ('model__bootstrap', False), ('model__criterion', 'squared_error'), ('model__max_depth', 20), ('model__max_features', 1.0), ('model__min_impurity_decrease', 0.0001), ('model__min_samples_leaf', 21), ('model__min_samples_split', 2), ('model__n_estimators', 460)])",-1620.3584436906121,-1601.868560261383,-1633.6652159437267,-1614.8839283596005,-1624.7511193063144,-1619.1054535123276,10.586425008118828,74
107,35.98248662948608,0.0781430855043042,0.6290010452270508,0.006720103805989314,ExtraTreesRegressor(),False,squared_error,20,1.0,,0.0001,21,12,420,"OrderedDict([('model', ExtraTreesRegressor()), ('model__bootstrap', False), ('model__criterion', 'squared_error'), ('model__max_depth', 20), ('model__max_features', 1.0), ('model__min_impurity_decrease', 0.0001), ('model__min_samples_leaf', 21), ('model__min_samples_split', 12), ('model__n_estimators', 420)])",-1623.218104102831,-1599.8745786987538,-1635.8687827344847,-1613.4876510988786,-1625.882477832569,-1619.6663188935033,12.195610360289741,76
108,29.6630078792572,0.10287218048186116,0.44395875930786133,0.009090992077711307,ExtraTreesRegressor(),False,squared_error,40,1.0,,0.001,21,182,370,"OrderedDict([('model', ExtraTreesRegressor()), ('model__bootstrap', False), ('model__criterion', 'squared_error'), ('model__max_depth', 40), ('model__max_features', 1.0), ('model__min_impurity_decrease', 0.001), ('model__min_samples_leaf', 21), ('model__min_samples_split', 182), ('model__n_estimators', 370)])",-1756.640719580916,-1738.156803445555,-1768.4807343522045,-1751.6312196187457,-1753.9505643842433,-1753.7720082763328,9.726516412275743,109
109,36.27635035514832,0.14140374556708218,0.6416523456573486,0.010706462974931897,ExtraTreesRegressor(),False,squared_error,20,1.0,,0.01,21,112,490,"OrderedDict([('model', ExtraTreesRegressor()), ('model__bootstrap', False), ('model__criterion', 'squared_error'), ('model__max_depth', 20), ('model__max_features', 1.0), ('model__min_impurity_decrease', 0.01), ('model__min_samples_leaf', 21), ('model__min_samples_split', 112), ('model__n_estimators', 490)])",-1689.2237228718336,-1668.3569830072481,-1700.9499058657916,-1682.5483467634922,-1689.915116611166,-1686.1988150239063,10.697780463557978,93
110,41.591587495803836,0.09632853782014622,1.1354294300079346,0.020838679007128286,ExtraTreesRegressor(),False,squared_error,40,1.0,,0.01,5,12,460,"OrderedDict([('model', ExtraTreesRegressor()), ('model__bootstrap', False), ('model__criterion', 'squared_error'), ('model__max_depth', 40), ('model__max_features', 1.0), ('model__min_impurity_decrease', 0.01), ('model__min_samples_leaf', 5), ('model__min_samples_split', 12), ('model__n_estimators', 460)])",-1402.9823757866461,-1392.3101121296074,-1411.957479264991,-1411.9926028805305,-1419.3461285331423,-1407.7177397189835,9.287496243722192,44
111,39.62095723152161,0.1635023647418555,0.631689453125,0.013677508343160404,ExtraTreesRegressor(),False,squared_error,40,1.0,,0.001,5,182,510,"OrderedDict([('model', ExtraTreesRegressor()), ('model__bootstrap', False), ('model__criterion', 'squared_error'), ('model__max_depth', 40), ('model__max_features', 1.0), ('model__min_impurity_decrease', 0.001), ('model__min_samples_leaf', 5), ('model__min_samples_split', 182), ('model__n_estimators', 510)])",-1724.8101169739316,-1704.8898433630736,-1736.2792198739517,-1722.4766507726652,-1724.1149856230854,-1722.5141633213414,10.078976915301137,103
112,35.52019424438477,0.09477820119703753,0.5811125755310058,0.015204897784636977,ExtraTreesRegressor(),False,squared_error,20,1.0,,0.0001,5,82,360,"OrderedDict([('model', ExtraTreesRegressor()), ('model__bootstrap', False), ('model__criterion', 'squared_error'), ('model__max_depth', 20), ('model__max_features', 1.0), ('model__min_impurity_decrease', 0.0001), ('model__min_samples_leaf', 5), ('model__min_samples_split', 82), ('model__n_estimators', 360)])",-1585.8854518333285,-1567.0292710839196,-1591.8726544343942,-1585.8728864641314,-1591.1259754932844,-1584.3572478618116,9.024282316803331,66
113,39.29275550842285,0.2283775312490836,0.9942970275878906,0.03756863779229036,ExtraTreesRegressor(),False,squared_error,20,1.0,,0.01,5,12,410,"OrderedDict([('model', ExtraTreesRegressor()), ('model__bootstrap', False), ('model__criterion', 'squared_error'), ('model__max_depth', 20), ('model__max_features', 1.0), ('model__min_impurity_decrease', 0.01), ('model__min_samples_leaf', 5), ('model__min_samples_split', 12), ('model__n_estimators', 410)])",-1407.8296714960734,-1401.5137489825324,-1416.3218919015908,-1419.650232675765,-1423.1988386816417,-1413.7028767475208,7.943210327891151,48
114,42.8209508895874,0.10869590551210505,0.9230095863342285,0.01237115376700628,ExtraTreesRegressor(),False,squared_error,40,1.0,,0.01,5,72,540,"OrderedDict([('model', ExtraTreesRegressor()), ('model__bootstrap', False), ('model__criterion', 'squared_error'), ('model__max_depth', 40), ('model__max_features', 1.0), ('model__min_impurity_decrease', 0.01), ('model__min_samples_leaf', 5), ('model__min_samples_split', 72), ('model__n_estimators', 540)])",-1562.9139247757014,-1544.941783540072,-1570.5437053007329,-1563.2815936268867,-1570.3056568399074,-1562.39733281666,9.323625458864935,62
115,63.111441469192506,0.2228584779895422,1.6575482845306397,0.02983258113458572,ExtraTreesRegressor(),False,squared_error,20,1.0,,0.01,5,2,510,"OrderedDict([('model', ExtraTreesRegressor()), ('model__bootstrap', False), ('model__criterion', 'squared_error'), ('model__max_depth', 20), ('model__max_features', 1.0), ('model__min_impurity_decrease', 0.01), ('model__min_samples_leaf', 5), ('model__min_samples_split', 2), ('model__n_estimators', 510)])",-1406.5250245189493,-1396.1850060896115,-1412.8272662706847,-1415.3500629267528,-1421.9504917225013,-1410.5675703057,8.726393199639245,47
116,35.49172930717468,0.08026882155526324,0.629713487625122,0.007019715467078626,ExtraTreesRegressor(),False,squared_error,60,1.0,,0.001,5,52,360,"OrderedDict([('model', ExtraTreesRegressor()), ('model__bootstrap', False), ('model__criterion', 'squared_error'), ('model__max_depth', 60), ('model__max_features', 1.0), ('model__min_impurity_decrease', 0.001), ('model__min_samples_leaf', 5), ('model__min_samples_split', 52), ('model__n_estimators', 360)])",-1517.156825250042,-1504.4493483671172,-1524.3840560190922,-1520.1374829976346,-1529.297029350321,-1519.0849483968416,8.383238218943475,57
117,40.420109796524045,0.1396848070352631,1.0884867191314698,0.01590683999435262,ExtraTreesRegressor(),False,squared_error,60,1.0,,0.01,5,12,460,"OrderedDict([('model', ExtraTreesRegressor()), ('model__bootstrap', False), ('model__criterion', 'squared_error'), ('model__max_depth', 60), ('model__max_features', 1.0), ('model__min_impurity_decrease', 0.01), ('model__min_samples_leaf', 5), ('model__min_samples_split', 12), ('model__n_estimators', 460)])",-1402.8820503506536,-1392.4397941030593,-1411.9794711466536,-1412.399774661783,-1421.477832788693,-1408.2357846101684,9.847655849164873,45
118,39.00885443687439,0.15118454303773315,0.9499517917633057,0.027186397894708017,ExtraTreesRegressor(),False,squared_error,20,1.0,,0.01,5,52,520,"OrderedDict([('model', ExtraTreesRegressor()), ('model__bootstrap', False), ('model__criterion', 'squared_error'), ('model__max_depth', 20), ('model__max_features', 1.0), ('model__min_impurity_decrease', 0.01), ('model__min_samples_leaf', 5), ('model__min_samples_split', 52), ('model__n_estimators', 520)])",-1519.5311786897935,-1508.812136575354,-1527.0512346813057,-1525.0027572178283,-1531.5834377475533,-1522.3961489823669,7.817978665406619,58
119,38.56735768318176,0.227234265984085,0.6870836734771728,0.04683849919452508,ExtraTreesRegressor(),False,squared_error,40,1.0,,0.0,5,132,480,"OrderedDict([('model', ExtraTreesRegressor()), ('model__bootstrap', False), ('model__criterion', 'squared_error'), ('model__max_depth', 40), ('model__max_features', 1.0), ('model__min_impurity_decrease', 0.0), ('model__min_samples_leaf', 5), ('model__min_samples_split', 132), ('model__n_estimators', 480)])",-1661.1856393675578,-1644.8297930785418,-1673.5469530723417,-1658.6954693568211,-1663.732683867049,-1660.3981077484623,9.272573930116504,87
120,37.28268938064575,0.2124686197879599,0.7100888729095459,0.02268140862272745,ExtraTreesRegressor(),False,squared_error,40,1.0,,0.0,5,112,520,"OrderedDict([('model', ExtraTreesRegressor()), ('model__bootstrap', False), ('model__criterion', 'squared_error'), ('model__max_depth', 40), ('model__max_features', 1.0), ('model__min_impurity_decrease', 0.0), ('model__min_samples_leaf', 5), ('model__min_samples_split', 112), ('model__n_estimators', 520)])",-1632.0527734529564,-1616.4215089031352,-1644.269513358987,-1630.0827647073693,-1636.457431382064,-1631.8567983609023,9.12880145588359,79
121,32.74850869178772,0.0942628416800167,0.5887007236480712,0.00794576667975451,ExtraTreesRegressor(),False,squared_error,60,1.0,,0.01,5,82,380,"OrderedDict([('model', ExtraTreesRegressor()), ('model__bootstrap', False), ('model__criterion', 'squared_error'), ('model__max_depth', 60), ('model__max_features', 1.0), ('model__min_impurity_decrease', 0.01), ('model__min_samples_leaf', 5), ('model__min_samples_split', 82), ('model__n_estimators', 380)])",-1581.0584142327891,-1566.0515834008274,-1590.74960269209,-1581.9192308083673,-1587.9818824434406,-1581.552142715503,8.562484260309981,63
122,34.367247343063354,0.212129882516314,0.6077815532684326,0.022955071651666607,ExtraTreesRegressor(),False,squared_error,40,1.0,,0.01,5,142,460,"OrderedDict([('model', ExtraTreesRegressor()), ('model__bootstrap', False), ('model__criterion', 'squared_error'), ('model__max_depth', 40), ('model__max_features', 1.0), ('model__min_impurity_decrease', 0.01), ('model__min_samples_leaf', 5), ('model__min_samples_split', 142), ('model__n_estimators', 460)])",-1673.9591414349684,-1657.4719187179167,-1686.6296237233933,-1674.9476847235514,-1674.8528706179395,-1673.5722478435534,9.310179061365723,90
123,36.54562253952027,0.1897119370525016,0.8910688877105712,0.01856327866723849,ExtraTreesRegressor(),False,squared_error,40,1.0,,0.001,5,12,370,"OrderedDict([('model', ExtraTreesRegressor()), ('model__bootstrap', False), ('model__criterion', 'squared_error'), ('model__max_depth', 40), ('model__max_features', 1.0), ('model__min_impurity_decrease', 0.001), ('model__min_samples_leaf', 5), ('model__min_samples_split', 12), ('model__n_estimators', 370)])",-1403.4880638663772,-1394.430131641603,-1411.9012672539804,-1412.2322848536116,-1420.5241127437987,-1408.515172071874,8.867439370059298,46
124,34.672383832931516,0.13791844910345194,0.655537462234497,0.015268681965956212,ExtraTreesRegressor(),False,squared_error,40,1.0,,0.01,5,82,430,"OrderedDict([('model', ExtraTreesRegressor()), ('model__bootstrap', False), ('model__criterion', 'squared_error'), ('model__max_depth', 40), ('model__max_features', 1.0), ('model__min_impurity_decrease', 0.01), ('model__min_samples_leaf', 5), ('model__min_samples_split', 82), ('model__n_estimators', 430)])",-1585.234896665007,-1565.0386835279846,-1591.240568049935,-1581.6932753874405,-1588.0774377631296,-1582.2569722786993,9.167748543401244,65
125,36.058468437194826,0.0956396623142453,0.7087409973144532,0.015622924295827442,ExtraTreesRegressor(),False,squared_error,40,1.0,,0.001,5,82,460,"OrderedDict([('model', ExtraTreesRegressor()), ('model__bootstrap', False), ('model__criterion', 'squared_error'), ('model__max_depth', 40), ('model__max_features', 1.0), ('model__min_impurity_decrease', 0.001), ('model__min_samples_leaf', 5), ('model__min_samples_split', 82), ('model__n_estimators', 460)])",-1582.5810645888319,-1565.1953674595711,-1590.991219309598,-1581.7440452427898,-1589.8422970093127,-1582.0707987220208,9.220817843047724,64
126,34.69937105178833,0.12401808927611192,0.6748475551605224,0.009460977519141324,ExtraTreesRegressor(),False,squared_error,60,1.0,,0.0001,5,72,420,"OrderedDict([('model', ExtraTreesRegressor()), ('model__bootstrap', False), ('model__criterion', 'squared_error'), ('model__max_depth', 60), ('model__max_features', 1.0), ('model__min_impurity_decrease', 0.0001), ('model__min_samples_leaf', 5), ('model__min_samples_split', 72), ('model__n_estimators', 420)])",-1562.122296460616,-1545.0831369883367,-1570.4084726160158,-1563.0453236607502,-1569.1111960271471,-1561.9540851505733,9.039346126122139,61
127,35.96995573043823,0.2331647734531812,0.8834079742431641,0.03303513836459342,ExtraTreesRegressor(),False,squared_error,40,1.0,,0.01,5,2,360,"OrderedDict([('model', ExtraTreesRegressor()), ('model__bootstrap', False), ('model__criterion', 'squared_error'), ('model__max_depth', 40), ('model__max_features', 1.0), ('model__min_impurity_decrease', 0.01), ('model__min_samples_leaf', 5), ('model__min_samples_split', 2), ('model__n_estimators', 360)])",-1400.9140531219361,-1390.2802086005681,-1407.7598478288724,-1410.1716718219807,-1420.7573615466113,-1405.9766285839935,10.111929550399411,40
128,32.57464418411255,0.20597279106012112,0.5943447113037109,0.02148905462790462,ExtraTreesRegressor(),False,squared_error,40,1.0,,0.01,5,62,360,"OrderedDict([('model', ExtraTreesRegressor()), ('model__bootstrap', False), ('model__criterion', 'squared_error'), ('model__max_depth', 40), ('model__max_features', 1.0), ('model__min_impurity_decrease', 0.01), ('model__min_samples_leaf', 5), ('model__min_samples_split', 62), ('model__n_estimators', 360)])",-1539.216989667299,-1524.641921490365,-1547.4629632034573,-1542.4082045535358,-1549.2696276028237,-1540.5999413034963,8.74191395169145,60
129,31.556408500671388,0.159636719497019,0.5074197769165039,0.010454939330955483,ExtraTreesRegressor(),False,squared_error,40,1.0,,0.001,5,112,360,"OrderedDict([('model', ExtraTreesRegressor()), ('model__bootstrap', False), ('model__criterion', 'squared_error'), ('model__max_depth', 40), ('model__max_features', 1.0), ('model__min_impurity_decrease', 0.001), ('model__min_samples_leaf', 5), ('model__min_samples_split', 112), ('model__n_estimators', 360)])",-1637.1749286777576,-1618.0840015233991,-1643.9881278607331,-1631.4982598263823,-1638.5113020431395,-1633.8513239862823,8.827931864415522,80
130,35.34100232124329,0.12432318703132283,0.8222106456756592,0.004588931032481053,ExtraTreesRegressor(),False,squared_error,40,1.0,,0.0,5,12,360,"OrderedDict([('model', ExtraTreesRegressor()), ('model__bootstrap', False), ('model__criterion', 'squared_error'), ('model__max_depth', 40), ('model__max_features', 1.0), ('model__min_impurity_decrease', 0.0), ('model__min_samples_leaf', 5), ('model__min_samples_split', 12), ('model__n_estimators', 360)])",-1402.6940882196661,-1391.837266297817,-1411.1740556270988,-1412.0159159022146,-1420.7804554604866,-1407.7003563014564,9.782433033280045,43
131,29.893950366973876,0.15633198779679988,0.46140398979187014,0.01608341769132412,ExtraTreesRegressor(),False,squared_error,40,1.0,,0.0,5,152,360,"OrderedDict([('model', ExtraTreesRegressor()), ('model__bootstrap', False), ('model__criterion', 'squared_error'), ('model__max_depth', 40), ('model__max_features', 1.0), ('model__min_impurity_decrease', 0.0), ('model__min_samples_leaf', 5), ('model__min_samples_split', 152), ('model__n_estimators', 360)])",-1688.1118634989045,-1673.8385353372614,-1700.2655277223323,-1689.2115894183842,-1688.218250360074,-1687.9291532673913,8.396347431883575,95
132,42.28026347160339,0.1273201432897652,1.2406224250793456,0.010909149491680339,ExtraTreesRegressor(),False,squared_error,40,1.0,,0.0001,5,2,520,"OrderedDict([('model', ExtraTreesRegressor()), ('model__bootstrap', False), ('model__criterion', 'squared_error'), ('model__max_depth', 40), ('model__max_features', 1.0), ('model__min_impurity_decrease', 0.0001), ('model__min_samples_leaf', 5), ('model__min_samples_split', 2), ('model__n_estimators', 520)])",-1401.7824727099764,-1390.233734483078,-1409.0863122588946,-1409.5261138910657,-1416.9023239739054,-1405.5061914633839,9.01069254832462,37
133,43.145475721359254,0.12122747372846758,1.2810147285461426,0.012631785842952584,ExtraTreesRegressor(),False,squared_error,40,1.0,,0.0001,5,2,540,"OrderedDict([('model', ExtraTreesRegressor()), ('model__bootstrap', False), ('model__criterion', 'squared_error'), ('model__max_depth', 40), ('model__max_features', 1.0), ('model__min_impurity_decrease', 0.0001), ('model__min_samples_leaf', 5), ('model__min_samples_split', 2), ('model__n_estimators', 540)])",-1400.358623771293,-1391.2151503342657,-1408.1830080487587,-1409.807040866734,-1417.059419487862,-1405.3246485017828,8.828434185877958,34
134,41.0127598285675,0.10637483078316291,1.169660997390747,0.007536754358080359,ExtraTreesRegressor(),False,squared_error,40,1.0,,0.0001,5,2,490,"OrderedDict([('model', ExtraTreesRegressor()), ('model__bootstrap', False), ('model__criterion', 'squared_error'), ('model__max_depth', 40), ('model__max_features', 1.0), ('model__min_impurity_decrease', 0.0001), ('model__min_samples_leaf', 5), ('model__min_samples_split', 2), ('model__n_estimators', 490)])",-1401.5913579184353,-1388.9820997546053,-1408.4720740092368,-1411.1902300053985,-1416.4450159808807,-1405.3361555337112,9.476176472031048,35
135,39.686892127990724,0.15659668898976192,1.0848362445831299,0.013109909754703698,ExtraTreesRegressor(),False,squared_error,40,1.0,,0.0001,5,2,460,"OrderedDict([('model', ExtraTreesRegressor()), ('model__bootstrap', False), ('model__criterion', 'squared_error'), ('model__max_depth', 40), ('model__max_features', 1.0), ('model__min_impurity_decrease', 0.0001), ('model__min_samples_leaf', 5), ('model__min_samples_split', 2), ('model__n_estimators', 460)])",-1401.2819350110133,-1390.4444146807691,-1407.6276642398395,-1410.8466550514227,-1417.875161056765,-1405.615166007962,9.280675536255677,39
136,37.657219648361206,0.03728281071127332,1.013252353668213,0.006818280143317118,ExtraTreesRegressor(),False,squared_error,40,1.0,,0.0001,5,2,420,"OrderedDict([('model', ExtraTreesRegressor()), ('model__bootstrap', False), ('model__criterion', 'squared_error'), ('model__max_depth', 40), ('model__max_features', 1.0), ('model__min_impurity_decrease', 0.0001), ('model__min_samples_leaf', 5), ('model__min_samples_split', 2), ('model__n_estimators', 420)])",-1401.217153254463,-1391.376368617115,-1409.5983508621055,-1410.4421005296817,-1419.203992899313,-1406.3675932325357,9.413569019436625,42
137,36.18547425270081,0.15370911123844896,0.927771806716919,0.018062990744609597,ExtraTreesRegressor(),False,squared_error,40,1.0,,0.0,5,2,390,"OrderedDict([('model', ExtraTreesRegressor()), ('model__bootstrap', False), ('model__criterion', 'squared_error'), ('model__max_depth', 40), ('model__max_features', 1.0), ('model__min_impurity_decrease', 0.0), ('model__min_samples_leaf', 5), ('model__min_samples_split', 2), ('model__n_estimators', 390)])",-1400.5260937712646,-1392.7595646215352,-1408.5847492451805,-1411.3902081395843,-1417.96325497023,-1406.244774149559,8.76159743907542,41
138,42.26743712425232,0.05598784042423025,1.238596296310425,0.0024963966165399342,ExtraTreesRegressor(),False,squared_error,60,1.0,,0.0001,5,2,520,"OrderedDict([('model', ExtraTreesRegressor()), ('model__bootstrap', False), ('model__criterion', 'squared_error'), ('model__max_depth', 60), ('model__max_features', 1.0), ('model__min_impurity_decrease', 0.0001), ('model__min_samples_leaf', 5), ('model__min_samples_split', 2), ('model__n_estimators', 520)])",-1399.9802144085504,-1391.7066753295735,-1408.3049081637591,-1410.909693785031,-1416.4673248552199,-1405.4737633084267,8.696377495880661,36
139,39.97014021873474,0.1761233649583977,1.1177155017852782,0.012364232110313208,ExtraTreesRegressor(),False,squared_error,60,1.0,,0.0001,5,2,470,"OrderedDict([('model', ExtraTreesRegressor()), ('model__bootstrap', False), ('model__criterion', 'squared_error'), ('model__max_depth', 60), ('model__max_features', 1.0), ('model__min_impurity_decrease', 0.0001), ('model__min_samples_leaf', 5), ('model__min_samples_split', 2), ('model__n_estimators', 470)])",-1400.727519577022,-1390.2991552374867,-1406.9424406716414,-1412.086767236285,-1417.5804854083935,-1405.5272736261657,9.4365544246502,38
