,mean_fit_time,std_fit_time,mean_score_time,std_score_time,param_model,param_model__criterion,param_model__max_depth,param_model__max_features,param_model__max_samples,param_model__min_impurity_decrease,param_model__min_samples_leaf,param_model__min_samples_split,param_model__n_estimators,params,split0_test_score,split1_test_score,split2_test_score,split3_test_score,split4_test_score,mean_test_score,std_test_score,rank_test_score
0,38.275592947006224,0.1173411159226193,1.1175479888916016,0.027129606339020146,RandomForestRegressor(),poisson,45,log2,0.9,0.1,40,75,450,"OrderedDict([('model', RandomForestRegressor()), ('model__criterion', 'poisson'), ('model__max_depth', 45), ('model__max_features', 'log2'), ('model__max_samples', 0.9), ('model__min_impurity_decrease', 0.1), ('model__min_samples_leaf', 40), ('model__min_samples_split', 75), ('model__n_estimators', 450)])",-1775.220989989393,-1767.8035891731859,-1805.0051591186764,-1784.961738419761,-1776.9869833660653,-1781.9956920134161,12.732890799882542,58
1,59.66599645614624,0.1444179133246718,1.297431516647339,0.029928354333660666,RandomForestRegressor(),poisson,25,0.7,0.9,0.05,30,45,550,"OrderedDict([('model', RandomForestRegressor()), ('model__criterion', 'poisson'), ('model__max_depth', 25), ('model__max_features', 0.7), ('model__max_samples', 0.9), ('model__min_impurity_decrease', 0.05), ('model__min_samples_leaf', 30), ('model__min_samples_split', 45), ('model__n_estimators', 550)])",-1666.5254966822943,-1642.0370129724988,-1677.6224219759106,-1666.5596636327377,-1659.2129447302934,-1662.3915079987469,11.754597880231778,45
2,44.527263450622556,0.11508170285805627,1.2607733726501464,0.033234867013471815,RandomForestRegressor(),poisson,20,0.5,0.7,0.1,30,80,550,"OrderedDict([('model', RandomForestRegressor()), ('model__criterion', 'poisson'), ('model__max_depth', 20), ('model__max_features', 0.5), ('model__max_samples', 0.7), ('model__min_impurity_decrease', 0.1), ('model__min_samples_leaf', 30), ('model__min_samples_split', 80), ('model__n_estimators', 550)])",-1731.7356205232672,-1712.7774144917462,-1754.6420644752527,-1735.8808674222425,-1722.4354660855668,-1731.4942865996152,14.053494117578522,54
3,56.27411098480225,0.21444282556586405,1.393308448791504,0.03513175844671648,RandomForestRegressor(),squared_error,35,0.7,0.8,0.05,80,85,650,"OrderedDict([('model', RandomForestRegressor()), ('model__criterion', 'squared_error'), ('model__max_depth', 35), ('model__max_features', 0.7), ('model__max_samples', 0.8), ('model__min_impurity_decrease', 0.05), ('model__min_samples_leaf', 80), ('model__min_samples_split', 85), ('model__n_estimators', 650)])",-1830.593461966022,-1812.4636902685259,-1860.6016830500243,-1843.8903267998865,-1829.2494759727522,-1835.3597276114422,16.088557587156778,64
4,48.05613217353821,0.27426902731116826,1.2946725368499756,0.14537956823119935,RandomForestRegressor(),squared_error,35,0.6,0.9,0.2,50,70,500,"OrderedDict([('model', RandomForestRegressor()), ('model__criterion', 'squared_error'), ('model__max_depth', 35), ('model__max_features', 0.6), ('model__max_samples', 0.9), ('model__min_impurity_decrease', 0.2), ('model__min_samples_leaf', 50), ('model__min_samples_split', 70), ('model__n_estimators', 500)])",-1729.2233113403702,-1709.6406331382352,-1749.998976113615,-1736.6556277573857,-1722.17974206963,-1729.5396580838471,13.560681040585173,52
5,43.64781827926636,0.19541172560444275,1.2766483783721925,0.027408312350476156,RandomForestRegressor(),poisson,20,sqrt,0.9,0.1,50,60,600,"OrderedDict([('model', RandomForestRegressor()), ('model__criterion', 'poisson'), ('model__max_depth', 20), ('model__max_features', 'sqrt'), ('model__max_samples', 0.9), ('model__min_impurity_decrease', 0.1), ('model__min_samples_leaf', 50), ('model__min_samples_split', 60), ('model__n_estimators', 600)])",-1803.5809347099225,-1797.2716896169807,-1833.809272879837,-1813.1913744988128,-1803.3275943506155,-1810.2361732112338,12.841516568414987,61
6,57.60870494842529,0.2102874813185281,1.3100656032562257,0.046543536761162976,RandomForestRegressor(),poisson,30,0.7,0.8,0.1,70,50,600,"OrderedDict([('model', RandomForestRegressor()), ('model__criterion', 'poisson'), ('model__max_depth', 30), ('model__max_features', 0.7), ('model__max_samples', 0.8), ('model__min_impurity_decrease', 0.1), ('model__min_samples_leaf', 70), ('model__min_samples_split', 50), ('model__n_estimators', 600)])",-1825.609592538915,-1798.3927052176618,-1844.0078846499653,-1826.8135239440317,-1814.4265495548416,-1821.850051181083,15.06715137752947,63
7,51.205254554748535,0.17030825161072352,1.2358569145202636,0.03026688404356346,RandomForestRegressor(),poisson,30,0.7,0.7,0.05,60,20,500,"OrderedDict([('model', RandomForestRegressor()), ('model__criterion', 'poisson'), ('model__max_depth', 30), ('model__max_features', 0.7), ('model__max_samples', 0.7), ('model__min_impurity_decrease', 0.05), ('model__min_samples_leaf', 60), ('model__min_samples_split', 20), ('model__n_estimators', 500)])",-1797.978224613651,-1773.0827860327868,-1817.2691239751678,-1800.6609383314235,-1787.6930803010785,-1795.3368306508214,14.628861858650236,60
8,51.49385595321655,0.13726856657798703,1.318970537185669,0.02592501079437279,RandomForestRegressor(),poisson,45,0.5,0.8,0.05,20,45,550,"OrderedDict([('model', RandomForestRegressor()), ('model__criterion', 'poisson'), ('model__max_depth', 45), ('model__max_features', 0.5), ('model__max_samples', 0.8), ('model__min_impurity_decrease', 0.05), ('model__min_samples_leaf', 20), ('model__min_samples_split', 45), ('model__n_estimators', 550)])",-1633.8092133834655,-1614.8370576197697,-1650.4137879833931,-1630.3884175932296,-1627.5068834942751,-1631.3910720148265,11.470298683500472,38
9,40.563147974014285,0.18352017415388505,1.379221248626709,0.054430078706586046,RandomForestRegressor(),poisson,40,log2,0.8,0.05,40,30,650,"OrderedDict([('model', RandomForestRegressor()), ('model__criterion', 'poisson'), ('model__max_depth', 40), ('model__max_features', 'log2'), ('model__max_samples', 0.8), ('model__min_impurity_decrease', 0.05), ('model__min_samples_leaf', 40), ('model__min_samples_split', 30), ('model__n_estimators', 650)])",-1759.6557462252217,-1749.9322955742286,-1785.0166336803559,-1768.5691654542227,-1760.3751099422816,-1764.7097901752618,11.747083300453149,56
10,46.11823849678039,0.34807215864634905,1.339839553833008,0.09164417798504995,RandomForestRegressor(),squared_error,30,0.5,0.8,0.2,70,35,650,"OrderedDict([('model', RandomForestRegressor()), ('model__criterion', 'squared_error'), ('model__max_depth', 30), ('model__max_features', 0.5), ('model__max_samples', 0.8), ('model__min_impurity_decrease', 0.2), ('model__min_samples_leaf', 70), ('model__min_samples_split', 35), ('model__n_estimators', 650)])",-1806.1376062249967,-1791.5944996778926,-1837.2215714139413,-1819.820905623513,-1804.9367435347544,-1811.9422652950193,15.478496431773978,62
11,32.078054141998294,0.2568066583004932,1.1516384124755858,0.10836827653706547,RandomForestRegressor(),squared_error,45,log2,0.8,0.1,50,35,450,"OrderedDict([('model', RandomForestRegressor()), ('model__criterion', 'squared_error'), ('model__max_depth', 45), ('model__max_features', 'log2'), ('model__max_samples', 0.8), ('model__min_impurity_decrease', 0.1), ('model__min_samples_leaf', 50), ('model__min_samples_split', 35), ('model__n_estimators', 450)])",-1776.6843214179412,-1774.0907639107106,-1811.3686091589118,-1796.4114407701895,-1782.412235349467,-1788.193474121444,13.924019626701488,59
12,35.96927289962768,0.15610727248400652,1.2258679866790771,0.10413932840979888,RandomForestRegressor(),squared_error,45,log2,0.9,0.05,20,65,500,"OrderedDict([('model', RandomForestRegressor()), ('model__criterion', 'squared_error'), ('model__max_depth', 45), ('model__max_features', 'log2'), ('model__max_samples', 0.9), ('model__min_impurity_decrease', 0.05), ('model__min_samples_leaf', 20), ('model__min_samples_split', 65), ('model__n_estimators', 500)])",-1633.8981385862448,-1620.7678243059802,-1656.6583002446278,-1637.0539120584976,-1637.521203764853,-1637.1798757920405,11.486223259812945,39
13,40.90406374931335,0.15121616190523465,1.2466800689697266,0.13961422564302375,RandomForestRegressor(),poisson,25,0.5,0.7,0.05,90,35,550,"OrderedDict([('model', RandomForestRegressor()), ('model__criterion', 'poisson'), ('model__max_depth', 25), ('model__max_features', 0.5), ('model__max_samples', 0.7), ('model__min_impurity_decrease', 0.05), ('model__min_samples_leaf', 90), ('model__min_samples_split', 35), ('model__n_estimators', 550)])",-1870.4755022889142,-1859.5654826523953,-1897.8782150294792,-1884.808102132824,-1867.8154424470492,-1876.1085489101322,13.59250131120102,70
14,48.13016443252563,0.23157736640893714,1.2257980346679687,0.13992132493782838,RandomForestRegressor(),poisson,30,0.6,0.7,0.05,40,20,500,"OrderedDict([('model', RandomForestRegressor()), ('model__criterion', 'poisson'), ('model__max_depth', 30), ('model__max_features', 0.6), ('model__max_samples', 0.7), ('model__min_impurity_decrease', 0.05), ('model__min_samples_leaf', 40), ('model__min_samples_split', 20), ('model__n_estimators', 500)])",-1735.2683219848002,-1710.0357511080656,-1748.5043790482462,-1732.7846751829056,-1721.477448105217,-1729.6141150858468,13.02599144137988,53
15,50.06778931617737,0.20077555017882634,1.304811429977417,0.034882686975723845,RandomForestRegressor(),squared_error,25,0.7,0.7,0.1,40,40,550,"OrderedDict([('model', RandomForestRegressor()), ('model__criterion', 'squared_error'), ('model__max_depth', 25), ('model__max_features', 0.7), ('model__max_samples', 0.7), ('model__min_impurity_decrease', 0.1), ('model__min_samples_leaf', 40), ('model__min_samples_split', 40), ('model__n_estimators', 550)])",-1717.8278204455196,-1693.5107896714603,-1732.8445180185304,-1722.1755917620571,-1708.5115142986242,-1714.974046839238,13.280028225345482,51
16,47.134164571762085,0.22952557887067093,1.021024799346924,0.07711128011461314,RandomForestRegressor(),poisson,30,0.7,0.9,0.2,70,20,450,"OrderedDict([('model', RandomForestRegressor()), ('model__criterion', 'poisson'), ('model__max_depth', 30), ('model__max_features', 0.7), ('model__max_samples', 0.9), ('model__min_impurity_decrease', 0.2), ('model__min_samples_leaf', 70), ('model__min_samples_split', 20), ('model__n_estimators', 450)])",-1846.9820642512705,-1825.7632561825562,-1869.7272258331936,-1854.3738049221554,-1833.998543855318,-1846.168979008899,15.41093303603412,67
17,48.90834193229675,0.1699317810815829,1.0979791641235352,0.09932782242135865,RandomForestRegressor(),poisson,40,0.6,0.9,0.2,70,50,550,"OrderedDict([('model', RandomForestRegressor()), ('model__criterion', 'poisson'), ('model__max_depth', 40), ('model__max_features', 0.6), ('model__max_samples', 0.9), ('model__min_impurity_decrease', 0.2), ('model__min_samples_leaf', 70), ('model__min_samples_split', 50), ('model__n_estimators', 550)])",-1844.4679237997711,-1823.1309397938182,-1868.8453681095841,-1850.8959372330705,-1830.4454160125333,-1843.5571169897553,16.020792200539216,66
18,33.73907842636108,0.15809390221655745,1.0051671504974364,0.08701186574809067,RandomForestRegressor(),poisson,45,sqrt,0.9,0.2,50,50,450,"OrderedDict([('model', RandomForestRegressor()), ('model__criterion', 'poisson'), ('model__max_depth', 45), ('model__max_features', 'sqrt'), ('model__max_samples', 0.9), ('model__min_impurity_decrease', 0.2), ('model__min_samples_leaf', 50), ('model__min_samples_split', 50), ('model__n_estimators', 450)])",-1841.0602914149822,-1835.295110434158,-1874.847526522526,-1856.942482644209,-1841.6459948943418,-1849.9582811820433,14.363359671664103,69
19,39.78300790786743,0.09313211817493247,1.1646268367767334,0.02824428422640999,RandomForestRegressor(),poisson,40,0.5,0.7,0.1,70,60,500,"OrderedDict([('model', RandomForestRegressor()), ('model__criterion', 'poisson'), ('model__max_depth', 40), ('model__max_features', 0.5), ('model__max_samples', 0.7), ('model__min_impurity_decrease', 0.1), ('model__min_samples_leaf', 70), ('model__min_samples_split', 60), ('model__n_estimators', 500)])",-1837.3857147304884,-1824.6504438183138,-1865.1129102930265,-1850.1723713743875,-1829.434358606005,-1841.3511597644442,14.690700321839115,65
20,39.69487223625183,0.14353432704542368,1.269462490081787,0.01551632439754434,RandomForestRegressor(),poisson,45,sqrt,0.9,0.05,20,45,550,"OrderedDict([('model', RandomForestRegressor()), ('model__criterion', 'poisson'), ('model__max_depth', 45), ('model__max_features', 'sqrt'), ('model__max_samples', 0.9), ('model__min_impurity_decrease', 0.05), ('model__min_samples_leaf', 20), ('model__min_samples_split', 45), ('model__n_estimators', 550)])",-1662.952858261394,-1651.9729648571774,-1691.60580468543,-1672.1828627115945,-1666.674571654325,-1669.0778124339843,13.061532931435183,48
21,43.14042220115662,0.09395495029599348,1.2373858451843263,0.0359721863507617,RandomForestRegressor(),poisson,25,0.5,0.8,0.05,50,20,500,"OrderedDict([('model', RandomForestRegressor()), ('model__criterion', 'poisson'), ('model__max_depth', 25), ('model__max_features', 0.5), ('model__max_samples', 0.8), ('model__min_impurity_decrease', 0.05), ('model__min_samples_leaf', 50), ('model__min_samples_split', 20), ('model__n_estimators', 500)])",-1758.9884058560583,-1738.1923690381602,-1780.7152744510377,-1764.7367216400569,-1749.9978506123111,-1758.5261243195248,14.264197580818983,55
22,50.65092754364014,0.32158297010759906,1.4572694778442383,0.06502564930146988,RandomForestRegressor(),squared_error,45,0.5,0.8,0.05,20,65,650,"OrderedDict([('model', RandomForestRegressor()), ('model__criterion', 'squared_error'), ('model__max_depth', 45), ('model__max_features', 0.5), ('model__max_samples', 0.8), ('model__min_impurity_decrease', 0.05), ('model__min_samples_leaf', 20), ('model__min_samples_split', 65), ('model__n_estimators', 650)])",-1614.196158691173,-1594.9592941710798,-1631.2432848089031,-1611.9525355469366,-1610.89578447028,-1612.6494115376745,11.529316080888982,30
23,33.27449293136597,0.12824716763326094,1.2232640743255616,0.02612875480905226,RandomForestRegressor(),squared_error,45,log2,0.8,0.05,70,65,500,"OrderedDict([('model', RandomForestRegressor()), ('model__criterion', 'squared_error'), ('model__max_depth', 45), ('model__max_features', 'log2'), ('model__max_samples', 0.8), ('model__min_impurity_decrease', 0.05), ('model__min_samples_leaf', 70), ('model__min_samples_split', 65), ('model__n_estimators', 500)])",-1834.9122067581498,-1840.7570817754686,-1873.7541487423448,-1860.0677999063194,-1839.639871441458,-1849.826221724748,14.736855084760071,68
24,42.328960275650026,0.14529432191132055,1.394607162475586,0.02685436292755451,RandomForestRegressor(),squared_error,20,0.5,0.7,0.1,20,35,500,"OrderedDict([('model', RandomForestRegressor()), ('model__criterion', 'squared_error'), ('model__max_depth', 20), ('model__max_features', 0.5), ('model__max_samples', 0.7), ('model__min_impurity_decrease', 0.1), ('model__min_samples_leaf', 20), ('model__min_samples_split', 35), ('model__n_estimators', 500)])",-1601.5403994075675,-1581.6243602928337,-1617.388178224686,-1596.513274909601,-1598.058291450003,-1599.0249008569383,11.432927002399854,28
25,50.43032383918762,0.19245604446140535,1.3527265548706056,0.041102564887376104,RandomForestRegressor(),poisson,25,0.5,0.8,0.05,20,35,600,"OrderedDict([('model', RandomForestRegressor()), ('model__criterion', 'poisson'), ('model__max_depth', 25), ('model__max_features', 0.5), ('model__max_samples', 0.8), ('model__min_impurity_decrease', 0.05), ('model__min_samples_leaf', 20), ('model__min_samples_split', 35), ('model__n_estimators', 600)])",-1631.3067440972472,-1612.61842830976,-1649.5743600621827,-1626.9626755381742,-1625.6548214541522,-1629.2234058923034,11.933755576881655,37
26,59.41797757148743,0.26548029455892186,1.4920204162597657,0.05176939879802415,RandomForestRegressor(),squared_error,30,0.7,0.8,0.1,20,30,600,"OrderedDict([('model', RandomForestRegressor()), ('model__criterion', 'squared_error'), ('model__max_depth', 30), ('model__max_features', 0.7), ('model__max_samples', 0.8), ('model__min_impurity_decrease', 0.1), ('model__min_samples_leaf', 20), ('model__min_samples_split', 30), ('model__n_estimators', 600)])",-1574.8588618575388,-1555.7787589241664,-1589.0627243223914,-1573.546442858544,-1574.5468977720195,-1573.558737146932,10.575142370412433,10
27,48.732260370254515,0.14293763850608257,1.3573411464691163,0.030487766760734347,RandomForestRegressor(),poisson,40,0.5,0.7,0.1,20,30,650,"OrderedDict([('model', RandomForestRegressor()), ('model__criterion', 'poisson'), ('model__max_depth', 40), ('model__max_features', 0.5), ('model__max_samples', 0.7), ('model__min_impurity_decrease', 0.1), ('model__min_samples_leaf', 20), ('model__min_samples_split', 30), ('model__n_estimators', 650)])",-1682.5199499034395,-1665.8567782809698,-1705.8900027324555,-1685.1023473244127,-1676.0815922014378,-1683.090134088543,13.193303862679281,50
28,36.4972327709198,0.12164637751047615,1.176910400390625,0.03532868576770188,RandomForestRegressor(),poisson,20,sqrt,0.8,0.2,20,30,550,"OrderedDict([('model', RandomForestRegressor()), ('model__criterion', 'poisson'), ('model__max_depth', 20), ('model__max_features', 'sqrt'), ('model__max_samples', 0.8), ('model__min_impurity_decrease', 0.2), ('model__min_samples_leaf', 20), ('model__min_samples_split', 30), ('model__n_estimators', 550)])",-1771.9875266844083,-1762.580361161946,-1810.851566032807,-1780.3058979280422,-1771.1085331776908,-1779.366776996979,16.71292656296195,57
29,51.016273975372314,0.18157088924491482,1.1185304164886474,0.03092307699546775,RandomForestRegressor(),poisson,45,0.7,0.9,0.1,20,30,450,"OrderedDict([('model', RandomForestRegressor()), ('model__criterion', 'poisson'), ('model__max_depth', 45), ('model__max_features', 0.7), ('model__max_samples', 0.9), ('model__min_impurity_decrease', 0.1), ('model__min_samples_leaf', 20), ('model__min_samples_split', 30), ('model__n_estimators', 450)])",-1666.1725232460515,-1647.3669722961831,-1685.4505540727946,-1671.797245348226,-1660.1075869760643,-1666.1789763878637,12.599301262811776,46
30,34.410910272598265,0.13293234276972443,1.3157823085784912,0.01639900097610942,RandomForestRegressor(),squared_error,30,sqrt,0.8,0.1,20,30,450,"OrderedDict([('model', RandomForestRegressor()), ('model__criterion', 'squared_error'), ('model__max_depth', 30), ('model__max_features', 'sqrt'), ('model__max_samples', 0.8), ('model__min_impurity_decrease', 0.1), ('model__min_samples_leaf', 20), ('model__min_samples_split', 30), ('model__n_estimators', 450)])",-1620.6185348173872,-1610.7301790559648,-1643.340793818299,-1624.082928445288,-1625.8055477067255,-1624.9155967687327,10.589278092709282,34
31,54.64112954139709,0.1837226091768604,1.4035784244537353,0.024878284876314098,RandomForestRegressor(),poisson,20,0.5,0.9,0.05,20,80,650,"OrderedDict([('model', RandomForestRegressor()), ('model__criterion', 'poisson'), ('model__max_depth', 20), ('model__max_features', 0.5), ('model__max_samples', 0.9), ('model__min_impurity_decrease', 0.05), ('model__min_samples_leaf', 20), ('model__min_samples_split', 80), ('model__n_estimators', 650)])",-1652.18620939103,-1632.797035951267,-1671.9213641481829,-1649.7691911100312,-1645.5970672551923,-1650.4541735711405,12.646544279098876,41
32,57.3902868270874,0.14718073006955465,1.4170584201812744,0.04231531735529818,RandomForestRegressor(),squared_error,30,0.7,0.8,0.1,20,75,600,"OrderedDict([('model', RandomForestRegressor()), ('model__criterion', 'squared_error'), ('model__max_depth', 30), ('model__max_features', 0.7), ('model__max_samples', 0.8), ('model__min_impurity_decrease', 0.1), ('model__min_samples_leaf', 20), ('model__min_samples_split', 75), ('model__n_estimators', 600)])",-1619.113893968163,-1602.4246441101923,-1638.1668801182914,-1620.1491075429087,-1619.9813956796727,-1619.9671842838457,11.311331014601075,33
33,58.657572889328,0.27361617636042057,1.457991933822632,0.041722009865029025,RandomForestRegressor(),squared_error,20,0.7,0.8,0.05,20,50,600,"OrderedDict([('model', RandomForestRegressor()), ('model__criterion', 'squared_error'), ('model__max_depth', 20), ('model__max_features', 0.7), ('model__max_samples', 0.8), ('model__min_impurity_decrease', 0.05), ('model__min_samples_leaf', 20), ('model__min_samples_split', 50), ('model__n_estimators', 600)])",-1583.4535819431787,-1564.382628866716,-1599.3727761239584,-1583.3919199502122,-1584.2680729667015,-1582.9737959701533,11.105298010762503,21
34,58.698063135147095,0.3928522720671501,1.4821980476379395,0.05997554740549197,RandomForestRegressor(),squared_error,20,0.7,0.7,0.1,20,20,650,"OrderedDict([('model', RandomForestRegressor()), ('model__criterion', 'squared_error'), ('model__max_depth', 20), ('model__max_features', 0.7), ('model__max_samples', 0.7), ('model__min_impurity_decrease', 0.1), ('model__min_samples_leaf', 20), ('model__min_samples_split', 20), ('model__n_estimators', 650)])",-1589.5614343062625,-1569.5707259204992,-1602.8340148169264,-1588.2111970391377,-1588.4439447325033,-1587.7242633630658,10.60175224601145,25
35,59.07633719444275,0.32921921671196885,1.5029349327087402,0.06780158179773348,RandomForestRegressor(),squared_error,30,0.7,0.8,0.05,20,45,600,"OrderedDict([('model', RandomForestRegressor()), ('model__criterion', 'squared_error'), ('model__max_depth', 30), ('model__max_features', 0.7), ('model__max_samples', 0.8), ('model__min_impurity_decrease', 0.05), ('model__min_samples_leaf', 20), ('model__min_samples_split', 45), ('model__n_estimators', 600)])",-1577.476420552906,-1560.1968485989714,-1592.7900275669515,-1578.1191774927117,-1577.464933356342,-1577.2094815135765,10.326152748023711,19
36,59.306005811691286,0.21701676068560374,1.509536123275757,0.04426533500521261,RandomForestRegressor(),squared_error,30,0.7,0.8,0.1,20,25,600,"OrderedDict([('model', RandomForestRegressor()), ('model__criterion', 'squared_error'), ('model__max_depth', 30), ('model__max_features', 0.7), ('model__max_samples', 0.8), ('model__min_impurity_decrease', 0.1), ('model__min_samples_leaf', 20), ('model__min_samples_split', 25), ('model__n_estimators', 600)])",-1574.3383912529555,-1556.0370528731019,-1587.9394468369535,-1573.0415353467642,-1573.7776222070788,-1573.0268097033709,10.132351808450874,3
37,59.21226582527161,0.41096445400708875,1.4573652267456054,0.08308588799090018,RandomForestRegressor(),squared_error,30,0.7,0.8,0.1,20,45,600,"OrderedDict([('model', RandomForestRegressor()), ('model__criterion', 'squared_error'), ('model__max_depth', 30), ('model__max_features', 0.7), ('model__max_samples', 0.8), ('model__min_impurity_decrease', 0.1), ('model__min_samples_leaf', 20), ('model__min_samples_split', 45), ('model__n_estimators', 600)])",-1578.900628137751,-1559.8987097514862,-1590.900228356251,-1577.713520346851,-1577.0205259430063,-1576.8867225070692,9.896749339914944,18
38,53.43618545532227,0.21778950685975446,1.4096791744232178,0.05095532608230328,RandomForestRegressor(),squared_error,45,0.7,0.7,0.05,20,85,600,"OrderedDict([('model', RandomForestRegressor()), ('model__criterion', 'squared_error'), ('model__max_depth', 45), ('model__max_features', 0.7), ('model__max_samples', 0.7), ('model__min_impurity_decrease', 0.05), ('model__min_samples_leaf', 20), ('model__min_samples_split', 85), ('model__n_estimators', 600)])",-1650.9610801974604,-1634.4776613631025,-1672.6671301606361,-1652.1325651999796,-1650.6410468477413,-1652.175896753784,12.140441537285348,43
39,55.70539274215698,0.2964049301151753,1.4391813278198242,0.026848501238766625,RandomForestRegressor(),squared_error,30,0.7,0.7,0.05,20,30,600,"OrderedDict([('model', RandomForestRegressor()), ('model__criterion', 'squared_error'), ('model__max_depth', 30), ('model__max_features', 0.7), ('model__max_samples', 0.7), ('model__min_impurity_decrease', 0.05), ('model__min_samples_leaf', 20), ('model__min_samples_split', 30), ('model__n_estimators', 600)])",-1589.6326336078996,-1570.612269489124,-1603.2463162608426,-1586.6490085200237,-1588.0241960763433,-1587.6328847908467,10.378831532376342,24
40,51.32298908233643,0.2138283654750509,1.506441593170166,0.039093745940622364,RandomForestRegressor(),squared_error,30,0.5,0.8,0.1,20,20,650,"OrderedDict([('model', RandomForestRegressor()), ('model__criterion', 'squared_error'), ('model__max_depth', 30), ('model__max_features', 0.5), ('model__max_samples', 0.8), ('model__min_impurity_decrease', 0.1), ('model__min_samples_leaf', 20), ('model__min_samples_split', 20), ('model__n_estimators', 650)])",-1584.223744139494,-1568.1833469286923,-1602.3457692972413,-1582.3803306848524,-1582.2876643752418,-1583.8841710851043,10.883677386070232,23
41,54.96950764656067,0.03317454209151388,1.449392604827881,0.020087645872719623,RandomForestRegressor(),squared_error,30,0.7,0.8,0.05,20,25,550,"OrderedDict([('model', RandomForestRegressor()), ('model__criterion', 'squared_error'), ('model__max_depth', 30), ('model__max_features', 0.7), ('model__max_samples', 0.8), ('model__min_impurity_decrease', 0.05), ('model__min_samples_leaf', 20), ('model__min_samples_split', 25), ('model__n_estimators', 550)])",-1575.7306409438934,-1556.2552504841597,-1590.5947345128677,-1574.4486503034261,-1573.8329218875592,-1574.1724396263812,10.893456678904522,17
42,58.1195942401886,0.18877285336149405,1.4776890277862549,0.05097042099286809,RandomForestRegressor(),squared_error,45,0.7,0.8,0.1,20,20,600,"OrderedDict([('model', RandomForestRegressor()), ('model__criterion', 'squared_error'), ('model__max_depth', 45), ('model__max_features', 0.7), ('model__max_samples', 0.8), ('model__min_impurity_decrease', 0.1), ('model__min_samples_leaf', 20), ('model__min_samples_split', 20), ('model__n_estimators', 600)])",-1575.1896074326396,-1556.1046358523638,-1588.3052354555891,-1574.1750341916265,-1573.7043083153246,-1573.4957642495087,10.24837340596444,9
43,59.01114645004272,0.1423828504572186,1.4825704097747803,0.03372082842159162,RandomForestRegressor(),squared_error,30,0.7,0.8,0.05,20,80,650,"OrderedDict([('model', RandomForestRegressor()), ('model__criterion', 'squared_error'), ('model__max_depth', 30), ('model__max_features', 0.7), ('model__max_samples', 0.8), ('model__min_impurity_decrease', 0.05), ('model__min_samples_leaf', 20), ('model__min_samples_split', 80), ('model__n_estimators', 650)])",-1628.6698822745836,-1609.189682938793,-1645.8835564858382,-1627.3246705412778,-1626.3300033868484,-1627.4795591254683,11.627459119114862,36
44,45.0066650390625,0.12300193948793495,1.281119966506958,0.043739058845559196,RandomForestRegressor(),squared_error,30,0.7,0.8,0.1,20,25,400,"OrderedDict([('model', RandomForestRegressor()), ('model__criterion', 'squared_error'), ('model__max_depth', 30), ('model__max_features', 0.7), ('model__max_samples', 0.8), ('model__min_impurity_decrease', 0.1), ('model__min_samples_leaf', 20), ('model__min_samples_split', 25), ('model__n_estimators', 400)])",-1575.4616925587245,-1555.6048806684119,-1590.4313138411146,-1572.7707244180608,-1574.2476559048848,-1573.7032534782393,11.060173545812871,12
45,43.990051412582396,0.18106634852306883,1.2291390419006347,0.03929195019434752,RandomForestRegressor(),squared_error,35,0.7,0.8,0.1,20,70,400,"OrderedDict([('model', RandomForestRegressor()), ('model__criterion', 'squared_error'), ('model__max_depth', 35), ('model__max_features', 0.7), ('model__max_samples', 0.8), ('model__min_impurity_decrease', 0.1), ('model__min_samples_leaf', 20), ('model__min_samples_split', 70), ('model__n_estimators', 400)])",-1612.6740548696298,-1594.6448162194645,-1630.8739960613773,-1615.3266668657038,-1609.6210902101657,-1612.6281248452683,11.598600790316437,29
46,47.52493276596069,0.3226783944017088,1.3200132369995117,0.05339448694556543,RandomForestRegressor(),squared_error,45,0.6,0.8,0.1,20,25,500,"OrderedDict([('model', RandomForestRegressor()), ('model__criterion', 'squared_error'), ('model__max_depth', 45), ('model__max_features', 0.6), ('model__max_samples', 0.8), ('model__min_impurity_decrease', 0.1), ('model__min_samples_leaf', 20), ('model__min_samples_split', 25), ('model__n_estimators', 500)])",-1580.2909953467604,-1559.109546546054,-1594.7262265814427,-1575.8405323991183,-1577.9510737526218,-1577.5836749251994,11.36365793471224,20
47,45.185145664215085,0.1693848534133922,1.2276854991912842,0.05442891938906145,RandomForestRegressor(),squared_error,25,0.7,0.8,0.1,20,25,400,"OrderedDict([('model', RandomForestRegressor()), ('model__criterion', 'squared_error'), ('model__max_depth', 25), ('model__max_features', 0.7), ('model__max_samples', 0.8), ('model__min_impurity_decrease', 0.1), ('model__min_samples_leaf', 20), ('model__min_samples_split', 25), ('model__n_estimators', 400)])",-1574.090076452313,-1557.3690075156537,-1588.2761859042444,-1573.1071556011862,-1575.8505793896043,-1573.7386009726004,9.841622596851426,13
48,51.69236741065979,0.1871297511432825,1.331061601638794,0.052337537798971996,RandomForestRegressor(),squared_error,25,0.7,0.8,0.1,20,40,500,"OrderedDict([('model', RandomForestRegressor()), ('model__criterion', 'squared_error'), ('model__max_depth', 25), ('model__max_features', 0.7), ('model__max_samples', 0.8), ('model__min_impurity_decrease', 0.1), ('model__min_samples_leaf', 20), ('model__min_samples_split', 40), ('model__n_estimators', 500)])",-1577.0147820207412,-1556.0840771314815,-1588.8226120070406,-1573.7645622496002,-1574.276136322379,-1573.9924339462484,10.487234388069657,15
49,55.231379985809326,0.10113781895338231,1.3737840175628662,0.015724555656598554,RandomForestRegressor(),squared_error,30,0.7,0.8,0.1,20,95,600,"OrderedDict([('model', RandomForestRegressor()), ('model__criterion', 'squared_error'), ('model__max_depth', 30), ('model__max_features', 0.7), ('model__max_samples', 0.8), ('model__min_impurity_decrease', 0.1), ('model__min_samples_leaf', 20), ('model__min_samples_split', 95), ('model__n_estimators', 600)])",-1650.3841162570961,-1632.8379505378552,-1670.7998523523759,-1651.0296462046567,-1648.315701426354,-1650.6734533556676,12.074325495044056,42
50,54.05580630302429,0.16164616472316523,1.3302915573120118,0.0322229815486244,RandomForestRegressor(),squared_error,25,0.7,0.8,0.1,20,55,500,"OrderedDict([('model', RandomForestRegressor()), ('model__criterion', 'squared_error'), ('model__max_depth', 25), ('model__max_features', 0.7), ('model__max_samples', 0.8), ('model__min_impurity_decrease', 0.1), ('model__min_samples_leaf', 20), ('model__min_samples_split', 55), ('model__n_estimators', 500)])",-1591.9331463453482,-1571.173652034058,-1605.9820298587122,-1591.6052935164967,-1591.140331627989,-1590.366890676521,11.106736609691767,26
51,58.668933916091916,0.200414653312777,1.414704942703247,0.04964374687043194,RandomForestRegressor(),squared_error,25,0.7,0.8,0.1,20,90,650,"OrderedDict([('model', RandomForestRegressor()), ('model__criterion', 'squared_error'), ('model__max_depth', 25), ('model__max_features', 0.7), ('model__max_samples', 0.8), ('model__min_impurity_decrease', 0.1), ('model__min_samples_leaf', 20), ('model__min_samples_split', 90), ('model__n_estimators', 650)])",-1642.533797412158,-1625.9241314881567,-1662.4267243819645,-1643.4909585586424,-1640.4498744442387,-1642.965097257032,11.627023180062928,40
52,58.17599887847901,0.14245522656290754,1.4706920623779296,0.015328224861811256,RandomForestRegressor(),squared_error,35,0.7,0.8,0.1,20,20,600,"OrderedDict([('model', RandomForestRegressor()), ('model__criterion', 'squared_error'), ('model__max_depth', 35), ('model__max_features', 0.7), ('model__max_samples', 0.8), ('model__min_impurity_decrease', 0.1), ('model__min_samples_leaf', 20), ('model__min_samples_split', 20), ('model__n_estimators', 600)])",-1573.8427676377926,-1554.8898555701385,-1587.6720221249639,-1574.289377384966,-1574.5009215332832,-1573.038988850229,10.467697747211732,4
53,56.1807580947876,0.1235762712572468,1.4455859661102295,0.02357897123396189,RandomForestRegressor(),squared_error,30,0.7,0.8,0.2,20,75,600,"OrderedDict([('model', RandomForestRegressor()), ('model__criterion', 'squared_error'), ('model__max_depth', 30), ('model__max_features', 0.7), ('model__max_samples', 0.8), ('model__min_impurity_decrease', 0.2), ('model__min_samples_leaf', 20), ('model__min_samples_split', 75), ('model__n_estimators', 600)])",-1620.210342337884,-1601.7595645869712,-1636.4758386520307,-1620.6646501683172,-1619.2272261684109,-1619.6675243827228,10.997247167399141,32
54,56.84331297874451,0.14680064529835116,1.4391899108886719,0.0312823380298174,RandomForestRegressor(),squared_error,35,0.7,0.8,0.2,20,60,600,"OrderedDict([('model', RandomForestRegressor()), ('model__criterion', 'squared_error'), ('model__max_depth', 35), ('model__max_features', 0.7), ('model__max_samples', 0.8), ('model__min_impurity_decrease', 0.2), ('model__min_samples_leaf', 20), ('model__min_samples_split', 60), ('model__n_estimators', 600)])",-1599.439049642289,-1578.4530791743423,-1613.1838594572353,-1597.130873328873,-1596.4674121601097,-1596.9348547525697,11.06466538419852,27
55,58.1008261680603,0.07209086808553979,1.5226221084594727,0.020765161069228953,RandomForestRegressor(),squared_error,25,0.7,0.8,0.2,20,25,600,"OrderedDict([('model', RandomForestRegressor()), ('model__criterion', 'squared_error'), ('model__max_depth', 25), ('model__max_features', 0.7), ('model__max_samples', 0.8), ('model__min_impurity_decrease', 0.2), ('model__min_samples_leaf', 20), ('model__min_samples_split', 25), ('model__n_estimators', 600)])",-1573.821970535924,-1555.68944057236,-1587.9215425665452,-1573.7220815986493,-1574.7128946199964,-1573.173585978695,10.25951543864846,6
56,38.04861078262329,0.11160535503655562,1.4837716102600098,0.026531324940611726,RandomForestRegressor(),squared_error,25,log2,0.8,0.1,20,40,600,"OrderedDict([('model', RandomForestRegressor()), ('model__criterion', 'squared_error'), ('model__max_depth', 25), ('model__max_features', 'log2'), ('model__max_samples', 0.8), ('model__min_impurity_decrease', 0.1), ('model__min_samples_leaf', 20), ('model__min_samples_split', 40), ('model__n_estimators', 600)])",-1622.063389847874,-1606.6389564374474,-1645.52550935912,-1625.797374116068,-1624.6570464219722,-1624.9364552364964,12.391782497249197,35
57,48.54031720161438,0.15711136506589027,1.300328254699707,0.041778359677850964,RandomForestRegressor(),squared_error,25,0.7,0.8,0.05,20,30,450,"OrderedDict([('model', RandomForestRegressor()), ('model__criterion', 'squared_error'), ('model__max_depth', 25), ('model__max_features', 0.7), ('model__max_samples', 0.8), ('model__min_impurity_decrease', 0.05), ('model__min_samples_leaf', 20), ('model__min_samples_split', 30), ('model__n_estimators', 450)])",-1573.9940549711362,-1554.7519838859148,-1589.4506360892144,-1573.9601951443537,-1573.4130683044546,-1573.1139876790148,11.00571941592068,5
58,57.641370677948,0.26426797199607566,1.4293375968933106,0.043340084728527906,RandomForestRegressor(),squared_error,35,0.7,0.8,0.1,20,50,600,"OrderedDict([('model', RandomForestRegressor()), ('model__criterion', 'squared_error'), ('model__max_depth', 35), ('model__max_features', 0.7), ('model__max_samples', 0.8), ('model__min_impurity_decrease', 0.1), ('model__min_samples_leaf', 20), ('model__min_samples_split', 50), ('model__n_estimators', 600)])",-1585.4976337656967,-1565.624171106948,-1598.928382879002,-1582.5902971696926,-1583.6094006966184,-1583.2499771235916,10.602808760841176,22
59,48.509435987472536,0.08521755405177268,1.3033822536468507,0.02603746798735674,RandomForestRegressor(),squared_error,20,0.7,0.8,0.1,20,40,450,"OrderedDict([('model', RandomForestRegressor()), ('model__criterion', 'squared_error'), ('model__max_depth', 20), ('model__max_features', 0.7), ('model__max_samples', 0.8), ('model__min_impurity_decrease', 0.1), ('model__min_samples_leaf', 20), ('model__min_samples_split', 40), ('model__n_estimators', 450)])",-1574.2410356600114,-1557.0841795781196,-1588.77475788026,-1574.1343338131787,-1573.80083302057,-1573.6070279904282,10.037750018928875,11
60,57.996838855743405,0.11265172533101951,1.467160415649414,0.0133967931155406,RandomForestRegressor(),squared_error,35,0.7,0.8,0.2,20,25,600,"OrderedDict([('model', RandomForestRegressor()), ('model__criterion', 'squared_error'), ('model__max_depth', 35), ('model__max_features', 0.7), ('model__max_samples', 0.8), ('model__min_impurity_decrease', 0.2), ('model__min_samples_leaf', 20), ('model__min_samples_split', 25), ('model__n_estimators', 600)])",-1574.9127569943278,-1556.638180028641,-1588.538618548459,-1572.9792124694113,-1573.1539827701035,-1573.2445501621885,10.124639029563564,8
61,34.76549906730652,0.19182506386527742,1.2702841281890869,0.0409512431986245,RandomForestRegressor(),squared_error,30,sqrt,0.9,0.1,20,30,450,"OrderedDict([('model', RandomForestRegressor()), ('model__criterion', 'squared_error'), ('model__max_depth', 30), ('model__max_features', 'sqrt'), ('model__max_samples', 0.9), ('model__min_impurity_decrease', 0.1), ('model__min_samples_leaf', 20), ('model__min_samples_split', 30), ('model__n_estimators', 450)])",-1610.0332320507553,-1597.6449091559134,-1632.6527569943576,-1614.023154116715,-1616.4951833997613,-1614.1698471435004,11.289214534437942,31
62,48.452852201461795,0.08126962078475704,1.3062825679779053,0.02105053991025011,RandomForestRegressor(),squared_error,20,0.7,0.8,0.05,20,20,450,"OrderedDict([('model', RandomForestRegressor()), ('model__criterion', 'squared_error'), ('model__max_depth', 20), ('model__max_features', 0.7), ('model__max_samples', 0.8), ('model__min_impurity_decrease', 0.05), ('model__min_samples_leaf', 20), ('model__min_samples_split', 20), ('model__n_estimators', 450)])",-1574.7464895477126,-1556.5795316033586,-1588.6896870639184,-1574.5815274181593,-1576.1925168481403,-1574.1579504962579,10.24536416444224,16
63,38.67311382293701,0.13045082868179628,1.4319453239440918,0.04115905497730534,RandomForestRegressor(),squared_error,45,sqrt,0.9,0.2,20,80,600,"OrderedDict([('model', RandomForestRegressor()), ('model__criterion', 'squared_error'), ('model__max_depth', 45), ('model__max_features', 'sqrt'), ('model__max_samples', 0.9), ('model__min_impurity_decrease', 0.2), ('model__min_samples_leaf', 20), ('model__min_samples_split', 80), ('model__n_estimators', 600)])",-1649.4389402095226,-1641.2848238041386,-1680.0871027138892,-1657.0253103283057,-1656.9755335133405,-1656.9623421138392,12.939434673768027,44
64,38.48983755111694,0.0987632280259006,1.4206458568572997,0.03001385211008195,RandomForestRegressor(),squared_error,25,sqrt,0.9,0.1,20,95,600,"OrderedDict([('model', RandomForestRegressor()), ('model__criterion', 'squared_error'), ('model__max_depth', 25), ('model__max_features', 'sqrt'), ('model__max_samples', 0.9), ('model__min_impurity_decrease', 0.1), ('model__min_samples_leaf', 20), ('model__min_samples_split', 95), ('model__n_estimators', 600)])",-1667.9212594434314,-1659.3938505155834,-1699.2593060541155,-1677.2419497714827,-1671.7242103395317,-1675.1081152248291,13.400545451530668,49
65,58.21519775390625,0.2240667955091544,1.5002412796020508,0.04088935322632671,RandomForestRegressor(),squared_error,45,0.7,0.8,0.2,20,30,600,"OrderedDict([('model', RandomForestRegressor()), ('model__criterion', 'squared_error'), ('model__max_depth', 45), ('model__max_features', 0.7), ('model__max_samples', 0.8), ('model__min_impurity_decrease', 0.2), ('model__min_samples_leaf', 20), ('model__min_samples_split', 30), ('model__n_estimators', 600)])",-1575.007294007956,-1555.29240426818,-1589.3441250475414,-1572.8493566856223,-1573.3804804709166,-1573.1747320960433,10.814188843141158,7
66,58.1811888217926,0.16488761345309363,1.4785478115081787,0.020938049040502744,RandomForestRegressor(),squared_error,30,0.7,0.8,0.2,20,35,600,"OrderedDict([('model', RandomForestRegressor()), ('model__criterion', 'squared_error'), ('model__max_depth', 30), ('model__max_features', 0.7), ('model__max_samples', 0.8), ('model__min_impurity_decrease', 0.2), ('model__min_samples_leaf', 20), ('model__min_samples_split', 35), ('model__n_estimators', 600)])",-1573.527005961515,-1556.523032031458,-1588.0131417026014,-1572.4658654452462,-1573.762047794185,-1572.8582185870011,9.979259884581307,2
67,58.092604351043704,0.17680104937185245,1.470372486114502,0.04667779316454849,RandomForestRegressor(),squared_error,35,0.7,0.8,0.1,20,35,600,"OrderedDict([('model', RandomForestRegressor()), ('model__criterion', 'squared_error'), ('model__max_depth', 35), ('model__max_features', 0.7), ('model__max_samples', 0.8), ('model__min_impurity_decrease', 0.1), ('model__min_samples_leaf', 20), ('model__min_samples_split', 35), ('model__n_estimators', 600)])",-1574.717235777266,-1556.0137145822694,-1589.448623877196,-1574.362911978249,-1575.376272836242,-1573.9837518102445,10.62737391826141,14
68,39.98207817077637,0.13903123121856484,1.4511716842651368,0.023587750016514274,RandomForestRegressor(),squared_error,25,sqrt,0.9,0.1,20,90,650,"OrderedDict([('model', RandomForestRegressor()), ('model__criterion', 'squared_error'), ('model__max_depth', 25), ('model__max_features', 'sqrt'), ('model__max_samples', 0.9), ('model__min_impurity_decrease', 0.1), ('model__min_samples_leaf', 20), ('model__min_samples_split', 90), ('model__n_estimators', 650)])",-1661.3923175580135,-1653.7439246621532,-1692.6338490076184,-1668.337672476944,-1667.061742832262,-1668.6339013073982,13.059164315525987,47
69,64.85644755363464,0.08755551585438595,1.5881202697753907,0.01838459049065309,RandomForestRegressor(),squared_error,25,0.7,0.9,0.2,20,30,650,"OrderedDict([('model', RandomForestRegressor()), ('model__criterion', 'squared_error'), ('model__max_depth', 25), ('model__max_features', 0.7), ('model__max_samples', 0.9), ('model__min_impurity_decrease', 0.2), ('model__min_samples_leaf', 20), ('model__min_samples_split', 30), ('model__n_estimators', 650)])",-1562.6690695332372,-1542.99535778751,-1575.8456044917957,-1563.3653839625447,-1563.3538907281716,-1561.645861300652,10.548886820754273,1
