,mean_fit_time,std_fit_time,mean_score_time,std_score_time,param_model,param_model__l2_regularization,param_model__learning_rate,param_model__max_bins,param_model__max_depth,param_model__max_features,param_model__max_iter,param_model__max_leaf_nodes,param_model__min_samples_leaf,param_q,params,split0_test_score,split1_test_score,split2_test_score,split3_test_score,split4_test_score,mean_test_score,std_test_score,rank_test_score
0,4.200558376312256,0.17903708195064516,0.8163183689117431,0.04721597697299649,HistGradientBoostingRegressor(),9,0.4,190,39,0.8,150,76,27,10,"OrderedDict([('model', HistGradientBoostingRegressor()), ('model__l2_regularization', 9), ('model__learning_rate', 0.4), ('model__max_bins', 190), ('model__max_depth', 39), ('model__max_features', 0.8), ('model__max_iter', 150), ('model__max_leaf_nodes', 76), ('model__min_samples_leaf', 27), ('q', 10)])",-1455.6563658832808,-1452.1674623823353,-1408.7941613653013,-1411.5553623423261,-1443.8228640535463,-1434.399243205358,20.16850324677649,103
1,3.8189072132110597,0.035940537711342826,0.7937994003295898,0.020474487133530835,HistGradientBoostingRegressor(),11,0.05,250,45,0.6,90,56,39,14,"OrderedDict([('model', HistGradientBoostingRegressor()), ('model__l2_regularization', 11), ('model__learning_rate', 0.05), ('model__max_bins', 250), ('model__max_depth', 45), ('model__max_features', 0.6), ('model__max_iter', 90), ('model__max_leaf_nodes', 56), ('model__min_samples_leaf', 39), ('q', 14)])",-1650.9533495630828,-1659.7070236554587,-1628.587884263714,-1633.653353763274,-1658.9620940725754,-1646.3727410636209,12.9256397933551,141
2,3.7725964546203614,0.1983899063306477,0.7925625801086426,0.11193879515171669,HistGradientBoostingRegressor(),11,0.01,200,21,0.8,90,76,36,14,"OrderedDict([('model', HistGradientBoostingRegressor()), ('model__l2_regularization', 11), ('model__learning_rate', 0.01), ('model__max_bins', 200), ('model__max_depth', 21), ('model__max_features', 0.8), ('model__max_iter', 90), ('model__max_leaf_nodes', 76), ('model__min_samples_leaf', 36), ('q', 14)])",-3417.016077135953,-3429.626206027722,-3458.790774585312,-3410.434446043175,-3457.430744025932,-3434.6596495636186,20.121260523488488,148
3,4.186485719680786,0.2463523074569322,0.8225873470306396,0.08570439811772221,HistGradientBoostingRegressor(),3,0.2,240,33,0.6,270,84,51,7,"OrderedDict([('model', HistGradientBoostingRegressor()), ('model__l2_regularization', 3), ('model__learning_rate', 0.2), ('model__max_bins', 240), ('model__max_depth', 33), ('model__max_features', 0.6), ('model__max_iter', 270), ('model__max_leaf_nodes', 84), ('model__min_samples_leaf', 51), ('q', 7)])",-1404.7554310027667,-1406.9302409595175,-1370.4427180301466,-1376.5795162150025,-1392.8372544973042,-1390.3090321409477,14.659638296071618,39
4,3.5625160694122315,0.17150755070223836,0.7830567359924316,0.1034439805936548,HistGradientBoostingRegressor(),5,0.2,230,47,0.9,170,72,27,10,"OrderedDict([('model', HistGradientBoostingRegressor()), ('model__l2_regularization', 5), ('model__learning_rate', 0.2), ('model__max_bins', 230), ('model__max_depth', 47), ('model__max_features', 0.9), ('model__max_iter', 170), ('model__max_leaf_nodes', 72), ('model__min_samples_leaf', 27), ('q', 10)])",-1452.1551493140857,-1399.5887614071016,-1357.8566346563316,-1383.647434721343,-1419.5660152215146,-1402.5627990640755,31.98058038019927,58
5,5.441230773925781,0.1084804030729533,1.1151842594146728,0.059720171796692964,HistGradientBoostingRegressor(),11,0.01,170,43,0.7,170,64,45,9,"OrderedDict([('model', HistGradientBoostingRegressor()), ('model__l2_regularization', 11), ('model__learning_rate', 0.01), ('model__max_bins', 170), ('model__max_depth', 43), ('model__max_features', 0.7), ('model__max_iter', 170), ('model__max_leaf_nodes', 64), ('model__min_samples_leaf', 45), ('q', 9)])",-2292.6922466518217,-2309.4940285379357,-2309.000107088734,-2298.0467000716453,-2306.9236344475576,-2303.2313433595386,6.694564355101271,146
6,4.801837301254272,0.28113256825238103,0.9519558429718018,0.14072758436722593,HistGradientBoostingRegressor(),9,0.1,240,35,0.8,230,60,45,10,"OrderedDict([('model', HistGradientBoostingRegressor()), ('model__l2_regularization', 9), ('model__learning_rate', 0.1), ('model__max_bins', 240), ('model__max_depth', 35), ('model__max_features', 0.8), ('model__max_iter', 230), ('model__max_leaf_nodes', 60), ('model__min_samples_leaf', 45), ('q', 10)])",-1441.15493371356,-1431.1138037933845,-1407.5409039041901,-1427.3012746208085,-1437.2236642611913,-1428.866916058627,11.688705235607692,91
7,3.9772929668426515,0.040060933248673616,0.9305550575256347,0.01799862848179586,HistGradientBoostingRegressor(),11,0.1,240,25,0.6,210,40,30,12,"OrderedDict([('model', HistGradientBoostingRegressor()), ('model__l2_regularization', 11), ('model__learning_rate', 0.1), ('model__max_bins', 240), ('model__max_depth', 25), ('model__max_features', 0.6), ('model__max_iter', 210), ('model__max_leaf_nodes', 40), ('model__min_samples_leaf', 30), ('q', 12)])",-1498.6525430803194,-1496.205666986152,-1449.6995922108536,-1464.966488951391,-1488.528494841108,-1479.6105572139647,19.11355052471035,127
8,3.314936876296997,0.3683288943925845,0.7006959438323974,0.04610046644826599,HistGradientBoostingRegressor(),9,0.4,200,27,0.7,50,56,39,5,"OrderedDict([('model', HistGradientBoostingRegressor()), ('model__l2_regularization', 9), ('model__learning_rate', 0.4), ('model__max_bins', 200), ('model__max_depth', 27), ('model__max_features', 0.7), ('model__max_iter', 50), ('model__max_leaf_nodes', 56), ('model__min_samples_leaf', 39), ('q', 5)])",-1541.6995432168017,-1558.9660247054755,-1503.3552215749226,-1510.8751767542622,-1559.4941587192807,-1534.8780249941487,23.675061729856793,137
9,3.6459840297698975,0.09523133493299758,0.8698362827301025,0.049183578550723216,HistGradientBoostingRegressor(),9,0.3,180,35,0.7,130,44,51,12,"OrderedDict([('model', HistGradientBoostingRegressor()), ('model__l2_regularization', 9), ('model__learning_rate', 0.3), ('model__max_bins', 180), ('model__max_depth', 35), ('model__max_features', 0.7), ('model__max_iter', 130), ('model__max_leaf_nodes', 44), ('model__min_samples_leaf', 51), ('q', 12)])",-1489.9326371975505,-1503.4669017193644,-1447.2747987333269,-1449.3688959407234,-1488.1430245402867,-1475.6372516262504,22.93336902262467,125
10,4.133005523681641,0.03887340749005294,0.8470892906188965,0.027873504424702475,HistGradientBoostingRegressor(),5,0.1,210,27,0.9,230,48,51,11,"OrderedDict([('model', HistGradientBoostingRegressor()), ('model__l2_regularization', 5), ('model__learning_rate', 0.1), ('model__max_bins', 210), ('model__max_depth', 27), ('model__max_features', 0.9), ('model__max_iter', 230), ('model__max_leaf_nodes', 48), ('model__min_samples_leaf', 51), ('q', 11)])",-1469.893177116148,-1463.878031796139,-1441.6171415353895,-1453.1277037130192,-1463.9746752983422,-1458.4981458918076,10.025888893909357,120
11,3.441545581817627,0.08083464612738238,0.7065792560577393,0.019722294334855645,HistGradientBoostingRegressor(),3,0.4,190,31,0.7,170,48,21,12,"OrderedDict([('model', HistGradientBoostingRegressor()), ('model__l2_regularization', 3), ('model__learning_rate', 0.4), ('model__max_bins', 190), ('model__max_depth', 31), ('model__max_features', 0.7), ('model__max_iter', 170), ('model__max_leaf_nodes', 48), ('model__min_samples_leaf', 21), ('q', 12)])",-1490.378494608119,-1467.9498218480035,-1472.9104398497027,-1453.701668709499,-1481.40368926117,-1473.268822855299,12.411370999131568,124
12,3.1958385467529298,0.05799708224311672,0.7311748027801513,0.02955271252288823,HistGradientBoostingRegressor(),1,0.4,190,43,0.6,70,68,33,13,"OrderedDict([('model', HistGradientBoostingRegressor()), ('model__l2_regularization', 1), ('model__learning_rate', 0.4), ('model__max_bins', 190), ('model__max_depth', 43), ('model__max_features', 0.6), ('model__max_iter', 70), ('model__max_leaf_nodes', 68), ('model__min_samples_leaf', 33), ('q', 13)])",-1488.1778542019551,-1492.8296068461514,-1451.9440675749477,-1491.4213331366714,-1511.5276284741155,-1487.1800980467683,19.417933069351214,129
13,4.623388051986694,0.06383942999183595,0.9734769821166992,0.02558223619413816,HistGradientBoostingRegressor(),11,0.05,200,23,0.6,330,48,39,5,"OrderedDict([('model', HistGradientBoostingRegressor()), ('model__l2_regularization', 11), ('model__learning_rate', 0.05), ('model__max_bins', 200), ('model__max_depth', 23), ('model__max_features', 0.6), ('model__max_iter', 330), ('model__max_leaf_nodes', 48), ('model__min_samples_leaf', 39), ('q', 5)])",-1497.664301513696,-1500.5292208709463,-1464.0148730244716,-1478.0835241709242,-1505.3402344194012,-1489.1264307998879,15.60988408840088,131
14,3.5746501445770265,0.06792848029285457,0.751685094833374,0.02312772777482536,HistGradientBoostingRegressor(),7,0.1,230,15,0.6,130,40,30,3,"OrderedDict([('model', HistGradientBoostingRegressor()), ('model__l2_regularization', 7), ('model__learning_rate', 0.1), ('model__max_bins', 230), ('model__max_depth', 15), ('model__max_features', 0.6), ('model__max_iter', 130), ('model__max_leaf_nodes', 40), ('model__min_samples_leaf', 30), ('q', 3)])",-1545.4546084254748,-1542.5176232261224,-1517.7932848880587,-1535.647416105918,-1549.7392603712547,-1538.2304386033654,11.201525050623394,138
15,3.733019495010376,0.04929272306323435,0.7943962574005127,0.02646293972232116,HistGradientBoostingRegressor(),1,0.05,250,19,0.8,130,52,36,8,"OrderedDict([('model', HistGradientBoostingRegressor()), ('model__l2_regularization', 1), ('model__learning_rate', 0.05), ('model__max_bins', 250), ('model__max_depth', 19), ('model__max_features', 0.8), ('model__max_iter', 130), ('model__max_leaf_nodes', 52), ('model__min_samples_leaf', 36), ('q', 8)])",-1579.067147158723,-1589.7826439331257,-1548.567508202606,-1566.8068080179053,-1591.8223652836114,-1575.2092945191944,16.02277265578888,139
16,4.074956607818604,0.05476963294185465,0.8400806903839111,0.02242827412622652,HistGradientBoostingRegressor(),9,0.1,240,39,1.0,250,40,27,9,"OrderedDict([('model', HistGradientBoostingRegressor()), ('model__l2_regularization', 9), ('model__learning_rate', 0.1), ('model__max_bins', 240), ('model__max_depth', 39), ('model__max_features', 1.0), ('model__max_iter', 250), ('model__max_leaf_nodes', 40), ('model__min_samples_leaf', 27), ('q', 9)])",-1454.2979457163226,-1461.744506858973,-1416.6807970088425,-1448.1347727532102,-1451.3538777180945,-1446.4423800110885,15.547371638557323,114
17,3.9422865867614747,0.22769242619049973,0.7247237205505371,0.016022343348871034,HistGradientBoostingRegressor(),9,0.3,230,47,0.9,250,60,39,6,"OrderedDict([('model', HistGradientBoostingRegressor()), ('model__l2_regularization', 9), ('model__learning_rate', 0.3), ('model__max_bins', 230), ('model__max_depth', 47), ('model__max_features', 0.9), ('model__max_iter', 250), ('model__max_leaf_nodes', 60), ('model__min_samples_leaf', 39), ('q', 6)])",-1421.095149435735,-1395.7449442286977,-1399.1423552417043,-1456.0054740236205,-1475.245062606682,-1429.4465971072882,31.390344200609093,93
18,3.2953446388244627,0.10150568086764312,0.7422897338867187,0.030136679850061434,HistGradientBoostingRegressor(),11,0.4,160,49,0.9,170,60,21,4,"OrderedDict([('model', HistGradientBoostingRegressor()), ('model__l2_regularization', 11), ('model__learning_rate', 0.4), ('model__max_bins', 160), ('model__max_depth', 49), ('model__max_features', 0.9), ('model__max_iter', 170), ('model__max_leaf_nodes', 60), ('model__min_samples_leaf', 21), ('q', 4)])",-1449.0802658138114,-1471.5724951633833,-1413.6884968786335,-1444.6711925232498,-1476.146307421846,-1451.0317515601848,22.322395668891257,116
19,3.585795593261719,0.17214379659576012,0.7226344585418701,0.012184804534603057,HistGradientBoostingRegressor(),9,0.3,210,23,0.9,250,68,30,14,"OrderedDict([('model', HistGradientBoostingRegressor()), ('model__l2_regularization', 9), ('model__learning_rate', 0.3), ('model__max_bins', 210), ('model__max_depth', 23), ('model__max_features', 0.9), ('model__max_iter', 250), ('model__max_leaf_nodes', 68), ('model__min_samples_leaf', 30), ('q', 14)])",-1469.103434728426,-1408.3181489397866,-1386.4182855551944,-1447.6393318783657,-1435.347702421398,-1429.3653807046342,29.107653113773456,92
20,3.244742774963379,0.029936906686918587,0.737165117263794,0.025557761925122977,HistGradientBoostingRegressor(),1,0.3,170,17,0.6,90,40,15,9,"OrderedDict([('model', HistGradientBoostingRegressor()), ('model__l2_regularization', 1), ('model__learning_rate', 0.3), ('model__max_bins', 170), ('model__max_depth', 17), ('model__max_features', 0.6), ('model__max_iter', 90), ('model__max_leaf_nodes', 40), ('model__min_samples_leaf', 15), ('q', 9)])",-1524.0834066288753,-1531.0458009209372,-1472.927158896707,-1474.3017755848807,-1531.4802309741146,-1506.7676746011027,27.199954183122227,133
21,4.0424432277679445,0.04445090482288566,0.8501090049743653,0.018062290136768994,HistGradientBoostingRegressor(),7,0.1,230,17,0.6,170,72,39,8,"OrderedDict([('model', HistGradientBoostingRegressor()), ('model__l2_regularization', 7), ('model__learning_rate', 0.1), ('model__max_bins', 230), ('model__max_depth', 17), ('model__max_features', 0.6), ('model__max_iter', 170), ('model__max_leaf_nodes', 72), ('model__min_samples_leaf', 39), ('q', 8)])",-1455.8429698590264,-1444.658904460676,-1415.3641076376996,-1433.0059500734062,-1463.4795991285791,-1442.4703062318774,17.025442857281426,109
22,3.301626968383789,0.029867417816514547,0.7585486888885498,0.017297369646710463,HistGradientBoostingRegressor(),1,0.01,230,31,1.0,50,76,54,14,"OrderedDict([('model', HistGradientBoostingRegressor()), ('model__l2_regularization', 1), ('model__learning_rate', 0.01), ('model__max_bins', 230), ('model__max_depth', 31), ('model__max_features', 1.0), ('model__max_iter', 50), ('model__max_leaf_nodes', 76), ('model__min_samples_leaf', 54), ('q', 14)])",-4561.3392944552015,-4583.22347375839,-4611.716996806796,-4562.615840219198,-4629.705577625834,-4589.720236573085,27.074043156357977,149
23,5.012578773498535,0.04874768054815561,0.8976307868957519,0.014878488485998513,HistGradientBoostingRegressor(),7,0.01,230,43,0.8,230,72,15,12,"OrderedDict([('model', HistGradientBoostingRegressor()), ('model__l2_regularization', 7), ('model__learning_rate', 0.01), ('model__max_bins', 230), ('model__max_depth', 43), ('model__max_features', 0.8), ('model__max_iter', 230), ('model__max_leaf_nodes', 72), ('model__min_samples_leaf', 15), ('q', 12)])",-1918.0048196425623,-1928.3311389787368,-1918.0582562197721,-1914.463957073305,-1941.840527819511,-1924.1397399467776,9.991278024718397,143
24,4.33618130683899,0.2711097564489008,0.9033356666564941,0.1102196141351536,HistGradientBoostingRegressor(),3,0.4,200,49,0.7,190,72,54,12,"OrderedDict([('model', HistGradientBoostingRegressor()), ('model__l2_regularization', 3), ('model__learning_rate', 0.4), ('model__max_bins', 200), ('model__max_depth', 49), ('model__max_features', 0.7), ('model__max_iter', 190), ('model__max_leaf_nodes', 72), ('model__min_samples_leaf', 54), ('q', 12)])",-1443.0886194720515,-1486.7900033526125,-1421.1408850369914,-1463.4923125458706,-1457.4607890364387,-1454.394521888793,21.79571885330599,117
25,4.5444416999816895,0.04440464715046606,0.8516933441162109,0.02370552345889193,HistGradientBoostingRegressor(),9,0.05,230,35,0.7,190,80,18,4,"OrderedDict([('model', HistGradientBoostingRegressor()), ('model__l2_regularization', 9), ('model__learning_rate', 0.05), ('model__max_bins', 230), ('model__max_depth', 35), ('model__max_features', 0.7), ('model__max_iter', 190), ('model__max_leaf_nodes', 80), ('model__min_samples_leaf', 18), ('q', 4)])",-1478.6088490299242,-1479.1410307914994,-1448.2731501663204,-1458.1553034427945,-1489.0413746088823,-1470.6439416078842,15.036782959148324,123
26,4.357181215286255,0.038144566064142876,0.8671553134918213,0.026253499932099748,HistGradientBoostingRegressor(),1,0.01,190,47,1.0,170,56,33,11,"OrderedDict([('model', HistGradientBoostingRegressor()), ('model__l2_regularization', 1), ('model__learning_rate', 0.01), ('model__max_bins', 190), ('model__max_depth', 47), ('model__max_features', 1.0), ('model__max_iter', 170), ('model__max_leaf_nodes', 56), ('model__min_samples_leaf', 33), ('q', 11)])",-2313.2714918388638,-2328.539532851493,-2330.1193138649305,-2314.15738215846,-2326.456133561124,-2322.508770854974,7.279356349028183,147
27,3.2823143005371094,0.05402247775272491,0.7379574298858642,0.027076068818099902,HistGradientBoostingRegressor(),7,0.4,240,25,0.6,70,64,36,7,"OrderedDict([('model', HistGradientBoostingRegressor()), ('model__l2_regularization', 7), ('model__learning_rate', 0.4), ('model__max_bins', 240), ('model__max_depth', 25), ('model__max_features', 0.6), ('model__max_iter', 70), ('model__max_leaf_nodes', 64), ('model__min_samples_leaf', 36), ('q', 7)])",-1517.634073869072,-1472.5874041687387,-1443.2147615330096,-1478.8363737091809,-1482.7514810178666,-1479.0048188595736,23.784013994440937,126
28,3.3443846225738527,0.0388897788571415,0.7483292102813721,0.010967329419337205,HistGradientBoostingRegressor(),7,0.3,190,15,0.8,110,56,24,10,"OrderedDict([('model', HistGradientBoostingRegressor()), ('model__l2_regularization', 7), ('model__learning_rate', 0.3), ('model__max_bins', 190), ('model__max_depth', 15), ('model__max_features', 0.8), ('model__max_iter', 110), ('model__max_leaf_nodes', 56), ('model__min_samples_leaf', 24), ('q', 10)])",-1457.8699672559248,-1439.9745319589285,-1419.7383760385742,-1437.7938678201263,-1470.131734506588,-1445.1016955160283,17.392652136936583,113
29,3.6134634017944336,0.034514908150066505,0.8077826499938965,0.022325521698877193,HistGradientBoostingRegressor(),1,0.1,210,25,1.0,150,56,27,4,"OrderedDict([('model', HistGradientBoostingRegressor()), ('model__l2_regularization', 1), ('model__learning_rate', 0.1), ('model__max_bins', 210), ('model__max_depth', 25), ('model__max_features', 1.0), ('model__max_iter', 150), ('model__max_leaf_nodes', 56), ('model__min_samples_leaf', 27), ('q', 4)])",-1481.0083874526047,-1480.1653214496578,-1441.4655792393287,-1456.5799703596979,-1480.3911435715663,-1467.9220804145712,16.156830344362174,122
30,3.664361810684204,0.05916283260037605,0.7893759727478027,0.03071344423309199,HistGradientBoostingRegressor(),3,0.3,240,43,0.9,130,76,51,14,"OrderedDict([('model', HistGradientBoostingRegressor()), ('model__l2_regularization', 3), ('model__learning_rate', 0.3), ('model__max_bins', 240), ('model__max_depth', 43), ('model__max_features', 0.9), ('model__max_iter', 130), ('model__max_leaf_nodes', 76), ('model__min_samples_leaf', 51), ('q', 14)])",-1428.427994337255,-1430.5640544526343,-1399.2878672430436,-1401.9882562325533,-1427.8244236629453,-1417.6185191856864,13.920560644065338,81
31,3.4897268295288084,0.22216425540078982,0.735753870010376,0.05668842342202644,HistGradientBoostingRegressor(),7,0.3,220,39,0.8,270,84,21,14,"OrderedDict([('model', HistGradientBoostingRegressor()), ('model__l2_regularization', 7), ('model__learning_rate', 0.3), ('model__max_bins', 220), ('model__max_depth', 39), ('model__max_features', 0.8), ('model__max_iter', 270), ('model__max_leaf_nodes', 84), ('model__min_samples_leaf', 21), ('q', 14)])",-1409.2822732042912,-1443.6112457143013,-1414.6590250866125,-1397.684344782008,-1484.3122049019637,-1429.9098187378354,31.1252702316002,96
32,3.495508003234863,0.10134718281383456,0.7373260498046875,0.01391650786079573,HistGradientBoostingRegressor(),7,0.3,190,21,0.9,210,76,33,5,"OrderedDict([('model', HistGradientBoostingRegressor()), ('model__l2_regularization', 7), ('model__learning_rate', 0.3), ('model__max_bins', 190), ('model__max_depth', 21), ('model__max_features', 0.9), ('model__max_iter', 210), ('model__max_leaf_nodes', 76), ('model__min_samples_leaf', 33), ('q', 5)])",-1439.7102513173784,-1419.4647454313533,-1391.6576053118276,-1448.1893475170896,-1448.250525965225,-1429.454495108575,21.62344090596309,94
33,4.180739116668701,0.06371236533581946,0.8000393867492676,0.016966970715337187,HistGradientBoostingRegressor(),7,0.01,180,45,0.7,170,68,39,7,"OrderedDict([('model', HistGradientBoostingRegressor()), ('model__l2_regularization', 7), ('model__learning_rate', 0.01), ('model__max_bins', 180), ('model__max_depth', 45), ('model__max_features', 0.7), ('model__max_iter', 170), ('model__max_leaf_nodes', 68), ('model__min_samples_leaf', 39), ('q', 7)])",-2276.6934566495997,-2293.4720745373306,-2301.4574228712627,-2274.5679229429315,-2292.2722731491394,-2287.692630030053,10.364211335633044,145
34,3.6126287460327147,0.07741612614605813,0.7747492313385009,0.012593931114650521,HistGradientBoostingRegressor(),3,0.2,210,31,0.8,170,52,48,4,"OrderedDict([('model', HistGradientBoostingRegressor()), ('model__l2_regularization', 3), ('model__learning_rate', 0.2), ('model__max_bins', 210), ('model__max_depth', 31), ('model__max_features', 0.8), ('model__max_iter', 170), ('model__max_leaf_nodes', 52), ('model__min_samples_leaf', 48), ('q', 4)])",-1453.6769439459003,-1447.0183792905343,-1418.449463266321,-1422.713643859171,-1450.3012271023065,-1438.4319314928466,14.787706186559097,106
35,4.287424564361572,0.01140226331134817,0.8508212089538574,0.014281366057720905,HistGradientBoostingRegressor(),5,0.01,180,41,0.9,170,76,33,9,"OrderedDict([('model', HistGradientBoostingRegressor()), ('model__l2_regularization', 5), ('model__learning_rate', 0.01), ('model__max_bins', 180), ('model__max_depth', 41), ('model__max_features', 0.9), ('model__max_iter', 170), ('model__max_leaf_nodes', 76), ('model__min_samples_leaf', 33), ('q', 9)])",-2257.946346822875,-2272.3235729853163,-2278.32040596475,-2253.1478481322265,-2269.194283179482,-2266.18649141693,9.29353178672544,144
36,4.761607933044433,0.059751348639447456,0.9235422134399414,0.020302860877651888,HistGradientBoostingRegressor(),9,0.05,180,17,0.7,330,72,24,4,"OrderedDict([('model', HistGradientBoostingRegressor()), ('model__l2_regularization', 9), ('model__learning_rate', 0.05), ('model__max_bins', 180), ('model__max_depth', 17), ('model__max_features', 0.7), ('model__max_iter', 330), ('model__max_leaf_nodes', 72), ('model__min_samples_leaf', 24), ('q', 4)])",-1440.832704590813,-1442.6463875603233,-1411.4186847007018,-1414.7759409861947,-1463.149989978597,-1434.564741563326,19.230462116479604,104
37,3.8774649143218993,0.07218194465744482,0.8089312553405762,0.02113531004864118,HistGradientBoostingRegressor(),1,0.1,180,33,0.9,190,80,21,13,"OrderedDict([('model', HistGradientBoostingRegressor()), ('model__l2_regularization', 1), ('model__learning_rate', 0.1), ('model__max_bins', 180), ('model__max_depth', 33), ('model__max_features', 0.9), ('model__max_iter', 190), ('model__max_leaf_nodes', 80), ('model__min_samples_leaf', 21), ('q', 13)])",-1430.092196258877,-1410.5169445155627,-1382.6173101167947,-1389.2022810018686,-1430.7558164063562,-1408.636909659892,20.039132921463025,64
38,3.3831297874450685,0.04404830490638426,0.7565215587615967,0.015375617877736756,HistGradientBoostingRegressor(),9,0.2,190,27,0.8,130,40,45,13,"OrderedDict([('model', HistGradientBoostingRegressor()), ('model__l2_regularization', 9), ('model__learning_rate', 0.2), ('model__max_bins', 190), ('model__max_depth', 27), ('model__max_features', 0.8), ('model__max_iter', 130), ('model__max_leaf_nodes', 40), ('model__min_samples_leaf', 45), ('q', 13)])",-1501.0131508460893,-1498.016419437613,-1479.7679929026913,-1476.776415889597,-1509.3960673812164,-1492.9940092914414,12.621383361527643,132
39,4.125369262695313,0.09167375950514221,0.8374359607696533,0.02644635167752271,HistGradientBoostingRegressor(),11,0.1,170,27,0.6,250,68,15,9,"OrderedDict([('model', HistGradientBoostingRegressor()), ('model__l2_regularization', 11), ('model__learning_rate', 0.1), ('model__max_bins', 170), ('model__max_depth', 27), ('model__max_features', 0.6), ('model__max_iter', 250), ('model__max_leaf_nodes', 68), ('model__min_samples_leaf', 15), ('q', 9)])",-1420.443899383552,-1412.5594764895923,-1388.6393133123347,-1432.0814115161015,-1449.5974966030658,-1420.6643194609292,20.291953153664583,85
40,4.0825377941131595,0.08578701688418201,0.8434754848480225,0.04255670362026175,HistGradientBoostingRegressor(),3,0.3,250,43,0.6,130,76,51,14,"OrderedDict([('model', HistGradientBoostingRegressor()), ('model__l2_regularization', 3), ('model__learning_rate', 0.3), ('model__max_bins', 250), ('model__max_depth', 43), ('model__max_features', 0.6), ('model__max_iter', 130), ('model__max_leaf_nodes', 76), ('model__min_samples_leaf', 51), ('q', 14)])",-1427.4100367593999,-1418.0674265087582,-1404.9129101550352,-1416.1599846767567,-1457.646099371034,-1424.839291494197,17.894941015673876,88
41,4.236122560501099,0.1768163149225008,0.8692302227020263,0.06272459766984592,HistGradientBoostingRegressor(),11,0.4,240,33,0.9,250,68,24,10,"OrderedDict([('model', HistGradientBoostingRegressor()), ('model__l2_regularization', 11), ('model__learning_rate', 0.4), ('model__max_bins', 240), ('model__max_depth', 33), ('model__max_features', 0.9), ('model__max_iter', 250), ('model__max_leaf_nodes', 68), ('model__min_samples_leaf', 24), ('q', 10)])",-1435.4405645954173,-1417.5492689713071,-1382.479942455589,-1394.9643256555655,-1433.376570792595,-1412.7621344940949,20.956889017114065,70
42,4.360973167419433,0.26661424021966046,0.8598461627960206,0.05681126507210137,HistGradientBoostingRegressor(),9,0.2,180,23,0.8,250,76,21,11,"OrderedDict([('model', HistGradientBoostingRegressor()), ('model__l2_regularization', 9), ('model__learning_rate', 0.2), ('model__max_bins', 180), ('model__max_depth', 23), ('model__max_features', 0.8), ('model__max_iter', 250), ('model__max_leaf_nodes', 76), ('model__min_samples_leaf', 21), ('q', 11)])",-1391.917678031607,-1395.3721324578496,-1405.2741172406309,-1372.0663373110121,-1425.7296816245528,-1398.0719893331302,17.540110040256668,51
43,3.908660411834717,0.1603327577875923,0.7479794979095459,0.022839993251545457,HistGradientBoostingRegressor(),3,0.2,180,33,0.6,150,72,24,8,"OrderedDict([('model', HistGradientBoostingRegressor()), ('model__l2_regularization', 3), ('model__learning_rate', 0.2), ('model__max_bins', 180), ('model__max_depth', 33), ('model__max_features', 0.6), ('model__max_iter', 150), ('model__max_leaf_nodes', 72), ('model__min_samples_leaf', 24), ('q', 8)])",-1441.209063182415,-1423.9883942052923,-1391.747270203159,-1425.5661752806102,-1422.8967113514232,-1421.0815228445797,16.108837177009367,86
44,4.176545858383179,0.06938498994858981,0.9102493286132812,0.023182925516077042,HistGradientBoostingRegressor(),5,0.2,240,47,0.9,190,76,54,9,"OrderedDict([('model', HistGradientBoostingRegressor()), ('model__l2_regularization', 5), ('model__learning_rate', 0.2), ('model__max_bins', 240), ('model__max_depth', 47), ('model__max_features', 0.9), ('model__max_iter', 190), ('model__max_leaf_nodes', 76), ('model__min_samples_leaf', 54), ('q', 9)])",-1409.4042179600344,-1395.633077791169,-1377.4224764878986,-1381.2378810736216,-1406.6799065015334,-1394.0755119628516,12.949087673828751,44
45,4.064928340911865,0.31463508361296705,0.785376787185669,0.03887365412257778,HistGradientBoostingRegressor(),1,0.2,240,33,0.9,330,60,39,14,"OrderedDict([('model', HistGradientBoostingRegressor()), ('model__l2_regularization', 1), ('model__learning_rate', 0.2), ('model__max_bins', 240), ('model__max_depth', 33), ('model__max_features', 0.9), ('model__max_iter', 330), ('model__max_leaf_nodes', 60), ('model__min_samples_leaf', 39), ('q', 14)])",-1460.3253695385506,-1364.818488957746,-1377.5410037595914,-1379.2511014756087,-1417.1877394144303,-1399.8247406291855,34.9487540213501,55
46,4.177962923049927,0.2202047252864285,0.8281685829162597,0.02077698343757257,HistGradientBoostingRegressor(),5,0.2,180,15,0.6,250,80,54,13,"OrderedDict([('model', HistGradientBoostingRegressor()), ('model__l2_regularization', 5), ('model__learning_rate', 0.2), ('model__max_bins', 180), ('model__max_depth', 15), ('model__max_features', 0.6), ('model__max_iter', 250), ('model__max_leaf_nodes', 80), ('model__min_samples_leaf', 54), ('q', 13)])",-1455.6537686772756,-1414.9195961556256,-1374.1016950532585,-1395.913288694009,-1431.0512057542242,-1414.3279108668787,28.08947117903315,75
47,3.6473856449127195,0.2614183686638169,0.8277716636657715,0.07472310162638424,HistGradientBoostingRegressor(),9,0.2,170,33,0.8,190,68,51,9,"OrderedDict([('model', HistGradientBoostingRegressor()), ('model__l2_regularization', 9), ('model__learning_rate', 0.2), ('model__max_bins', 170), ('model__max_depth', 33), ('model__max_features', 0.8), ('model__max_iter', 190), ('model__max_leaf_nodes', 68), ('model__min_samples_leaf', 51), ('q', 9)])",-1426.8372554673936,-1423.0849301542207,-1396.7878037543778,-1452.7931791238013,-1438.0037849870657,-1427.501390697372,18.510783180952824,90
48,3.3651733875274656,0.05765816259111905,0.7471653938293457,0.018138036527155458,HistGradientBoostingRegressor(),3,0.2,180,33,1.0,70,60,21,7,"OrderedDict([('model', HistGradientBoostingRegressor()), ('model__l2_regularization', 3), ('model__learning_rate', 0.2), ('model__max_bins', 180), ('model__max_depth', 33), ('model__max_features', 1.0), ('model__max_iter', 70), ('model__max_leaf_nodes', 60), ('model__min_samples_leaf', 21), ('q', 7)])",-1487.6400380498676,-1493.6409961130444,-1463.9916465328527,-1470.9536582632963,-1488.515496697848,-1480.9483671313817,11.406728881125424,128
49,4.129939937591553,0.058502440817796215,0.8433369159698486,0.017861915561016132,HistGradientBoostingRegressor(),5,0.1,240,27,0.9,190,72,27,13,"OrderedDict([('model', HistGradientBoostingRegressor()), ('model__l2_regularization', 5), ('model__learning_rate', 0.1), ('model__max_bins', 240), ('model__max_depth', 27), ('model__max_features', 0.9), ('model__max_iter', 190), ('model__max_leaf_nodes', 72), ('model__min_samples_leaf', 27), ('q', 13)])",-1426.7121607600184,-1421.3358337097636,-1379.8185454527313,-1406.260907165509,-1426.8457721251925,-1412.1946438426428,17.84598659358209,69
50,3.6857511520385744,0.022988978974364027,0.8265666484832763,0.007115477753860931,HistGradientBoostingRegressor(),9,0.4,180,49,0.7,270,76,18,7,"OrderedDict([('model', HistGradientBoostingRegressor()), ('model__l2_regularization', 9), ('model__learning_rate', 0.4), ('model__max_bins', 180), ('model__max_depth', 49), ('model__max_features', 0.7), ('model__max_iter', 270), ('model__max_leaf_nodes', 76), ('model__min_samples_leaf', 18), ('q', 7)])",-1464.062528028559,-1462.8273480672394,-1410.7035301572444,-1421.7409484140462,-1462.9053364640065,-1444.447938226219,23.31309868371057,111
51,3.8115328311920167,0.1354892808108289,0.7712244987487793,0.028915442717397093,HistGradientBoostingRegressor(),3,0.2,230,23,0.6,250,56,15,10,"OrderedDict([('model', HistGradientBoostingRegressor()), ('model__l2_regularization', 3), ('model__learning_rate', 0.2), ('model__max_bins', 230), ('model__max_depth', 23), ('model__max_features', 0.6), ('model__max_iter', 250), ('model__max_leaf_nodes', 56), ('model__min_samples_leaf', 15), ('q', 10)])",-1416.0714914316056,-1444.1672779739888,-1369.9477019973706,-1406.7779505704355,-1434.186743600968,-1414.2302331148737,25.746294005786403,74
52,3.946337366104126,0.17217621370181993,0.7724347591400147,0.028570099814993213,HistGradientBoostingRegressor(),9,0.4,180,47,0.9,190,84,48,9,"OrderedDict([('model', HistGradientBoostingRegressor()), ('model__l2_regularization', 9), ('model__learning_rate', 0.4), ('model__max_bins', 180), ('model__max_depth', 47), ('model__max_features', 0.9), ('model__max_iter', 190), ('model__max_leaf_nodes', 84), ('model__min_samples_leaf', 48), ('q', 9)])",-1450.6741364230888,-1455.3469992964363,-1424.796173686284,-1422.400645617879,-1456.3321028957005,-1441.9100115838778,15.092104218906412,108
53,4.178315544128418,0.16183857471860835,0.8470681667327881,0.022499156807394807,HistGradientBoostingRegressor(),3,0.2,240,47,0.7,250,72,48,10,"OrderedDict([('model', HistGradientBoostingRegressor()), ('model__l2_regularization', 3), ('model__learning_rate', 0.2), ('model__max_bins', 240), ('model__max_depth', 47), ('model__max_features', 0.7), ('model__max_iter', 250), ('model__max_leaf_nodes', 72), ('model__min_samples_leaf', 48), ('q', 10)])",-1416.5275819460885,-1387.0518187669168,-1360.1714781052926,-1393.2960300351872,-1384.4145946819244,-1388.2923007070817,18.053390136467222,34
54,3.938627099990845,0.15220896967975794,0.8040273666381836,0.028977924773862428,HistGradientBoostingRegressor(),9,0.2,240,17,0.7,170,84,33,7,"OrderedDict([('model', HistGradientBoostingRegressor()), ('model__l2_regularization', 9), ('model__learning_rate', 0.2), ('model__max_bins', 240), ('model__max_depth', 17), ('model__max_features', 0.7), ('model__max_iter', 170), ('model__max_leaf_nodes', 84), ('model__min_samples_leaf', 33), ('q', 7)])",-1414.2374937975662,-1403.1611099862407,-1395.3779860726038,-1402.427732928469,-1404.9393304549617,-1404.0287306479681,6.053088105616545,61
55,4.08709602355957,0.1766009116035337,0.8066825866699219,0.04070816910856384,HistGradientBoostingRegressor(),3,0.2,240,49,0.8,250,80,36,11,"OrderedDict([('model', HistGradientBoostingRegressor()), ('model__l2_regularization', 3), ('model__learning_rate', 0.2), ('model__max_bins', 240), ('model__max_depth', 49), ('model__max_features', 0.8), ('model__max_iter', 250), ('model__max_leaf_nodes', 80), ('model__min_samples_leaf', 36), ('q', 11)])",-1413.9335125151483,-1379.6253820362588,-1379.9401964506608,-1378.3397323270285,-1368.098049086544,-1383.987374483128,15.598361033440169,21
56,4.0803626537322994,0.07451265492485899,0.8651422500610352,0.045641209563062515,HistGradientBoostingRegressor(),1,0.1,240,39,0.8,250,52,27,7,"OrderedDict([('model', HistGradientBoostingRegressor()), ('model__l2_regularization', 1), ('model__learning_rate', 0.1), ('model__max_bins', 240), ('model__max_depth', 39), ('model__max_features', 0.8), ('model__max_iter', 250), ('model__max_leaf_nodes', 52), ('model__min_samples_leaf', 27), ('q', 7)])",-1453.260785734735,-1422.2004540946377,-1386.8260979209524,-1410.041615786943,-1422.6159294619579,-1418.9889765998455,21.505958739713492,83
57,4.155126953125,0.26199242286231794,0.7921388149261475,0.05367499033020603,HistGradientBoostingRegressor(),1,0.1,240,25,0.6,330,80,33,10,"OrderedDict([('model', HistGradientBoostingRegressor()), ('model__l2_regularization', 1), ('model__learning_rate', 0.1), ('model__max_bins', 240), ('model__max_depth', 25), ('model__max_features', 0.6), ('model__max_iter', 330), ('model__max_leaf_nodes', 80), ('model__min_samples_leaf', 33), ('q', 10)])",-1392.7244026860146,-1371.726037735178,-1384.8777573784118,-1416.5439060596414,-1391.5401250613438,-1391.4824457841182,14.584650444350869,40
58,3.6941596031188966,0.03959722028798644,0.8090736865997314,0.015956412181617762,HistGradientBoostingRegressor(),11,0.2,240,21,0.9,130,60,36,10,"OrderedDict([('model', HistGradientBoostingRegressor()), ('model__l2_regularization', 11), ('model__learning_rate', 0.2), ('model__max_bins', 240), ('model__max_depth', 21), ('model__max_features', 0.9), ('model__max_iter', 130), ('model__max_leaf_nodes', 60), ('model__min_samples_leaf', 36), ('q', 10)])",-1435.2547077003258,-1425.059536279326,-1404.2278748142392,-1423.0259683115514,-1440.6115796130007,-1425.6359333436887,12.507916871746302,89
59,4.746865749359131,0.20661853161896215,0.9739779949188232,0.08578138110231542,HistGradientBoostingRegressor(),3,0.05,240,31,1.0,330,64,54,11,"OrderedDict([('model', HistGradientBoostingRegressor()), ('model__l2_regularization', 3), ('model__learning_rate', 0.05), ('model__max_bins', 240), ('model__max_depth', 31), ('model__max_features', 1.0), ('model__max_iter', 330), ('model__max_leaf_nodes', 64), ('model__min_samples_leaf', 54), ('q', 11)])",-1456.6246596124297,-1450.9752515474402,-1421.044872728474,-1433.6650913098056,-1456.4381539840278,-1443.7496058364354,14.115088086944713,110
60,3.609084892272949,0.07988703982779541,0.7524078369140625,0.020002872005901933,HistGradientBoostingRegressor(),9,0.3,190,23,0.9,110,80,15,11,"OrderedDict([('model', HistGradientBoostingRegressor()), ('model__l2_regularization', 9), ('model__learning_rate', 0.3), ('model__max_bins', 190), ('model__max_depth', 23), ('model__max_features', 0.9), ('model__max_iter', 110), ('model__max_leaf_nodes', 80), ('model__min_samples_leaf', 15), ('q', 11)])",-1437.7544486832955,-1418.0145568334322,-1396.9400909973901,-1396.3850463810006,-1437.244146499838,-1417.2676578789913,18.268114250947033,79
61,4.057543134689331,0.18379337223598505,0.8247524738311768,0.03668733856138614,HistGradientBoostingRegressor(),5,0.2,250,45,0.8,270,76,36,10,"OrderedDict([('model', HistGradientBoostingRegressor()), ('model__l2_regularization', 5), ('model__learning_rate', 0.2), ('model__max_bins', 250), ('model__max_depth', 45), ('model__max_features', 0.8), ('model__max_iter', 270), ('model__max_leaf_nodes', 76), ('model__min_samples_leaf', 36), ('q', 10)])",-1367.7047857772661,-1363.8003184333272,-1356.8748615399843,-1352.9884559570949,-1397.522761560021,-1367.7782366535387,15.736500196842034,2
62,3.503904867172241,0.3064980684112099,0.6942280769348145,0.06729274064034685,HistGradientBoostingRegressor(),5,0.3,240,33,0.6,250,76,24,13,"OrderedDict([('model', HistGradientBoostingRegressor()), ('model__l2_regularization', 5), ('model__learning_rate', 0.3), ('model__max_bins', 240), ('model__max_depth', 33), ('model__max_features', 0.6), ('model__max_iter', 250), ('model__max_leaf_nodes', 76), ('model__min_samples_leaf', 24), ('q', 13)])",-1422.5429865194367,-1400.6112966858423,-1426.6211356208717,-1389.5960005468555,-1441.6604992050038,-1416.206383715602,18.696795551874526,76
63,3.6664469242095947,0.0661282438741931,0.7626447200775146,0.009863554076483354,HistGradientBoostingRegressor(),11,0.4,170,41,0.7,170,72,24,10,"OrderedDict([('model', HistGradientBoostingRegressor()), ('model__l2_regularization', 11), ('model__learning_rate', 0.4), ('model__max_bins', 170), ('model__max_depth', 41), ('model__max_features', 0.7), ('model__max_iter', 170), ('model__max_leaf_nodes', 72), ('model__min_samples_leaf', 24), ('q', 10)])",-1448.313423786375,-1430.5507574022074,-1401.9330813063027,-1412.7437099033868,-1460.2986116554093,-1430.7679168107363,21.61607589021092,98
64,4.007455968856812,0.20039288053490414,0.806888484954834,0.04882816420275076,HistGradientBoostingRegressor(),1,0.2,250,45,0.7,250,76,39,4,"OrderedDict([('model', HistGradientBoostingRegressor()), ('model__l2_regularization', 1), ('model__learning_rate', 0.2), ('model__max_bins', 250), ('model__max_depth', 45), ('model__max_features', 0.7), ('model__max_iter', 250), ('model__max_leaf_nodes', 76), ('model__min_samples_leaf', 39), ('q', 4)])",-1434.7683930089488,-1389.331200079274,-1348.9075147741476,-1360.979401043668,-1398.3797259020623,-1386.4732469616201,30.14456396428351,28
65,3.7430460453033447,0.31466088568826656,0.7659782409667969,0.07326518605895484,HistGradientBoostingRegressor(),3,0.1,210,45,0.6,330,44,21,10,"OrderedDict([('model', HistGradientBoostingRegressor()), ('model__l2_regularization', 3), ('model__learning_rate', 0.1), ('model__max_bins', 210), ('model__max_depth', 45), ('model__max_features', 0.6), ('model__max_iter', 330), ('model__max_leaf_nodes', 44), ('model__min_samples_leaf', 21), ('q', 10)])",-1463.5092053206074,-1444.1936221986302,-1411.118049030943,-1531.881919465385,-1468.7754077677753,-1463.8956407566682,39.54678058885921,121
66,3.924496364593506,0.1913632710565356,0.9071734428405762,0.05132408294571373,HistGradientBoostingRegressor(),9,0.2,240,27,1.0,270,80,24,11,"OrderedDict([('model', HistGradientBoostingRegressor()), ('model__l2_regularization', 9), ('model__learning_rate', 0.2), ('model__max_bins', 240), ('model__max_depth', 27), ('model__max_features', 1.0), ('model__max_iter', 270), ('model__max_leaf_nodes', 80), ('model__min_samples_leaf', 24), ('q', 11)])",-1404.8085780168346,-1380.2433003405067,-1348.9680998480965,-1390.3735824345633,-1411.9097923782442,-1387.260670603649,22.094175428771436,32
67,4.037353467941284,0.21876541808869532,0.7685037136077881,0.04221024874920717,HistGradientBoostingRegressor(),11,0.2,230,17,0.7,270,72,21,8,"OrderedDict([('model', HistGradientBoostingRegressor()), ('model__l2_regularization', 11), ('model__learning_rate', 0.2), ('model__max_bins', 230), ('model__max_depth', 17), ('model__max_features', 0.7), ('model__max_iter', 270), ('model__max_leaf_nodes', 72), ('model__min_samples_leaf', 21), ('q', 8)])",-1413.739338687728,-1422.0397444879436,-1356.0421235498,-1348.5675061593593,-1403.4081852576462,-1388.7593796284955,30.43673466197566,35
68,3.8993273735046388,0.09783302440455705,0.7960025787353515,0.014295520855043129,HistGradientBoostingRegressor(),1,0.2,230,41,0.7,250,76,36,4,"OrderedDict([('model', HistGradientBoostingRegressor()), ('model__l2_regularization', 1), ('model__learning_rate', 0.2), ('model__max_bins', 230), ('model__max_depth', 41), ('model__max_features', 0.7), ('model__max_iter', 250), ('model__max_leaf_nodes', 76), ('model__min_samples_leaf', 36), ('q', 4)])",-1416.8263626966548,-1402.9780628297983,-1382.9594858039964,-1390.1134674053492,-1413.5964355711596,-1401.2947628613915,13.088918951016511,57
69,3.673329973220825,0.18790816983831485,0.7192578315734863,0.025384069605774787,HistGradientBoostingRegressor(),3,0.2,180,41,1.0,250,80,18,10,"OrderedDict([('model', HistGradientBoostingRegressor()), ('model__l2_regularization', 3), ('model__learning_rate', 0.2), ('model__max_bins', 180), ('model__max_depth', 41), ('model__max_features', 1.0), ('model__max_iter', 250), ('model__max_leaf_nodes', 80), ('model__min_samples_leaf', 18), ('q', 10)])",-1449.2832537484267,-1405.286839372702,-1392.3339014617848,-1356.212863367816,-1410.5930918246104,-1402.741989955068,30.0249670163479,59
70,3.832889986038208,0.2538654058032176,0.7207743167877197,0.02917980401709832,HistGradientBoostingRegressor(),7,0.2,180,23,0.9,270,44,33,10,"OrderedDict([('model', HistGradientBoostingRegressor()), ('model__l2_regularization', 7), ('model__learning_rate', 0.2), ('model__max_bins', 180), ('model__max_depth', 23), ('model__max_features', 0.9), ('model__max_iter', 270), ('model__max_leaf_nodes', 44), ('model__min_samples_leaf', 33), ('q', 10)])",-1428.6474685721794,-1487.6723273660664,-1415.1058805136286,-1396.2922116726186,-1425.934628624542,-1430.730503349807,30.65888302916409,97
71,3.5689221382141114,0.07357236978972712,0.7616814136505127,0.023141905724846003,HistGradientBoostingRegressor(),11,0.2,240,39,1.0,110,64,27,13,"OrderedDict([('model', HistGradientBoostingRegressor()), ('model__l2_regularization', 11), ('model__learning_rate', 0.2), ('model__max_bins', 240), ('model__max_depth', 39), ('model__max_features', 1.0), ('model__max_iter', 110), ('model__max_leaf_nodes', 64), ('model__min_samples_leaf', 27), ('q', 13)])",-1440.9254234001812,-1434.2249926225654,-1411.3009341606148,-1425.5501424526612,-1443.058286967888,-1431.0119559207822,11.593707941801144,99
72,4.166678237915039,0.1438885338746167,0.8347770214080811,0.02007937482354573,HistGradientBoostingRegressor(),3,0.2,250,31,0.9,170,80,33,10,"OrderedDict([('model', HistGradientBoostingRegressor()), ('model__l2_regularization', 3), ('model__learning_rate', 0.2), ('model__max_bins', 250), ('model__max_depth', 31), ('model__max_features', 0.9), ('model__max_iter', 170), ('model__max_leaf_nodes', 80), ('model__min_samples_leaf', 33), ('q', 10)])",-1401.352453546144,-1386.641533217478,-1356.9949364702313,-1379.9784978890289,-1414.81980947501,-1387.9574461195784,19.621850241068508,33
73,3.8720027446746825,0.16820774984241196,0.7536730766296387,0.04419252369870159,HistGradientBoostingRegressor(),1,0.2,240,21,1.0,230,72,21,6,"OrderedDict([('model', HistGradientBoostingRegressor()), ('model__l2_regularization', 1), ('model__learning_rate', 0.2), ('model__max_bins', 240), ('model__max_depth', 21), ('model__max_features', 1.0), ('model__max_iter', 230), ('model__max_leaf_nodes', 72), ('model__min_samples_leaf', 21), ('q', 6)])",-1413.6170749742757,-1393.58311913773,-1366.3537477782018,-1363.3722731620574,-1386.8042576384057,-1384.746094538134,18.498547024127507,25
74,4.137488842010498,0.06321504839344146,0.8910912036895752,0.019614487167679686,HistGradientBoostingRegressor(),11,0.2,160,17,0.9,230,76,48,10,"OrderedDict([('model', HistGradientBoostingRegressor()), ('model__l2_regularization', 11), ('model__learning_rate', 0.2), ('model__max_bins', 160), ('model__max_depth', 17), ('model__max_features', 0.9), ('model__max_iter', 230), ('model__max_leaf_nodes', 76), ('model__min_samples_leaf', 48), ('q', 10)])",-1409.981357008185,-1394.9889464025814,-1377.2086419315735,-1374.311351201433,-1419.7899695594374,-1395.256053220642,17.794429271639753,47
75,3.929564619064331,0.19352110176276235,0.759161376953125,0.019475173346595098,HistGradientBoostingRegressor(),3,0.2,250,43,0.8,270,72,18,11,"OrderedDict([('model', HistGradientBoostingRegressor()), ('model__l2_regularization', 3), ('model__learning_rate', 0.2), ('model__max_bins', 250), ('model__max_depth', 43), ('model__max_features', 0.8), ('model__max_iter', 270), ('model__max_leaf_nodes', 72), ('model__min_samples_leaf', 18), ('q', 11)])",-1415.466079761822,-1376.1446700944696,-1354.409431031367,-1334.5747559466404,-1402.8135551762848,-1376.6816984021166,29.854443796885104,11
76,3.9191827297210695,0.14584616978829856,0.7984310150146484,0.014810142254450442,HistGradientBoostingRegressor(),7,0.2,240,41,0.8,230,76,21,10,"OrderedDict([('model', HistGradientBoostingRegressor()), ('model__l2_regularization', 7), ('model__learning_rate', 0.2), ('model__max_bins', 240), ('model__max_depth', 41), ('model__max_features', 0.8), ('model__max_iter', 230), ('model__max_leaf_nodes', 76), ('model__min_samples_leaf', 21), ('q', 10)])",-1385.1255887966045,-1362.953214520853,-1354.6155374327477,-1392.8279429699858,-1410.8843235737565,-1381.2813214587898,20.353987990357556,17
77,4.187832260131836,0.16001828626164014,0.8704349517822265,0.020680537622847998,HistGradientBoostingRegressor(),3,0.1,240,15,0.9,270,52,36,6,"OrderedDict([('model', HistGradientBoostingRegressor()), ('model__l2_regularization', 3), ('model__learning_rate', 0.1), ('model__max_bins', 240), ('model__max_depth', 15), ('model__max_features', 0.9), ('model__max_iter', 270), ('model__max_leaf_nodes', 52), ('model__min_samples_leaf', 36), ('q', 6)])",-1435.687330170501,-1419.0226494419246,-1408.6396074646239,-1410.529091016223,-1432.0170832570566,-1421.1791522700657,10.984192889379896,87
78,3.551174259185791,0.07493199390107717,0.7602184295654297,0.018949115111704294,HistGradientBoostingRegressor(),5,0.2,250,23,0.8,90,76,36,3,"OrderedDict([('model', HistGradientBoostingRegressor()), ('model__l2_regularization', 5), ('model__learning_rate', 0.2), ('model__max_bins', 250), ('model__max_depth', 23), ('model__max_features', 0.8), ('model__max_iter', 90), ('model__max_leaf_nodes', 76), ('model__min_samples_leaf', 36), ('q', 3)])",-1444.1305001338976,-1448.5206930741008,-1415.7504423372259,-1412.6275657257413,-1437.9498528316371,-1431.7958108205205,14.79603967084763,100
79,3.850516700744629,0.1414584878786504,0.8759875774383545,0.04178348081162375,HistGradientBoostingRegressor(),3,0.2,160,31,0.8,270,76,21,13,"OrderedDict([('model', HistGradientBoostingRegressor()), ('model__l2_regularization', 3), ('model__learning_rate', 0.2), ('model__max_bins', 160), ('model__max_depth', 31), ('model__max_features', 0.8), ('model__max_iter', 270), ('model__max_leaf_nodes', 76), ('model__min_samples_leaf', 21), ('q', 13)])",-1429.0001533636155,-1410.5125404214828,-1393.8313792767765,-1392.8771411967466,-1416.4574730590577,-1408.5357374635357,13.761277191032535,63
80,4.590200996398925,0.2810441285495135,0.8446735858917236,0.07240896644996446,HistGradientBoostingRegressor(),5,0.2,240,27,0.7,270,80,18,12,"OrderedDict([('model', HistGradientBoostingRegressor()), ('model__l2_regularization', 5), ('model__learning_rate', 0.2), ('model__max_bins', 240), ('model__max_depth', 27), ('model__max_features', 0.7), ('model__max_iter', 270), ('model__max_leaf_nodes', 80), ('model__min_samples_leaf', 18), ('q', 12)])",-1432.6721208681101,-1392.225451557698,-1346.4536518323173,-1372.6796628771713,-1369.6340603255817,-1382.7329894921756,28.888978317087112,19
81,3.9814786434173586,0.29117187899391606,0.7373908996582031,0.02473614789225812,HistGradientBoostingRegressor(),5,0.2,250,19,1.0,250,72,21,11,"OrderedDict([('model', HistGradientBoostingRegressor()), ('model__l2_regularization', 5), ('model__learning_rate', 0.2), ('model__max_bins', 250), ('model__max_depth', 19), ('model__max_features', 1.0), ('model__max_iter', 250), ('model__max_leaf_nodes', 72), ('model__min_samples_leaf', 21), ('q', 11)])",-1426.8883475348312,-1359.1098425476905,-1324.827212883637,-1379.3123304680548,-1396.378793276645,-1377.3033053421718,34.38409283175386,13
82,4.165671968460083,0.058998581302058074,0.9380704879760742,0.030473470450930577,HistGradientBoostingRegressor(),11,0.2,200,45,0.8,250,68,36,4,"OrderedDict([('model', HistGradientBoostingRegressor()), ('model__l2_regularization', 11), ('model__learning_rate', 0.2), ('model__max_bins', 200), ('model__max_depth', 45), ('model__max_features', 0.8), ('model__max_iter', 250), ('model__max_leaf_nodes', 68), ('model__min_samples_leaf', 36), ('q', 4)])",-1414.6207876485832,-1408.5525032553835,-1404.0813234243587,-1399.4301203298362,-1426.192125186557,-1410.5753719689437,9.281483367562132,67
83,4.5920209884643555,0.09520919606246993,0.932183027267456,0.02243969289482378,HistGradientBoostingRegressor(),7,0.1,170,21,0.7,330,60,54,10,"OrderedDict([('model', HistGradientBoostingRegressor()), ('model__l2_regularization', 7), ('model__learning_rate', 0.1), ('model__max_bins', 170), ('model__max_depth', 21), ('model__max_features', 0.7), ('model__max_iter', 330), ('model__max_leaf_nodes', 60), ('model__min_samples_leaf', 54), ('q', 10)])",-1432.1196294666063,-1404.0333283952261,-1405.4892511869061,-1405.0522945009238,-1438.6729135564253,-1417.0734834212176,15.110730992262619,78
84,3.673151397705078,0.031476251909343535,0.8191192626953125,0.020395832966734723,HistGradientBoostingRegressor(),1,0.2,240,49,0.9,90,76,48,11,"OrderedDict([('model', HistGradientBoostingRegressor()), ('model__l2_regularization', 1), ('model__learning_rate', 0.2), ('model__max_bins', 240), ('model__max_depth', 49), ('model__max_features', 0.9), ('model__max_iter', 90), ('model__max_leaf_nodes', 76), ('model__min_samples_leaf', 48), ('q', 11)])",-1456.8662583426212,-1435.9247119525146,-1415.1188757227653,-1433.4905215329256,-1447.8513313569526,-1437.850339781556,14.149632554701771,105
85,3.445734643936157,0.18151250957828946,0.81694655418396,0.0819280350836478,HistGradientBoostingRegressor(),7,0.3,240,17,0.9,150,44,33,10,"OrderedDict([('model', HistGradientBoostingRegressor()), ('model__l2_regularization', 7), ('model__learning_rate', 0.3), ('model__max_bins', 240), ('model__max_depth', 17), ('model__max_features', 0.9), ('model__max_iter', 150), ('model__max_leaf_nodes', 44), ('model__min_samples_leaf', 33), ('q', 10)])",-1438.056001479524,-1430.2935652382073,-1414.7806364693447,-1415.7845191881825,-1449.1163404713514,-1429.606212569322,13.14042154339346,95
86,4.061773633956909,0.10485543221701907,0.8504347324371337,0.01595509244433342,HistGradientBoostingRegressor(),5,0.2,250,19,1.0,270,76,15,6,"OrderedDict([('model', HistGradientBoostingRegressor()), ('model__l2_regularization', 5), ('model__learning_rate', 0.2), ('model__max_bins', 250), ('model__max_depth', 19), ('model__max_features', 1.0), ('model__max_iter', 270), ('model__max_leaf_nodes', 76), ('model__min_samples_leaf', 15), ('q', 6)])",-1380.1295771694786,-1371.6122743631233,-1351.6322843511796,-1366.4653991785165,-1392.8100761634664,-1372.5299222451529,13.735874090338068,6
87,3.702859354019165,0.21727510563944055,0.7736314296722412,0.06712634273012688,HistGradientBoostingRegressor(),3,0.2,220,21,0.7,190,84,39,12,"OrderedDict([('model', HistGradientBoostingRegressor()), ('model__l2_regularization', 3), ('model__learning_rate', 0.2), ('model__max_bins', 220), ('model__max_depth', 21), ('model__max_features', 0.7), ('model__max_iter', 190), ('model__max_leaf_nodes', 84), ('model__min_samples_leaf', 39), ('q', 12)])",-1424.0495438920057,-1407.3590204866045,-1365.0315462581104,-1395.0900535746346,-1404.7206225977873,-1399.2501573618285,19.48799134202928,53
88,4.246479463577271,0.1845514556144017,0.8620365619659424,0.02936375653365098,HistGradientBoostingRegressor(),9,0.2,240,21,0.7,270,68,48,14,"OrderedDict([('model', HistGradientBoostingRegressor()), ('model__l2_regularization', 9), ('model__learning_rate', 0.2), ('model__max_bins', 240), ('model__max_depth', 21), ('model__max_features', 0.7), ('model__max_iter', 270), ('model__max_leaf_nodes', 68), ('model__min_samples_leaf', 48), ('q', 14)])",-1433.5825741239744,-1402.9860539801375,-1361.7732764545542,-1384.4072381431722,-1393.2229048566867,-1395.194409511705,23.543928887863117,46
89,3.729423761367798,0.19919950202827166,0.7764545440673828,0.0353707300186661,HistGradientBoostingRegressor(),5,0.2,200,31,0.7,270,52,36,14,"OrderedDict([('model', HistGradientBoostingRegressor()), ('model__l2_regularization', 5), ('model__learning_rate', 0.2), ('model__max_bins', 200), ('model__max_depth', 31), ('model__max_features', 0.7), ('model__max_iter', 270), ('model__max_leaf_nodes', 52), ('model__min_samples_leaf', 36), ('q', 14)])",-1423.6897136870293,-1401.7845122010176,-1432.020621061811,-1446.6841270292207,-1466.576069842363,-1434.1510087642882,21.771683378169094,102
90,4.0810606479644775,0.2848092212679876,0.7911637306213379,0.006110001387738683,HistGradientBoostingRegressor(),9,0.2,250,47,0.6,270,64,18,12,"OrderedDict([('model', HistGradientBoostingRegressor()), ('model__l2_regularization', 9), ('model__learning_rate', 0.2), ('model__max_bins', 250), ('model__max_depth', 47), ('model__max_features', 0.6), ('model__max_iter', 270), ('model__max_leaf_nodes', 64), ('model__min_samples_leaf', 18), ('q', 12)])",-1375.6486399616367,-1419.196657379128,-1354.038243645122,-1385.0769376126607,-1389.2793892432596,-1384.6479735683613,21.13380772932366,24
91,3.9887434005737306,0.3147678541261432,0.7564839839935302,0.06253676731467732,HistGradientBoostingRegressor(),7,0.2,240,23,0.8,230,68,36,7,"OrderedDict([('model', HistGradientBoostingRegressor()), ('model__l2_regularization', 7), ('model__learning_rate', 0.2), ('model__max_bins', 240), ('model__max_depth', 23), ('model__max_features', 0.8), ('model__max_iter', 230), ('model__max_leaf_nodes', 68), ('model__min_samples_leaf', 36), ('q', 7)])",-1442.3669577711162,-1386.8557086540777,-1367.8729412556127,-1361.606180444534,-1389.6399005655485,-1389.668337738178,28.451995445729104,36
92,3.53504958152771,0.04790157105897022,0.7850964546203614,0.025318733267769684,HistGradientBoostingRegressor(),9,0.2,200,49,0.7,90,80,36,12,"OrderedDict([('model', HistGradientBoostingRegressor()), ('model__l2_regularization', 9), ('model__learning_rate', 0.2), ('model__max_bins', 200), ('model__max_depth', 49), ('model__max_features', 0.7), ('model__max_iter', 90), ('model__max_leaf_nodes', 80), ('model__min_samples_leaf', 36), ('q', 12)])",-1467.4139553348552,-1459.237705622201,-1432.0042686971433,-1439.0016749829908,-1453.2661015514377,-1450.1847412377258,12.991438077371466,115
93,3.487416124343872,0.08814719978039627,0.7914318561553955,0.04452647658551142,HistGradientBoostingRegressor(),3,0.2,250,45,0.7,50,80,39,12,"OrderedDict([('model', HistGradientBoostingRegressor()), ('model__l2_regularization', 3), ('model__learning_rate', 0.2), ('model__max_bins', 250), ('model__max_depth', 45), ('model__max_features', 0.7), ('model__max_iter', 50), ('model__max_leaf_nodes', 80), ('model__min_samples_leaf', 39), ('q', 12)])",-1500.5903869983727,-1495.6152929735856,-1470.042157807659,-1477.8342749105714,-1495.1814135254908,-1487.852705243136,11.779650386478394,130
94,3.9824169158935545,0.11327528830234834,0.8849693298339844,0.01440020201786306,HistGradientBoostingRegressor(),9,0.2,240,35,0.7,230,48,33,14,"OrderedDict([('model', HistGradientBoostingRegressor()), ('model__l2_regularization', 9), ('model__learning_rate', 0.2), ('model__max_bins', 240), ('model__max_depth', 35), ('model__max_features', 0.7), ('model__max_iter', 230), ('model__max_leaf_nodes', 48), ('model__min_samples_leaf', 33), ('q', 14)])",-1429.9977886490938,-1405.2102729082633,-1399.6678094971162,-1400.163740862888,-1446.801071728823,-1416.368136729237,18.856893934294362,77
95,4.09210958480835,0.18969215903024295,0.7969656944274902,0.021618967920968787,HistGradientBoostingRegressor(),7,0.2,250,49,1.0,270,80,30,8,"OrderedDict([('model', HistGradientBoostingRegressor()), ('model__l2_regularization', 7), ('model__learning_rate', 0.2), ('model__max_bins', 250), ('model__max_depth', 49), ('model__max_features', 1.0), ('model__max_iter', 270), ('model__max_leaf_nodes', 80), ('model__min_samples_leaf', 30), ('q', 8)])",-1374.479435186723,-1398.1077558870466,-1346.5978326548482,-1360.2739620126035,-1377.2121409472268,-1371.3342253376895,17.29440789830414,4
96,4.73968825340271,0.23818419024447499,0.850757360458374,0.024099858202781453,HistGradientBoostingRegressor(),3,0.1,180,39,0.7,330,80,33,7,"OrderedDict([('model', HistGradientBoostingRegressor()), ('model__l2_regularization', 3), ('model__learning_rate', 0.1), ('model__max_bins', 180), ('model__max_depth', 39), ('model__max_features', 0.7), ('model__max_iter', 330), ('model__max_leaf_nodes', 80), ('model__min_samples_leaf', 33), ('q', 7)])",-1430.489195540466,-1400.2256673645206,-1364.0285353451093,-1367.090729638349,-1420.1078494293456,-1396.388395463558,27.002649824243036,49
97,3.9862152576446532,0.37298990561883283,0.8151183605194092,0.09247475740228604,HistGradientBoostingRegressor(),7,0.2,250,21,1.0,330,76,42,7,"OrderedDict([('model', HistGradientBoostingRegressor()), ('model__l2_regularization', 7), ('model__learning_rate', 0.2), ('model__max_bins', 250), ('model__max_depth', 21), ('model__max_features', 1.0), ('model__max_iter', 330), ('model__max_leaf_nodes', 76), ('model__min_samples_leaf', 42), ('q', 7)])",-1401.9729394683793,-1373.5638904588036,-1358.4558779364684,-1395.2107212269905,-1399.0842008666934,-1385.657525991467,16.87552980881244,26
98,3.9801097869873048,0.18380726341411563,0.8020301342010498,0.008735019540608468,HistGradientBoostingRegressor(),5,0.2,250,43,0.8,270,80,36,10,"OrderedDict([('model', HistGradientBoostingRegressor()), ('model__l2_regularization', 5), ('model__learning_rate', 0.2), ('model__max_bins', 250), ('model__max_depth', 43), ('model__max_features', 0.8), ('model__max_iter', 270), ('model__max_leaf_nodes', 80), ('model__min_samples_leaf', 36), ('q', 10)])",-1397.8957193491706,-1394.2105646460234,-1362.7912530194708,-1387.3647367132216,-1417.3736809996901,-1391.9271909455151,17.652647678412002,41
99,4.00365138053894,0.3913111277542333,0.7610737323760987,0.06466101473103673,HistGradientBoostingRegressor(),11,0.2,230,45,0.8,270,80,30,11,"OrderedDict([('model', HistGradientBoostingRegressor()), ('model__l2_regularization', 11), ('model__learning_rate', 0.2), ('model__max_bins', 230), ('model__max_depth', 45), ('model__max_features', 0.8), ('model__max_iter', 270), ('model__max_leaf_nodes', 80), ('model__min_samples_leaf', 30), ('q', 11)])",-1411.178295176027,-1365.9797261293297,-1392.8251197217241,-1361.7520410004138,-1400.1600292475412,-1386.379042255007,19.334382595909723,27
100,4.146019029617309,0.1558668349109987,0.8292967796325683,0.02788527599366832,HistGradientBoostingRegressor(),11,0.2,250,39,0.6,210,76,39,10,"OrderedDict([('model', HistGradientBoostingRegressor()), ('model__l2_regularization', 11), ('model__learning_rate', 0.2), ('model__max_bins', 250), ('model__max_depth', 39), ('model__max_features', 0.6), ('model__max_iter', 210), ('model__max_leaf_nodes', 76), ('model__min_samples_leaf', 39), ('q', 10)])",-1392.9960136466946,-1410.524566466104,-1373.4768227932166,-1391.343032989696,-1413.287276506772,-1396.3255424804966,14.472649085436304,48
101,4.228504610061646,0.22074859917970263,0.860284423828125,0.012545224706713199,HistGradientBoostingRegressor(),3,0.2,250,23,0.8,210,76,54,11,"OrderedDict([('model', HistGradientBoostingRegressor()), ('model__l2_regularization', 3), ('model__learning_rate', 0.2), ('model__max_bins', 250), ('model__max_depth', 23), ('model__max_features', 0.8), ('model__max_iter', 210), ('model__max_leaf_nodes', 76), ('model__min_samples_leaf', 54), ('q', 11)])",-1394.0920583085608,-1408.3103974147584,-1366.8585495696825,-1358.787388486369,-1385.9900527259026,-1382.8076893010546,17.995568628953993,20
102,4.172787237167358,0.13540363374649658,0.8385917663574218,0.02100718156351147,HistGradientBoostingRegressor(),11,0.2,250,45,0.9,270,72,42,7,"OrderedDict([('model', HistGradientBoostingRegressor()), ('model__l2_regularization', 11), ('model__learning_rate', 0.2), ('model__max_bins', 250), ('model__max_depth', 45), ('model__max_features', 0.9), ('model__max_iter', 270), ('model__max_leaf_nodes', 72), ('model__min_samples_leaf', 42), ('q', 7)])",-1405.0557434087523,-1379.6443393666955,-1361.826926245085,-1367.029800919192,-1406.9033991040153,-1384.0920418087478,18.796128849717523,22
103,4.225054216384888,0.17906371280647543,0.8794256210327148,0.04699618021020329,HistGradientBoostingRegressor(),5,0.2,250,15,0.6,230,60,51,11,"OrderedDict([('model', HistGradientBoostingRegressor()), ('model__l2_regularization', 5), ('model__learning_rate', 0.2), ('model__max_bins', 250), ('model__max_depth', 15), ('model__max_features', 0.6), ('model__max_iter', 230), ('model__max_leaf_nodes', 60), ('model__min_samples_leaf', 51), ('q', 11)])",-1426.1084770213083,-1407.9200015751126,-1406.5625227878893,-1384.591136844829,-1442.1042586465112,-1413.45727937513,19.45330574308198,71
104,3.9199777126312254,0.18803490482848312,0.8078955173492431,0.04584290140216583,HistGradientBoostingRegressor(),1,0.2,250,17,0.9,250,84,15,12,"OrderedDict([('model', HistGradientBoostingRegressor()), ('model__l2_regularization', 1), ('model__learning_rate', 0.2), ('model__max_bins', 250), ('model__max_depth', 17), ('model__max_features', 0.9), ('model__max_iter', 250), ('model__max_leaf_nodes', 84), ('model__min_samples_leaf', 15), ('q', 12)])",-1421.5997333141554,-1401.2261036779887,-1367.9937399976438,-1385.4163348721727,-1384.2564280724637,-1392.0984679868848,18.11532386482193,42
105,3.535367822647095,0.0420310999697935,0.8138353824615479,0.02469785209087151,HistGradientBoostingRegressor(),9,0.2,230,17,0.8,70,84,27,14,"OrderedDict([('model', HistGradientBoostingRegressor()), ('model__l2_regularization', 9), ('model__learning_rate', 0.2), ('model__max_bins', 230), ('model__max_depth', 17), ('model__max_features', 0.8), ('model__max_iter', 70), ('model__max_leaf_nodes', 84), ('model__min_samples_leaf', 27), ('q', 14)])",-1473.1334723330478,-1470.8818905582834,-1428.5556287527327,-1438.9265168585573,-1470.746996194739,-1456.448900939472,18.847759638828997,118
106,3.786527156829834,0.4608506377691272,0.7347790241241455,0.0826944256908496,HistGradientBoostingRegressor(),11,0.2,240,17,0.6,330,72,24,7,"OrderedDict([('model', HistGradientBoostingRegressor()), ('model__l2_regularization', 11), ('model__learning_rate', 0.2), ('model__max_bins', 240), ('model__max_depth', 17), ('model__max_features', 0.6), ('model__max_iter', 330), ('model__max_leaf_nodes', 72), ('model__min_samples_leaf', 24), ('q', 7)])",-1440.225504749549,-1375.4608642115231,-1355.6805906512204,-1412.4323090318253,-1466.5818595332262,-1410.0762256354687,40.655934804421,66
107,3.999094343185425,0.10992140050887056,0.8357900619506836,0.03708986050705427,HistGradientBoostingRegressor(),7,0.2,250,27,1.0,190,68,39,10,"OrderedDict([('model', HistGradientBoostingRegressor()), ('model__l2_regularization', 7), ('model__learning_rate', 0.2), ('model__max_bins', 250), ('model__max_depth', 27), ('model__max_features', 1.0), ('model__max_iter', 190), ('model__max_leaf_nodes', 68), ('model__min_samples_leaf', 39), ('q', 10)])",-1402.147348108301,-1384.6255303122978,-1357.5040012364752,-1372.0568635043924,-1404.137623413299,-1384.0942733149532,17.775676813056474,23
108,4.226303243637085,0.23098969564977279,0.8069032192230224,0.03220831334834966,HistGradientBoostingRegressor(),9,0.2,250,33,1.0,270,68,18,11,"OrderedDict([('model', HistGradientBoostingRegressor()), ('model__l2_regularization', 9), ('model__learning_rate', 0.2), ('model__max_bins', 250), ('model__max_depth', 33), ('model__max_features', 1.0), ('model__max_iter', 270), ('model__max_leaf_nodes', 68), ('model__min_samples_leaf', 18), ('q', 11)])",-1450.257753288509,-1373.8734230235086,-1342.790484321808,-1341.002488428835,-1387.882653924387,-1379.1613605974094,39.843846352982574,14
109,3.9259437561035155,0.07056415878186442,0.827617883682251,0.04193796443022461,HistGradientBoostingRegressor(),9,0.1,240,35,1.0,170,64,24,5,"OrderedDict([('model', HistGradientBoostingRegressor()), ('model__l2_regularization', 9), ('model__learning_rate', 0.1), ('model__max_bins', 240), ('model__max_depth', 35), ('model__max_features', 1.0), ('model__max_iter', 170), ('model__max_leaf_nodes', 64), ('model__min_samples_leaf', 24), ('q', 5)])",-1440.0304900184337,-1442.9233367880602,-1411.249017632844,-1425.0709489005042,-1440.220829476289,-1431.8989245632263,12.082665524805554,101
110,4.001852178573609,0.18391901780535289,0.7787945747375489,0.03043646670250425,HistGradientBoostingRegressor(),1,0.2,250,45,1.0,270,48,21,7,"OrderedDict([('model', HistGradientBoostingRegressor()), ('model__l2_regularization', 1), ('model__learning_rate', 0.2), ('model__max_bins', 250), ('model__max_depth', 45), ('model__max_features', 1.0), ('model__max_iter', 270), ('model__max_leaf_nodes', 48), ('model__min_samples_leaf', 21), ('q', 7)])",-1402.099553150058,-1388.1910509065497,-1352.3002680874922,-1401.6926250977053,-1447.3864961294316,-1398.3339986742474,30.507674508902536,52
111,3.801547384262085,0.18636689828002279,0.7812394618988037,0.034920861227411726,HistGradientBoostingRegressor(),7,0.2,250,21,1.0,270,64,36,5,"OrderedDict([('model', HistGradientBoostingRegressor()), ('model__l2_regularization', 7), ('model__learning_rate', 0.2), ('model__max_bins', 250), ('model__max_depth', 21), ('model__max_features', 1.0), ('model__max_iter', 270), ('model__max_leaf_nodes', 64), ('model__min_samples_leaf', 36), ('q', 5)])",-1408.1568015917169,-1401.6812520818733,-1379.8263870914316,-1413.5329256848595,-1394.9126615632354,-1399.6220056026236,11.70163552409721,54
112,3.6260618686676027,0.24381664958007557,0.8504301548004151,0.10861249931019862,HistGradientBoostingRegressor(),11,0.2,250,49,1.0,130,72,54,8,"OrderedDict([('model', HistGradientBoostingRegressor()), ('model__l2_regularization', 11), ('model__learning_rate', 0.2), ('model__max_bins', 250), ('model__max_depth', 49), ('model__max_features', 1.0), ('model__max_iter', 130), ('model__max_leaf_nodes', 72), ('model__min_samples_leaf', 54), ('q', 8)])",-1428.4061984531177,-1417.7618799762804,-1392.058476397718,-1403.7352832079719,-1428.415993644531,-1414.0755663359237,14.256770216568134,73
113,3.274174451828003,0.06731273966058482,0.7472113609313965,0.014433121050734464,HistGradientBoostingRegressor(),9,0.2,250,45,1.0,50,60,15,4,"OrderedDict([('model', HistGradientBoostingRegressor()), ('model__l2_regularization', 9), ('model__learning_rate', 0.2), ('model__max_bins', 250), ('model__max_depth', 45), ('model__max_features', 1.0), ('model__max_iter', 50), ('model__max_leaf_nodes', 60), ('model__min_samples_leaf', 15), ('q', 4)])",-1529.931493401736,-1527.986033504589,-1484.3285427594149,-1492.7979765021241,-1538.2762459292169,-1514.6640584194163,21.755339753169675,134
114,4.4814777851104735,0.22297239730142684,0.8700179576873779,0.027075890302841542,HistGradientBoostingRegressor(),5,0.2,250,17,0.6,310,76,39,11,"OrderedDict([('model', HistGradientBoostingRegressor()), ('model__l2_regularization', 5), ('model__learning_rate', 0.2), ('model__max_bins', 250), ('model__max_depth', 17), ('model__max_features', 0.6), ('model__max_iter', 310), ('model__max_leaf_nodes', 76), ('model__min_samples_leaf', 39), ('q', 11)])",-1384.7385463998373,-1385.4724213487932,-1346.8211017606677,-1370.9067900298112,-1382.386579501281,-1374.065087808078,14.59799178946792,8
115,4.218440246582031,0.2537768646042578,0.825105619430542,0.044381584736495866,HistGradientBoostingRegressor(),5,0.2,250,23,0.6,270,76,48,12,"OrderedDict([('model', HistGradientBoostingRegressor()), ('model__l2_regularization', 5), ('model__learning_rate', 0.2), ('model__max_bins', 250), ('model__max_depth', 23), ('model__max_features', 0.6), ('model__max_iter', 270), ('model__max_leaf_nodes', 76), ('model__min_samples_leaf', 48), ('q', 12)])",-1393.880802432079,-1398.8203991491516,-1364.096286624009,-1350.614893282655,-1442.1354515162648,-1389.909566600832,31.727317820060687,38
116,3.6346731662750242,0.0779401055369629,0.8045666694641114,0.039600515733786125,HistGradientBoostingRegressor(),1,0.2,250,47,0.6,150,48,45,4,"OrderedDict([('model', HistGradientBoostingRegressor()), ('model__l2_regularization', 1), ('model__learning_rate', 0.2), ('model__max_bins', 250), ('model__max_depth', 47), ('model__max_features', 0.6), ('model__max_iter', 150), ('model__max_leaf_nodes', 48), ('model__min_samples_leaf', 45), ('q', 4)])",-1454.562563232436,-1431.3456662608066,-1417.1576999944589,-1462.6938492625657,-1457.766676394915,-1444.7052910290363,17.48544066385067,112
117,4.001773166656494,0.22254641038365996,0.8001205921173096,0.046776956576945174,HistGradientBoostingRegressor(),3,0.2,180,21,0.6,270,76,36,11,"OrderedDict([('model', HistGradientBoostingRegressor()), ('model__l2_regularization', 3), ('model__learning_rate', 0.2), ('model__max_bins', 180), ('model__max_depth', 21), ('model__max_features', 0.6), ('model__max_iter', 270), ('model__max_leaf_nodes', 76), ('model__min_samples_leaf', 36), ('q', 11)])",-1409.378655307558,-1401.6210381223466,-1409.4276826824623,-1412.4354322287547,-1461.1271001480768,-1418.7979816978398,21.465367028777646,82
118,4.126182985305786,0.16545289734908245,0.7860555648803711,0.022968093352358776,HistGradientBoostingRegressor(),5,0.2,250,15,1.0,290,76,18,10,"OrderedDict([('model', HistGradientBoostingRegressor()), ('model__l2_regularization', 5), ('model__learning_rate', 0.2), ('model__max_bins', 250), ('model__max_depth', 15), ('model__max_features', 1.0), ('model__max_iter', 290), ('model__max_leaf_nodes', 76), ('model__min_samples_leaf', 18), ('q', 10)])",-1361.57268472068,-1371.5423448692206,-1339.0114711887995,-1367.8369879447223,-1398.4677969809914,-1367.6862571408826,19.0893396659335,1
119,4.1459191799163815,0.3850719957720894,0.78371262550354,0.027260058057567215,HistGradientBoostingRegressor(),9,0.2,250,33,0.9,310,72,39,7,"OrderedDict([('model', HistGradientBoostingRegressor()), ('model__l2_regularization', 9), ('model__learning_rate', 0.2), ('model__max_bins', 250), ('model__max_depth', 33), ('model__max_features', 0.9), ('model__max_iter', 310), ('model__max_leaf_nodes', 72), ('model__min_samples_leaf', 39), ('q', 7)])",-1421.8875570069665,-1376.2781035426287,-1341.2672660217922,-1406.379678137104,-1386.6098031622405,-1386.4844815741465,27.560765724890235,29
120,4.28461217880249,0.3145776339378523,0.8390225887298584,0.040783558049559465,HistGradientBoostingRegressor(),11,0.2,250,37,0.6,270,80,30,7,"OrderedDict([('model', HistGradientBoostingRegressor()), ('model__l2_regularization', 11), ('model__learning_rate', 0.2), ('model__max_bins', 250), ('model__max_depth', 37), ('model__max_features', 0.6), ('model__max_iter', 270), ('model__max_leaf_nodes', 80), ('model__min_samples_leaf', 30), ('q', 7)])",-1414.73465659905,-1395.090354709968,-1333.2503192068089,-1348.9635122100735,-1382.282433985009,-1374.8642553421819,29.854117109271495,9
121,3.804629373550415,0.409850368746893,0.775719404220581,0.07964297077429783,HistGradientBoostingRegressor(),5,0.2,190,45,1.0,250,76,39,12,"OrderedDict([('model', HistGradientBoostingRegressor()), ('model__l2_regularization', 5), ('model__learning_rate', 0.2), ('model__max_bins', 190), ('model__max_depth', 45), ('model__max_features', 1.0), ('model__max_iter', 250), ('model__max_leaf_nodes', 76), ('model__min_samples_leaf', 39), ('q', 12)])",-1430.9300826616056,-1390.0258467917026,-1361.8290260152244,-1386.6508879570451,-1444.5981634876223,-1402.80680138264,30.466313559138932,60
122,4.089208602905273,0.3389837346749481,0.8302701950073242,0.01365890445099564,HistGradientBoostingRegressor(),7,0.2,240,25,0.8,250,76,51,6,"OrderedDict([('model', HistGradientBoostingRegressor()), ('model__l2_regularization', 7), ('model__learning_rate', 0.2), ('model__max_bins', 240), ('model__max_depth', 25), ('model__max_features', 0.8), ('model__max_iter', 250), ('model__max_leaf_nodes', 76), ('model__min_samples_leaf', 51), ('q', 6)])",-1433.8921863450962,-1381.5607349634233,-1369.5623139545492,-1423.5199533046539,-1393.532699923558,-1400.4135776982562,24.532828876061757,56
123,3.930852699279785,0.38827249258749724,0.7480325698852539,0.08220416228095158,HistGradientBoostingRegressor(),5,0.2,250,45,0.7,310,80,21,8,"OrderedDict([('model', HistGradientBoostingRegressor()), ('model__l2_regularization', 5), ('model__learning_rate', 0.2), ('model__max_bins', 250), ('model__max_depth', 45), ('model__max_features', 0.7), ('model__max_iter', 310), ('model__max_leaf_nodes', 80), ('model__min_samples_leaf', 21), ('q', 8)])",-1374.294982754254,-1385.37969651217,-1337.0746803986979,-1381.4809430239256,-1400.2306151337552,-1375.6921835645605,21.084382788852405,10
124,4.121495389938355,0.03925368498397209,0.8912437915802002,0.01113094970329362,HistGradientBoostingRegressor(),11,0.2,250,29,0.9,190,84,30,7,"OrderedDict([('model', HistGradientBoostingRegressor()), ('model__l2_regularization', 11), ('model__learning_rate', 0.2), ('model__max_bins', 250), ('model__max_depth', 29), ('model__max_features', 0.9), ('model__max_iter', 190), ('model__max_leaf_nodes', 84), ('model__min_samples_leaf', 30), ('q', 7)])",-1380.767175714861,-1380.475321103937,-1343.5796913215231,-1364.407497275956,-1392.4458598420592,-1372.3351090516674,16.92055658140827,5
125,3.244918203353882,0.23497119790887352,0.7729238033294678,0.10766379125986407,HistGradientBoostingRegressor(),1,0.1,180,17,0.9,50,72,48,14,"OrderedDict([('model', HistGradientBoostingRegressor()), ('model__l2_regularization', 1), ('model__learning_rate', 0.1), ('model__max_bins', 180), ('model__max_depth', 17), ('model__max_features', 0.9), ('model__max_iter', 50), ('model__max_leaf_nodes', 72), ('model__min_samples_leaf', 48), ('q', 14)])",-1592.9977075697418,-1610.593023989065,-1580.8224283027532,-1581.62529706381,-1613.6828078622275,-1595.9442529575194,13.940064787078393,140
126,3.3364704132080076,0.056010062542585226,0.7602306365966797,0.024461975650845378,HistGradientBoostingRegressor(),9,0.2,240,37,0.7,50,64,30,14,"OrderedDict([('model', HistGradientBoostingRegressor()), ('model__l2_regularization', 9), ('model__learning_rate', 0.2), ('model__max_bins', 240), ('model__max_depth', 37), ('model__max_features', 0.7), ('model__max_iter', 50), ('model__max_leaf_nodes', 64), ('model__min_samples_leaf', 30), ('q', 14)])",-1523.5514892527092,-1529.006111951992,-1504.526399254247,-1521.4453097546532,-1535.0888299492206,-1522.7236280325644,10.255012527222235,136
127,3.8389761447906494,0.2899971940440093,0.7839855670928955,0.08917872658877261,HistGradientBoostingRegressor(),5,0.2,250,47,1.0,270,68,30,10,"OrderedDict([('model', HistGradientBoostingRegressor()), ('model__l2_regularization', 5), ('model__learning_rate', 0.2), ('model__max_bins', 250), ('model__max_depth', 47), ('model__max_features', 1.0), ('model__max_iter', 270), ('model__max_leaf_nodes', 68), ('model__min_samples_leaf', 30), ('q', 10)])",-1380.7694895782472,-1386.1774443629106,-1347.7033592274684,-1373.9019186044115,-1396.3206799211264,-1376.974578338833,16.368330684059522,12
128,3.7191901206970215,0.2028720588446142,0.7458412170410156,0.025846528523251214,HistGradientBoostingRegressor(),3,0.2,250,17,0.7,190,88,21,12,"OrderedDict([('model', HistGradientBoostingRegressor()), ('model__l2_regularization', 3), ('model__learning_rate', 0.2), ('model__max_bins', 250), ('model__max_depth', 17), ('model__max_features', 0.7), ('model__max_iter', 190), ('model__max_leaf_nodes', 88), ('model__min_samples_leaf', 21), ('q', 12)])",-1382.985982430272,-1396.2256847878443,-1337.1241653788466,-1404.8560695852432,-1381.6520752115282,-1380.5687954787468,23.364340515480674,15
129,4.292366695404053,0.07228649615431045,0.8268491744995117,0.022199474260810488,HistGradientBoostingRegressor(),1,0.1,240,19,0.6,230,80,15,14,"OrderedDict([('model', HistGradientBoostingRegressor()), ('model__l2_regularization', 1), ('model__learning_rate', 0.1), ('model__max_bins', 240), ('model__max_depth', 19), ('model__max_features', 0.6), ('model__max_iter', 230), ('model__max_leaf_nodes', 80), ('model__min_samples_leaf', 15), ('q', 14)])",-1400.810266892413,-1391.331711724019,-1355.8746172622778,-1368.066821408097,-1395.4315168290323,-1382.3029868231677,17.30619953880026,18
130,3.5097578525543214,0.06146187391045529,0.7739161491394043,0.0265641994929158,HistGradientBoostingRegressor(),11,0.01,160,33,1.0,50,48,36,12,"OrderedDict([('model', HistGradientBoostingRegressor()), ('model__l2_regularization', 11), ('model__learning_rate', 0.01), ('model__max_bins', 160), ('model__max_depth', 33), ('model__max_features', 1.0), ('model__max_iter', 50), ('model__max_leaf_nodes', 48), ('model__min_samples_leaf', 36), ('q', 12)])",-4622.457535911939,-4643.0568553908115,-4662.288792873506,-4617.8669476736995,-4683.891551616056,-4645.912336693202,24.72017144598324,150
131,4.345843267440796,0.08888874131499577,0.9308096885681152,0.04549786689165298,HistGradientBoostingRegressor(),1,0.1,220,31,0.9,190,80,51,14,"OrderedDict([('model', HistGradientBoostingRegressor()), ('model__l2_regularization', 1), ('model__learning_rate', 0.1), ('model__max_bins', 220), ('model__max_depth', 31), ('model__max_features', 0.9), ('model__max_iter', 190), ('model__max_leaf_nodes', 80), ('model__min_samples_leaf', 51), ('q', 14)])",-1440.1062036453686,-1415.143230347383,-1392.6193008383902,-1416.1999820159906,-1436.7273809005114,-1420.1592195495286,17.156159111007465,84
132,4.706047201156617,0.0722921007424272,0.9800108432769775,0.043421117313174426,HistGradientBoostingRegressor(),3,0.05,240,19,0.6,230,76,42,14,"OrderedDict([('model', HistGradientBoostingRegressor()), ('model__l2_regularization', 3), ('model__learning_rate', 0.05), ('model__max_bins', 240), ('model__max_depth', 19), ('model__max_features', 0.6), ('model__max_iter', 230), ('model__max_leaf_nodes', 76), ('model__min_samples_leaf', 42), ('q', 14)])",-1464.0954151866465,-1464.423944740548,-1433.9219722240948,-1457.2862962916925,-1469.5593691063048,-1457.8573995098573,12.587289513827644,119
133,4.145217990875244,0.05503918144526757,0.8740717887878418,0.03039230766844539,HistGradientBoostingRegressor(),7,0.05,170,25,0.9,170,64,27,7,"OrderedDict([('model', HistGradientBoostingRegressor()), ('model__l2_regularization', 7), ('model__learning_rate', 0.05), ('model__max_bins', 170), ('model__max_depth', 25), ('model__max_features', 0.9), ('model__max_iter', 170), ('model__max_leaf_nodes', 64), ('model__min_samples_leaf', 27), ('q', 7)])",-1520.7335855346387,-1532.349106896987,-1499.6390516838974,-1505.996649077998,-1542.1351629814951,-1520.1707112350032,15.833637427035836,135
134,5.0224474430084225,0.12377083082218107,1.0666215419769287,0.06849386344200215,HistGradientBoostingRegressor(),9,0.2,250,29,0.8,190,68,21,9,"OrderedDict([('model', HistGradientBoostingRegressor()), ('model__l2_regularization', 9), ('model__learning_rate', 0.2), ('model__max_bins', 250), ('model__max_depth', 29), ('model__max_features', 0.8), ('model__max_iter', 190), ('model__max_leaf_nodes', 68), ('model__min_samples_leaf', 21), ('q', 9)])",-1402.0291681852182,-1379.4395334038966,-1376.504931453767,-1369.3519153747711,-1406.4435008134535,-1386.7538098462214,14.713154536967362,31
135,3.7154552936553955,0.16097295936430409,0.750120210647583,0.026053827320260816,HistGradientBoostingRegressor(),5,0.2,170,39,0.7,230,40,24,6,"OrderedDict([('model', HistGradientBoostingRegressor()), ('model__l2_regularization', 5), ('model__learning_rate', 0.2), ('model__max_bins', 170), ('model__max_depth', 39), ('model__max_features', 0.7), ('model__max_iter', 230), ('model__max_leaf_nodes', 40), ('model__min_samples_leaf', 24), ('q', 6)])",-1457.8868484115778,-1458.1679808955996,-1399.6019936254181,-1410.3383648457354,-1468.27406538074,-1438.853850631814,28.123587524604666,107
136,3.5612855434417723,0.05228635695617893,0.7377053737640381,0.022376273789633114,HistGradientBoostingRegressor(),3,0.05,180,19,0.9,50,88,18,4,"OrderedDict([('model', HistGradientBoostingRegressor()), ('model__l2_regularization', 3), ('model__learning_rate', 0.05), ('model__max_bins', 180), ('model__max_depth', 19), ('model__max_features', 0.9), ('model__max_iter', 50), ('model__max_leaf_nodes', 88), ('model__min_samples_leaf', 18), ('q', 4)])",-1805.56159462915,-1825.9761794395856,-1814.5296138121507,-1807.1952692487482,-1837.2212517238204,-1818.096781770691,11.971038700101982,142
137,4.036706018447876,0.24605437701973124,0.779980993270874,0.028627066779292262,HistGradientBoostingRegressor(),1,0.2,250,29,0.6,330,88,30,10,"OrderedDict([('model', HistGradientBoostingRegressor()), ('model__l2_regularization', 1), ('model__learning_rate', 0.2), ('model__max_bins', 250), ('model__max_depth', 29), ('model__max_features', 0.6), ('model__max_iter', 330), ('model__max_leaf_nodes', 88), ('model__min_samples_leaf', 30), ('q', 10)])",-1429.5432255688702,-1372.7444311842078,-1366.41635445022,-1342.1062892329626,-1394.32530117595,-1381.0271203224422,29.419594129506272,16
138,3.741997814178467,0.060002062390230086,0.8636087894439697,0.018126694812219988,HistGradientBoostingRegressor(),3,0.2,250,37,0.7,110,76,39,11,"OrderedDict([('model', HistGradientBoostingRegressor()), ('model__l2_regularization', 3), ('model__learning_rate', 0.2), ('model__max_bins', 250), ('model__max_depth', 37), ('model__max_features', 0.7), ('model__max_iter', 110), ('model__max_leaf_nodes', 76), ('model__min_samples_leaf', 39), ('q', 11)])",-1437.8538249307012,-1422.1031643454874,-1384.28906986912,-1394.0754267348716,-1429.8617151132821,-1413.6366401986925,20.810228638258188,72
139,3.8006052017211913,0.24678072809839205,0.7095157623291015,0.03644299881549964,HistGradientBoostingRegressor(),1,0.2,240,21,0.6,230,80,21,5,"OrderedDict([('model', HistGradientBoostingRegressor()), ('model__l2_regularization', 1), ('model__learning_rate', 0.2), ('model__max_bins', 240), ('model__max_depth', 21), ('model__max_features', 0.6), ('model__max_iter', 230), ('model__max_leaf_nodes', 80), ('model__min_samples_leaf', 21), ('q', 5)])",-1438.9897531817778,-1421.4383111366544,-1358.7945143894194,-1339.7903702700896,-1407.8830828069565,-1393.3792063569795,37.80439669247126,43
140,4.38123664855957,0.22219821303785683,0.8578260898590088,0.02750164579112328,HistGradientBoostingRegressor(),3,0.3,240,47,0.6,230,64,15,5,"OrderedDict([('model', HistGradientBoostingRegressor()), ('model__l2_regularization', 3), ('model__learning_rate', 0.3), ('model__max_bins', 240), ('model__max_depth', 47), ('model__max_features', 0.6), ('model__max_iter', 230), ('model__max_leaf_nodes', 64), ('model__min_samples_leaf', 15), ('q', 5)])",-1433.3766995351227,-1393.4759710731576,-1452.2452086964827,-1359.054092165042,-1419.0788806213056,-1411.4461704182222,32.47037365048687,68
141,4.052336931228638,0.2619032432154504,0.8353206634521484,0.01746936346126023,HistGradientBoostingRegressor(),1,0.2,250,41,0.8,270,76,48,14,"OrderedDict([('model', HistGradientBoostingRegressor()), ('model__l2_regularization', 1), ('model__learning_rate', 0.2), ('model__max_bins', 250), ('model__max_depth', 41), ('model__max_features', 0.8), ('model__max_iter', 270), ('model__max_leaf_nodes', 76), ('model__min_samples_leaf', 48), ('q', 14)])",-1383.815775706943,-1381.1134147372404,-1390.908962034783,-1354.4488307483946,-1423.0010156888159,-1386.6575997832354,21.977883043298018,30
142,4.753603267669678,0.10960219086268738,0.9105481624603271,0.03570045747386897,HistGradientBoostingRegressor(),5,0.2,250,45,0.8,250,56,45,8,"OrderedDict([('model', HistGradientBoostingRegressor()), ('model__l2_regularization', 5), ('model__learning_rate', 0.2), ('model__max_bins', 250), ('model__max_depth', 45), ('model__max_features', 0.8), ('model__max_iter', 250), ('model__max_leaf_nodes', 56), ('model__min_samples_leaf', 45), ('q', 8)])",-1411.2582074366148,-1398.9434955073339,-1372.9463925417097,-1375.5189018902245,-1389.9230375536047,-1389.7180069858973,14.366861508571661,37
143,3.8125242233276366,0.21255804070112957,0.719016170501709,0.02140964824665425,HistGradientBoostingRegressor(),7,0.2,250,35,0.9,170,88,27,13,"OrderedDict([('model', HistGradientBoostingRegressor()), ('model__l2_regularization', 7), ('model__learning_rate', 0.2), ('model__max_bins', 250), ('model__max_depth', 35), ('model__max_features', 0.9), ('model__max_iter', 170), ('model__max_leaf_nodes', 88), ('model__min_samples_leaf', 27), ('q', 13)])",-1392.8678199684514,-1387.223797656408,-1352.8632732222666,-1447.0130724086023,-1395.0309181439345,-1394.9997762799326,30.15254521655064,45
144,3.8899723052978517,0.14668440093702925,0.7578446388244628,0.017822092522804606,HistGradientBoostingRegressor(),3,0.2,230,47,0.8,230,56,27,10,"OrderedDict([('model', HistGradientBoostingRegressor()), ('model__l2_regularization', 3), ('model__learning_rate', 0.2), ('model__max_bins', 230), ('model__max_depth', 47), ('model__max_features', 0.8), ('model__max_iter', 230), ('model__max_leaf_nodes', 56), ('model__min_samples_leaf', 27), ('q', 10)])",-1400.5300501217557,-1415.25928272772,-1364.7447206823665,-1394.1780614523575,-1414.7877601696887,-1397.8999750307776,18.474759414901133,50
145,3.972823429107666,0.16569159935661634,0.7609368324279785,0.017541439261974576,HistGradientBoostingRegressor(),3,0.3,250,17,0.7,230,80,33,3,"OrderedDict([('model', HistGradientBoostingRegressor()), ('model__l2_regularization', 3), ('model__learning_rate', 0.3), ('model__max_bins', 250), ('model__max_depth', 17), ('model__max_features', 0.7), ('model__max_iter', 230), ('model__max_leaf_nodes', 80), ('model__min_samples_leaf', 33), ('q', 3)])",-1433.6559388265944,-1409.3512317040042,-1385.4647452622235,-1392.4824456760061,-1412.9040920932437,-1406.7716907124145,16.883078055944708,62
146,4.3990425109863285,0.31637865850944447,0.7593039989471435,0.009347031412517675,HistGradientBoostingRegressor(),3,0.2,250,19,0.8,330,84,21,7,"OrderedDict([('model', HistGradientBoostingRegressor()), ('model__l2_regularization', 3), ('model__learning_rate', 0.2), ('model__max_bins', 250), ('model__max_depth', 19), ('model__max_features', 0.8), ('model__max_iter', 330), ('model__max_leaf_nodes', 84), ('model__min_samples_leaf', 21), ('q', 7)])",-1388.5747123573317,-1382.5829670209648,-1324.5115507814137,-1396.2891569516978,-1373.263440769112,-1373.0443655761042,25.40857737300486,7
147,3.766567516326904,0.0751302586372278,0.7653156280517578,0.014570497930906118,HistGradientBoostingRegressor(),3,0.3,240,35,0.9,330,72,33,14,"OrderedDict([('model', HistGradientBoostingRegressor()), ('model__l2_regularization', 3), ('model__learning_rate', 0.3), ('model__max_bins', 240), ('model__max_depth', 35), ('model__max_features', 0.9), ('model__max_iter', 330), ('model__max_leaf_nodes', 72), ('model__min_samples_leaf', 33), ('q', 14)])",-1447.0019983662376,-1409.3670397754895,-1381.571687052156,-1389.9768537809332,-1421.49891388392,-1409.8832985717472,23.284332963194682,65
148,4.053551435470581,0.24378924167516525,0.778461217880249,0.029773412686313627,HistGradientBoostingRegressor(),11,0.4,250,33,0.7,230,80,39,7,"OrderedDict([('model', HistGradientBoostingRegressor()), ('model__l2_regularization', 11), ('model__learning_rate', 0.4), ('model__max_bins', 250), ('model__max_depth', 33), ('model__max_features', 0.7), ('model__max_iter', 230), ('model__max_leaf_nodes', 80), ('model__min_samples_leaf', 39), ('q', 7)])",-1420.6523522350733,-1433.0911315776218,-1405.0754609939008,-1415.7414426224702,-1412.1296589332544,-1417.3380092724642,9.372211694610487,80
149,3.8745806217193604,0.2682158589646533,0.731137752532959,0.04075968882821337,HistGradientBoostingRegressor(),3,0.2,250,19,1.0,310,88,18,8,"OrderedDict([('model', HistGradientBoostingRegressor()), ('model__l2_regularization', 3), ('model__learning_rate', 0.2), ('model__max_bins', 250), ('model__max_depth', 19), ('model__max_features', 1.0), ('model__max_iter', 310), ('model__max_leaf_nodes', 88), ('model__min_samples_leaf', 18), ('q', 8)])",-1360.1438516254311,-1378.733458997526,-1366.495355173193,-1330.5349417205214,-1407.899769742185,-1368.7614754517715,25.18695360076528,3
